Time,Day_of_week,Age_band_of_driver,Sex_of_driver,Educational_level,Vehicle_driver_relation,Driving_experience,Type_of_vehicle,Owner_of_vehicle,Service_year_of_vehicle,Defect_of_vehicle,Area_accident_occured,Lanes_or_Medians,Road_allignment,Types_of_Junction,Road_surface_type,Road_surface_conditions,Light_conditions,Weather_conditions,Type_of_collision,Number_of_vehicles_involved,Number_of_casualties,Vehicle_movement,Casualty_class,Sex_of_casualty,Age_band_of_casualty,Casualty_severity,Work_of_casuality,Fitness_of_casuality,Pedestrian_movement,Cause_of_accident,Accident_severity
01:10:00,Friday,31-50,Male,Junior high school,Unknown,,,Governmental,,,Residential areas,Two-way (divided with broken lines road marking),Tangent road with flat terrain,No junction,Asphalt roads,Wet or damp,Darkness - lights lit,Normal,Vehicle with vehicle collision,1,1,Going straight,Passenger,Female,18-30,3,Driver,Normal,Not a Pedestrian,No priority to pedestrian,Serious Injury
18:30:00,Thursday,18-30,Male,Junior high school,Employee,2-5yr,Public (> 45 seats),Owner,5-10yrs,,Other,One way,Tangent road with flat terrain,,Asphalt roads,Dry,Darkness - lights lit,Normal,Vehicle with vehicle collision,2,2,Getting off,Driver or rider,Male,18-30,3,Other,Normal,Not a Pedestrian,Overtaking,Slight Injury
23:01:00,Wednesday,18-30,Male,Junior high school,Owner,5-10yr,Automobile,Owner,,,Office areas,Undivided Two way,Tangent road with flat terrain,Crossing,Asphalt roads,Dry,Darkness - lights lit,Normal,Vehicle with vehicle collision,2,1,Going straight,Driver or rider,Male,31-50,3,Self-employed,Normal,Not a Pedestrian,No priority to vehicle,Slight Injury
11:45:00,Saturday,Unknown,Male,Elementary school,Employee,5-10yr,Automobile,Owner,1-2yr,,Office areas,Undivided Two way,Tangent road with mountainous terrain and,,Asphalt roads,Dry,Daylight,Normal,Vehicle with vehicle collision,1,2,Entering a junction,na,na,na,na,Driver,Normal,Not a Pedestrian,No distancing,Serious Injury
14:35:00,Wednesday,Unknown,Male,Unknown,Employee,Below 1yr,Other,Owner,Unknown,No defect,Office areas,Undivided Two way,Tangent road with flat terrain,No junction,Asphalt roads,Dry,Daylight,Normal,Vehicle with vehicle collision,2,1,Other,Driver or rider,Male,18-30,3,Driver,Normal,Not a Pedestrian,Driving carelessly,Slight Injury
17:41:00,Wednesday,Over 51,Male,Junior high school,Employee,1-2yr,Automobile,Governmental,Unknown,,Office areas,One way,Tangent road with flat terrain,Crossing,Asphalt roads,Wet or damp,Darkness - lights unlit,Normal,Rollover,2,1,Other,Driver or rider,Male,Under 18,3,Driver,Normal,Not a Pedestrian,Changing lane to the right,Slight Injury
10:40:00,Wednesday,Unknown,Female,Junior high school,Employee,2-5yr,Automobile,Owner,Unknown,7,Other,other,Tangent road with flat terrain,No junction,Asphalt roads,Dry,Daylight,Unknown,Vehicle with vehicle collision,3,3,Going straight,Pedestrian,Male,18-30,3,Driver,Normal,Not a Pedestrian,Changing lane to the left,Slight Injury
13:00:00,Friday,Over 51,Male,Elementary school,Employee,5-10yr,Lorry (41?100Q),Owner,2-5yrs,No defect,Office areas,Double carriageway (median),Tangent road with flat terrain,No junction,Asphalt roads,Dry,Daylight,Normal,Vehicle with vehicle collision,3,2,Turnover,Driver or rider,Male,18-30,3,Employee,Normal,Not a Pedestrian,Changing lane to the right,Fatal injury
15:30:00,Tuesday,31-50,Male,Junior high school,Owner,5-10yr,Lorry (41?100Q),Owner,2-5yrs,No defect,Office areas,Double carriageway (median),Escarpments,Crossing,Asphalt roads,Dry,Daylight,Normal,Vehicle with vehicle collision,2,2,Moving Backward,na,na,na,na,Self-employed,Normal,Not a Pedestrian,No distancing,Slight Injury
14:30:00,Friday,31-50,Male,Junior high school,Employee,Above 10yr,Automobile,Owner,,No defect, Outside rural areas,Undivided Two way,Tangent road with flat terrain,Y Shape,,Wet or damp,Daylight,Other,Rollover,2,1,Going straight,Driver or rider,Male,18-30,3,Employee,Normal,Not a Pedestrian,Moving Backward,Serious Injury
11:16:00,Sunday,18-30,Male,Junior high school,Owner,2-5yr,Public (12 seats),Owner,,No defect,Other,Two-way (divided with broken lines road marking),Tangent road with flat terrain,No junction,Asphalt roads,Dry,Daylight,Normal,Vehicle with vehicle collision,2,5,Going straight,Driver or rider,Male,31-50,3,Driver,,Not a Pedestrian,Changing lane to the right,Fatal injury
09:24:00,Tuesday,18-30,Male,Junior high school,Employee,5-10yr,Long lorry,Owner,,No defect,Other,Two-way (divided with broken lines road marking),Tangent road with flat terrain,Y Shape,Asphalt roads,Dry,Daylight,Normal,Collision with roadside objects,6,2,Going straight,Driver or rider,Male,18-30,3,Driver,Normal,Not a Pedestrian,No priority to vehicle,Serious Injury
19:28:00,Friday,31-50,Male,Junior high school,Employee,Above 10yr,Automobile,Owner,Above 10yr,No defect,School areas,Undivided Two way,Tangent road with flat terrain,Other,Asphalt roads,Dry,Daylight,Normal,Vehicle with vehicle collision,2,1,Going straight,Driver or rider,Male,31-50,3,Driver,Normal,Not a Pedestrian,Overturning,Serious Injury
11:15:00,Wednesday,Over 51,Male,Junior high school,Employee,Below 1yr,Stationwagen,Owner,Unknown,No defect,Office areas,Double carriageway (median),Tangent road with mild grade and flat terrain,Y Shape,Asphalt roads,Wet or damp,Daylight,Normal,Vehicle with vehicle collision,2,1,Going straight,na,na,na,na,Self-employed,Normal,Not a Pedestrian,Other,Serious Injury
18:00:00,Saturday,31-50,Male,Junior high school,Owner,5-10yr,Other,Owner,,,Residential areas,Two-way (divided with broken lines road marking),Tangent road with flat terrain,Y Shape,Asphalt roads,Dry,Daylight,Normal,Vehicle with vehicle collision,2,2,Going straight,Driver or rider,Male,5,3,,,Not a Pedestrian,No distancing,Slight Injury
16:50:00,Tuesday,31-50,Male,Junior high school,Employee,5-10yr,Long lorry,Owner,2-5yrs,,Office areas,Two-way (divided with broken lines road marking),Tangent road with flat terrain,No junction,Asphalt roads,Dry,Daylight,Normal,Collision with animals,3,2,Going straight,Driver or rider,Male,31-50,3,Driver,Normal,Not a Pedestrian,Driving carelessly,Slight Injury
08:10:00,Monday,18-30,Male,Junior high school,Employee,Below 1yr,Lorry (41?100Q),Owner,5-10yrs,No defect, Industrial areas,Two-way (divided with broken lines road marking),Tangent road with mild grade and flat terrain,Other,Asphalt roads,Dry,Daylight,Unknown,Collision with roadside objects,2,2,Other,Driver or rider,Male,Under 18,3,,Normal,Not a Pedestrian,Overtaking,Slight Injury
13:44:00,Saturday,Under 18,Male,Elementary school,Employee,2-5yr,Other,Owner,Unknown,, Church areas,other,Tangent road with flat terrain,Y Shape,Asphalt roads,Dry,Daylight,Normal,Collision with roadside objects,1,1,Going straight,Driver or rider,Male,18-30,3,Driver,Normal,Not a Pedestrian,Moving Backward,Fatal injury
13:56:00,Sunday,31-50,Male,Elementary school,Employee,5-10yr,Lorry (11?40Q),Owner,,7, Outside rural areas,other,Tangent road with flat terrain,Unknown,Asphalt roads,Dry,Daylight,Normal,Vehicle with vehicle collision,4,3,Going straight,na,na,na,na,Employee,Normal,Not a Pedestrian,Changing lane to the left,Serious Injury
13:16:00,Wednesday,31-50,Male,Junior high school,Employee,Below 1yr,Other,Owner,,No defect,Other,One way,Tangent road with flat terrain,No junction,Asphalt roads,Wet or damp,Daylight,Raining,Vehicle with vehicle collision,2,3,Going straight,Passenger,Female,18-30,3,Self-employed,Normal,Not a Pedestrian,Changing lane to the left,Slight Injury
03:00:00,Saturday,Over 51,Male,Junior high school,Employee,Below 1yr,Automobile,Owner,5-10yrs,,Office areas,Undivided Two way,Tangent road with flat terrain,Crossing,Asphalt roads,Wet or damp,Darkness - lights lit,Raining,Vehicle with vehicle collision,2,3,Going straight,Driver or rider,Male,18-30,3,Self-employed,Normal,Not a Pedestrian,Other,Slight Injury
08:38:00,Tuesday,18-30,Male,High school,Employee,1-2yr,Taxi,Owner,5-10yrs,No defect,Other,Double carriageway (median),Tangent road with flat terrain,No junction,Asphalt roads,Dry,Daylight,Normal,Collision with roadside objects,1,1,Going straight,Pedestrian,Male,31-50,3,Driver,Normal,Not a Pedestrian,Driving carelessly,Slight Injury
14:30:00,Thursday,Unknown,Male,Junior high school,Employee,5-10yr,Lorry (11?40Q),Owner,Unknown,No defect,Office areas,Two-way (divided with solid lines road marking),Tangent road with flat terrain,No junction,Asphalt roads,Dry,Daylight,Normal,Vehicle with vehicle collision,1,1,Going straight,Driver or rider,Male,18-30,2,Driver,Normal,Not a Pedestrian,Overturning,Slight Injury
23:07:00,Thursday,Unknown,Female,Junior high school,Employee,2-5yr,Lorry (41?100Q),Owner,Unknown,No defect,Office areas,One way,Tangent road with flat terrain,Crossing,Asphalt roads,Dry,Darkness - lights lit,Normal,Vehicle with vehicle collision,2,1,Going straight,Driver or rider,Male,Over 51,3,Self-employed,Normal,Not a Pedestrian,Moving Backward,Slight Injury
08:15:00,Monday,18-30,Male,Junior high school,Owner,2-5yr,Turbo,Owner,,,Other,Two-way (divided with broken lines road marking),Tangent road with flat terrain,No junction,Earth roads,Dry,Daylight,Normal,Vehicle with vehicle collision,2,1,Other,na,na,na,na,Driver,Normal,Not a Pedestrian,Changing lane to the right,Slight Injury
20:15:00,Tuesday,18-30,Male,Above high school,Employee,1-2yr,Lorry (41?100Q),Owner,2-5yrs,No defect,Rural village areas,Undivided Two way,Gentle horizontal curve,No junction,Asphalt roads,Dry,Daylight,Normal,Vehicle with vehicle collision,3,3,Other,Driver or rider,Female,18-30,3,Unemployed,Normal,Not a Pedestrian,Overtaking,Serious Injury
14:44:00,Tuesday,Over 51,Male,Junior high school,Employee,5-10yr,Long lorry,Owner,Unknown,,Other,other,Tangent road with flat terrain,Y Shape,Asphalt roads,Dry,Daylight,Normal,Other,2,1,Going straight,Driver or rider,Male,18-30,3,Driver,Normal,Not a Pedestrian,Changing lane to the left,Slight Injury
19:40:00,Monday,Over 51,Male,Elementary school,Employee,2-5yr,,Owner,,,Other,One way,Tangent road with flat terrain,,Asphalt roads,Dry,Darkness - lights lit,Normal,Vehicle with vehicle collision,3,3,Going straight,na,na,na,na,Driver,Normal,Not a Pedestrian,Changing lane to the right,Slight Injury
15:50:00,Saturday,18-30,Male,Elementary school,Employee,Above 10yr,Automobile,Governmental,Unknown,No defect,Other,Two-way (divided with broken lines road marking),Tangent road with flat terrain,Other,Asphalt roads,Dry,Daylight,Normal,Vehicle with vehicle collision,2,1,Getting off,Pedestrian,Male,31-50,3,Driver,Normal,Crossing from nearside - masked by parked or statioNot a Pedestrianry vehicle,No distancing,Slight Injury
13:54:00,Saturday,18-30,Male,Junior high school,Employee,,Other,Owner,2-5yrs,No defect,Office areas,Two-way (divided with broken lines road marking),Tangent road with mild grade and flat terrain,,Asphalt roads,Wet or damp,Darkness - lights lit,Normal,Vehicle with vehicle collision,1,1,Going straight,na,na,na,na,,,Not a Pedestrian,Turnover,Serious Injury
23:30:00,Monday,31-50,Male,Junior high school,Owner,Above 10yr,,Owner,1-2yr,No defect,Other,Undivided Two way,Tangent road with flat terrain,Crossing,Asphalt roads,Dry,Darkness - lights lit,Normal,Collision with pedestrians,2,2,Going straight,Passenger,Male,Over 51,3,Self-employed,Normal,Not a Pedestrian,Moving Backward,Slight Injury
18:00:00,Thursday,Unknown,Male,Junior high school,Employee,Above 10yr,Automobile,Owner,,No defect,Residential areas,Double carriageway (median),Tangent road with flat terrain,No junction,Asphalt roads,Dry,Daylight,Normal,Collision with roadside objects,2,1,Reversing,na,na,na,na,Driver,Normal,Not a Pedestrian,Driving carelessly,Slight Injury
13:05:00,Monday,Over 51,Male,Junior high school,Employee,2-5yr,Other,Owner,,No defect,Other,Two-way (divided with broken lines road marking),Tangent road with flat terrain,Y Shape,Asphalt roads,Dry,Daylight,Normal,Collision with roadside objects,2,1,Going straight,na,na,na,na,,,Not a Pedestrian,No distancing,Slight Injury
12:00:00,Thursday,18-30,Female,High school,Owner,5-10yr,Automobile,Owner,Above 10yr,No defect,Other,Two-way (divided with broken lines road marking),Tangent road with flat terrain,,Asphalt roads,Dry,Daylight,Normal,Vehicle with vehicle collision,2,1,Going straight,Driver or rider,Male,Over 51,3,Driver,Normal,Not a Pedestrian,Getting off the vehicle improperly,Slight Injury
15:43:00,Monday,Over 51,Male,Elementary school,Employee,5-10yr,Long lorry,Governmental,2-5yrs,,  Recreational areas,Undivided Two way,Tangent road with flat terrain,No junction,Asphalt roads,Dry,Daylight,Normal,Vehicle with vehicle collision,2,3,Going straight,na,na,na,na,,,Not a Pedestrian,No distancing,Serious Injury
07:21:00,Thursday,18-30,Male,Elementary school,Employee,5-10yr,Lorry (41?100Q),Owner,5-10yrs,No defect,Other,other,Tangent road with flat terrain,Crossing,Asphalt roads,Dry,Daylight,Normal,Rollover,1,1,Getting off,na,na,na,na,Driver,Normal,Not a Pedestrian,Other,Slight Injury
15:35:00,Friday,Unknown,Male,Junior high school,Employee,5-10yr,Lorry (41?100Q),Owner,Unknown,No defect,Other,other,Tangent road with flat terrain,Other,Asphalt roads,Dry,Daylight,Normal,Vehicle with vehicle collision,2,1,Other,na,na,na,na,Self-employed,Normal,Not a Pedestrian,Driving under the influence of drugs,Slight Injury
05:55:00,Friday,18-30,Male,Junior high school,Employee,Above 10yr,Other,Owner,5-10yrs,No defect,Residential areas,One way,Tangent road with flat terrain,Y Shape,Asphalt roads,Dry,Darkness - no lighting,Normal,Vehicle with vehicle collision,2,3,,Driver or rider,Male,18-30,3,Driver,Normal,Not a Pedestrian,Changing lane to the right,Slight Injury
12:15:00,Tuesday,Over 51,Male,Junior high school,Employee,Above 10yr,Automobile,Owner,5-10yrs,,Residential areas,Undivided Two way,Tangent road with flat terrain,Y Shape,Asphalt roads,Wet or damp,Daylight,Normal,Collision with roadside objects,2,3,Going straight,Driver or rider,Male,18-30,2,Self-employed,Normal,Not a Pedestrian,Changing lane to the right,Fatal injury
13:32:00,Wednesday,Over 51,Male,Junior high school,Employee,1-2yr,Automobile,Owner,Unknown,,Other,Undivided Two way,Tangent road with flat terrain,Y Shape,Asphalt roads,Dry,Daylight,Normal,Vehicle with vehicle collision,3,3,,Pedestrian,Female,18-30,3,,,Crossing from nearside - masked by parked or statioNot a Pedestrianry vehicle,Moving Backward,Slight Injury
18:10:00,Wednesday,Unknown,Male,Junior high school,Employee,1-2yr,Public (12 seats),Owner,Unknown,No defect,Other,Undivided Two way,Tangent road with flat terrain,Unknown,Asphalt roads,Dry,Daylight,Normal,Collision with roadside objects,2,1,Going straight,Pedestrian,Female,31-50,3,Driver,Normal,Not a Pedestrian,No priority to vehicle,Slight Injury
10:30:00,Wednesday,31-50,Male,Elementary school,Employee,Above 10yr,,Governmental,,No defect,Other,Double carriageway (median),Tangent road with flat terrain,Other,Asphalt roads,Dry,Daylight,Normal,Vehicle with vehicle collision,1,1,Going straight,na,na,na,na,Driver,Normal,Not a Pedestrian,Other,Slight Injury
18:15:00,Thursday,Over 51,Male,Junior high school,Employee,5-10yr,Public (> 45 seats),Owner,2-5yrs,No defect,Other,One way,Tangent road with flat terrain,Unknown,Asphalt roads,Wet or damp,Darkness - lights lit,Raining,Vehicle with vehicle collision,2,1,Going straight,Pedestrian,Female,Under 18,3,Driver,Normal,Not a Pedestrian,Changing lane to the right,Serious Injury
12:37:00,Sunday,Over 51,Male,Junior high school,Employee,Below 1yr,Pick up upto 10Q,Governmental,1-2yr,No defect,Other,Double carriageway (median),Tangent road with flat terrain,Unknown,Asphalt roads,Dry,Daylight,Normal,Collision with roadside objects,2,3,Going straight,na,na,na,na,,,Not a Pedestrian,No priority to vehicle,Serious Injury
20:03:00,Saturday,31-50,Male,Elementary school,Owner,Above 10yr,Lorry (41?100Q),Governmental,Unknown,No defect,  Market areas,Undivided Two way,Tangent road with flat terrain,No junction,Asphalt roads,Dry,Daylight,Normal,Vehicle with vehicle collision,2,3,Going straight,Driver or rider,Male,18-30,3,Driver,Normal,Not a Pedestrian,Changing lane to the right,Fatal injury
15:31:00,Friday,31-50,Male,Above high school,Employee,1-2yr,Pick up upto 10Q,Governmental,5-10yrs,No defect,Other,Undivided Two way,Tangent road with flat terrain,No junction,Asphalt roads with some distress,Dry,Daylight,Normal,Vehicle with vehicle collision,1,1,Moving Backward,Pedestrian,Male,18-30,3,Driver,Normal,Crossing from nearside - masked by parked or statioNot a Pedestrianry vehicle,No distancing,Slight Injury
07:58:00,Monday,18-30,Male,Junior high school,Owner,Above 10yr,Lorry (41?100Q),Owner,,No defect,Office areas,One way,Tangent road with flat terrain,,Asphalt roads,Wet or damp,Daylight,Raining,Vehicle with vehicle collision,2,2,Moving Backward,Driver or rider,Male,31-50,3,Driver,Normal,Not a Pedestrian,Turnover,Slight Injury
09:55:00,Wednesday,18-30,Male,Junior high school,Employee,Above 10yr,Pick up upto 10Q,Owner,5-10yrs,No defect,Other,Two-way (divided with broken lines road marking),Tangent road with rolling terrain,No junction,Asphalt roads,Dry,Daylight,Normal,Vehicle with vehicle collision,2,1,Moving Backward,Passenger,Female,18-30,3,Self-employed,Normal,Not a Pedestrian,No priority to pedestrian,Serious Injury
22:44:00,Friday,18-30,Male,Junior high school,Employee,5-10yr,Lorry (41?100Q),Owner,Above 10yr,No defect,Other,One way,Steep grade downward with mountainous terrain,Y Shape,Asphalt roads,Dry,Darkness - lights lit,Normal,Collision with roadside objects,1,1,Other,Pedestrian,Male,Over 51,3,Driver,Normal,Not a Pedestrian,Changing lane to the left,Serious Injury
07:50:00,Friday,Over 51,Male,,,,,Owner,,,Residential areas,other,Tangent road with flat terrain,Crossing,Asphalt roads,Dry,Daylight,Normal,Collision with animals,2,1,Going straight,Driver or rider,Male,31-50,3,Driver,Normal,Not a Pedestrian,Changing lane to the right,Serious Injury
16:07:00,Sunday,Under 18,Male,Elementary school,Employee,5-10yr,Public (13?45 seats),Organization,5-10yrs,,Residential areas,Two-way (divided with broken lines road marking),Tangent road with flat terrain,Y Shape,Asphalt roads,Dry,Daylight,Normal,Collision with pedestrians,3,6,Moving Backward,Passenger,Male,5,3,Other,Normal,Not a Pedestrian,Changing lane to the left,Slight Injury
19:03:00,Friday,18-30,Male,Writing & reading,Owner,5-10yr,Other,Owner,2-5yrs,,Other,One way,Tangent road with flat terrain,Y Shape,Asphalt roads,Dry,Daylight,Normal,Collision with pedestrians,2,1,Going straight,Passenger,Male,Under 18,3,Driver,Normal,Not a Pedestrian,No priority to pedestrian,Slight Injury
20:01:00,Sunday,31-50,Male,Junior high school,Employee,2-5yr,Stationwagen,Owner,Above 10yr,,Other,Undivided Two way,Tangent road with flat terrain,Y Shape,Asphalt roads,Dry,Daylight,Normal,Vehicle with vehicle collision,2,1,Moving Backward,na,na,na,na,Employee,Normal,Not a Pedestrian,No distancing,Serious Injury
06:20:00,Friday,Unknown,Male,Junior high school,Employee,2-5yr,Other,Owner,,,Office areas,Undivided Two way,Tangent road with flat terrain,Y Shape,Asphalt roads,Wet or damp,Daylight,Raining,Vehicle with vehicle collision,2,1,Going straight,Driver or rider,Male,18-30,3,Driver,Normal,Not a Pedestrian,Other,Slight Injury
12:36:00,Tuesday,Over 51,Male,Junior high school,Owner,5-10yr,Stationwagen,Owner,2-5yrs,,Residential areas,One way,Tangent road with flat terrain,Crossing,Asphalt roads,Wet or damp,Daylight,Raining,Vehicle with vehicle collision,2,1,Going straight,Driver or rider,Male,18-30,3,Self-employed,Normal,Not a Pedestrian,Changing lane to the left,Slight Injury
21:33:00,Saturday,Under 18,Male,Elementary school,Employee,Above 10yr,Automobile,Owner,,No defect,Office areas,Two-way (divided with broken lines road marking),Tangent road with mild grade and flat terrain,Y Shape,Asphalt roads,Dry,Daylight,Normal,Collision with pedestrians,1,1,Going straight,na,na,na,na,Driver,Normal,Not a Pedestrian,No distancing,Fatal injury
10:02:00,Thursday,18-30,Male,Junior high school,Employee,Above 10yr,Other,Governmental,,,Office areas,Two-way (divided with broken lines road marking),Tangent road with flat terrain,Y Shape,Asphalt roads,Dry,Daylight,Normal,Vehicle with vehicle collision,2,1,Entering a junction,Passenger,Male,Under 18,3,,,Not a Pedestrian,No priority to vehicle,Slight Injury
19:35:00,Thursday,31-50,Male,Junior high school,Employee,Above 10yr,Lorry (41?100Q),Owner,1-2yr,No defect, Hospital areas,Undivided Two way,Tangent road with flat terrain,No junction,Asphalt roads,Dry,Daylight,Normal,Vehicle with vehicle collision,3,4,Going straight,Driver or rider,Female,31-50,3,Driver,Normal,Not a Pedestrian,Changing lane to the right,Serious Injury
16:05:00,Tuesday,Over 51,Male,Junior high school,Employee,Below 1yr,Automobile,Owner,,No defect,Other,One way,Tangent road with flat terrain,Y Shape,Asphalt roads,Dry,Daylight,Normal,Vehicle with vehicle collision,4,5,Going straight,Passenger,Female,18-30,3,Driver,Normal,Not a Pedestrian,No distancing,Slight Injury
16:00:00,Wednesday,18-30,Male,Junior high school,Employee,Above 10yr,Other,Owner,Unknown,,Residential areas,Two-way (divided with broken lines road marking),Tangent road with flat terrain,,Asphalt roads,Dry,Daylight,Normal,Vehicle with vehicle collision,3,2,Other,Pedestrian,Male,18-30,3,Self-employed,Normal,Unknown or other,No priority to pedestrian,Fatal injury
14:00:00,Sunday,31-50,Male,Junior high school,Employee,5-10yr,Lorry (41?100Q),Owner,Unknown,No defect,Other,Two-way (divided with broken lines road marking),Tangent road with flat terrain,Unknown,Asphalt roads,Dry,Daylight,Normal,Vehicle with vehicle collision,3,2,Going straight,Pedestrian,Female,Over 51,2,Driver,Normal,Not a Pedestrian,No priority to vehicle,Slight Injury
12:30:00,Tuesday,18-30,Male,Junior high school,Owner,Above 10yr,Lorry (41?100Q),Owner,Unknown,No defect,  Recreational areas,Undivided Two way,Steep grade downward with mountainous terrain,Crossing,Asphalt roads,Wet or damp,Daylight,Other,Collision with pedestrians,2,3,Going straight,Driver or rider,Male,31-50,3,Self-employed,NormalNormal,Not a Pedestrian,No priority to vehicle,Slight Injury
13:13:00,Thursday,Unknown,Male,Junior high school,Employee,1-2yr,Other,Governmental,Below 1yr,No defect,Residential areas,Undivided Two way,Tangent road with flat terrain,No junction,Asphalt roads,Dry,Daylight,Unknown,Vehicle with vehicle collision,2,1,Going straight,na,na,na,na,Driver,Normal,Not a Pedestrian,Changing lane to the right,Slight Injury
11:20:00,Monday,Over 51,Male,Junior high school,Employee,2-5yr,Automobile,Owner,,No defect,Other,Undivided Two way,Tangent road with mountainous terrain and,No junction,Asphalt roads,Dry,Daylight,Normal,Collision with roadside objects,2,1,Going straight,na,na,na,na,,,Not a Pedestrian,No priority to vehicle,Serious Injury
09:47:00,Saturday,31-50,Male,,,,Automobile,Owner,,No defect,Other,Two-way (divided with broken lines road marking),Tangent road with flat terrain,,Asphalt roads,Dry,Daylight,Other,Vehicle with vehicle collision,2,1,Going straight,Driver or rider,Male,18-30,3,Employee,Normal,Not a Pedestrian,No priority to vehicle,Slight Injury
12:10:00,Tuesday,31-50,Male,High school,Employee,2-5yr,Lorry (41?100Q),Owner,Unknown,,,Two-way (divided with broken lines road marking),Tangent road with flat terrain,Y Shape,Asphalt roads,Dry,Daylight,Normal,Collision with roadside objects,2,1,Going straight,Pedestrian,Female,Under 18,2,Driver,Normal,Crossing from nearside - masked by parked or statioNot a Pedestrianry vehicle,Changing lane to the left,Serious Injury
16:55:00,Thursday,31-50,Male,Elementary school,Employee,1-2yr,Lorry (41?100Q),Owner,Unknown,No defect, Church areas,Undivided Two way,Tangent road with flat terrain,Y Shape,Asphalt roads,Dry,Daylight,Normal,Vehicle with vehicle collision,1,1,,Driver or rider,Male,18-30,3,Driver,Normal,Not a Pedestrian,No priority to pedestrian,Slight Injury
05:45:00,Monday,18-30,Male,Junior high school,Employee,2-5yr,Lorry (41?100Q),Owner,Unknown,No defect,Office areas,Undivided Two way,Tangent road with flat terrain,No junction,Other,Dry,Daylight,Normal,Vehicle with vehicle collision,2,1,Going straight,Driver or rider,Male,Under 18,3,Employee,Normal,Not a Pedestrian,Changing lane to the left,Slight Injury
12:00:00,Saturday,Over 51,Male,Elementary school,Owner,2-5yr,Lorry (41?100Q),Owner,,No defect,Office areas,Unknown,Tangent road with flat terrain,No junction,Asphalt roads,Dry,Daylight,Normal,Vehicle with vehicle collision,2,1,Going straight,Driver or rider,Female,18-30,3,Driver,Normal,Not a Pedestrian,Changing lane to the right,Serious Injury
12:48:00,Sunday,18-30,Male,Junior high school,Employee,,Pick up upto 10Q,,,,School areas,Two-way (divided with broken lines road marking),Tangent road with flat terrain,,Asphalt roads,Wet or damp,Daylight,Raining,Vehicle with vehicle collision,2,1,Going straight,Driver or rider,Male,18-30,3,Self-employed,Normal,Not a Pedestrian,Driving at high speed,Serious Injury
14:20:00,Monday,18-30,Male,,Employee,1-2yr,Long lorry,Owner,,No defect,Office areas,Undivided Two way,Tangent road with flat terrain,Y Shape,Asphalt roads,Dry,Daylight,Normal,Vehicle with vehicle collision,2,1,Other,Passenger,Male,5,3,Driver,Normal,Not a Pedestrian,Changing lane to the left,Serious Injury
21:39:00,Tuesday,Under 18,Male,Junior high school,Employee,Below 1yr,,,,No defect,Other,Two-way (divided with broken lines road marking),Tangent road with flat terrain,Y Shape,Asphalt roads,Wet or damp,Darkness - lights lit,Normal,Vehicle with vehicle collision,1,2,Going straight,Driver or rider,Male,31-50,3,,,Not a Pedestrian,Driving to the left,Slight Injury
11:43:00,Sunday,Under 18,Male,Junior high school,Employee,Below 1yr,Pick up upto 10Q,Governmental,1-2yr,No defect,Other,Double carriageway (median),Tangent road with flat terrain,Y Shape,Asphalt roads,Dry,Daylight,Normal,Collision with roadside objects,2,1,Going straight,Driver or rider,Female,31-50,3,,,Not a Pedestrian,No distancing,Slight Injury
08:58:00,Friday,31-50,Male,Junior high school,Employee,Below 1yr,Pick up upto 10Q,Owner,,No defect,Office areas,other,Tangent road with mountainous terrain and,,Asphalt roads,Dry,Daylight,Normal,Vehicle with vehicle collision,6,2,Reversing,Driver or rider,Male,31-50,3,Driver,Normal,Not a Pedestrian,Changing lane to the right,Serious Injury
08:40:00,Wednesday,31-50,Male,Junior high school,Employee,5-10yr,Public (12 seats),Owner,2-5yrs,No defect,  Market areas,Undivided Two way,Tangent road with flat terrain,No junction,Asphalt roads,Dry,Daylight,Normal,Collision with roadside objects,2,2,Getting off,Driver or rider,Male,18-30,3,,,Not a Pedestrian,No priority to pedestrian,Serious Injury
16:36:00,Thursday,18-30,Male,Junior high school,Owner,1-2yr,Public (13?45 seats),Owner,,No defect,Residential areas,Two-way (divided with broken lines road marking),Tangent road with flat terrain,,Earth roads,Dry,Daylight,Normal,Vehicle with vehicle collision,3,1,Going straight,Driver or rider,Male,31-50,3,Driver,Normal,Not a Pedestrian,Driving under the influence of drugs,Slight Injury
17:10:00,Saturday,31-50,Male,Elementary school,Employee,Below 1yr,Automobile,Owner,Unknown,No defect,Other,Two-way (divided with broken lines road marking),Tangent road with flat terrain,Y Shape,Asphalt roads,Dry,Daylight,Normal,Collision with roadside objects,2,1,Moving Backward,Driver or rider,Female,18-30,3,,Normal,Not a Pedestrian,Moving Backward,Serious Injury
14:59:00,Wednesday,Over 51,Male,Junior high school,Employee,2-5yr,Other,Owner,,,Other,Two-way (divided with broken lines road marking),Tangent road with flat terrain,,Asphalt roads,Dry,Darkness - lights lit,Normal,Collision with roadside objects,2,1,Going straight,na,na,na,na,Driver,Normal,Not a Pedestrian,Changing lane to the left,Slight Injury
14:25:00,Friday,31-50,Male,Junior high school,Employee,2-5yr,Automobile,Owner,,,Residential areas,other,Tangent road with flat terrain,No junction,Asphalt roads,Dry,Daylight,Normal,Vehicle with vehicle collision,2,1,Going straight,Pedestrian,Female,31-50,3,Driver,Normal,Not a Pedestrian,No distancing,Slight Injury