Time,Day_of_week,Age_band_of_driver,Sex_of_driver,Educational_level,Vehicle_driver_relation,Driving_experience,Type_of_vehicle,Owner_of_vehicle,Service_year_of_vehicle,Defect_of_vehicle,Area_accident_occured,Lanes_or_Medians,Road_allignment,Types_of_Junction,Road_surface_type,Road_surface_conditions,Light_conditions,Weather_conditions,Type_of_collision,Number_of_vehicles_involved,Number_of_casualties,Vehicle_movement,Casualty_class,Sex_of_casualty,Age_band_of_casualty,Casualty_severity,Work_of_casuality,Fitness_of_casuality,Pedestrian_movement,Cause_of_accident,Accident_severity
12:20:00,Wednesday,31-50,Male,Junior high school,Employee,5-10yr,Automobile,Owner,Unknown,No defect,  Recreational areas,One way,Tangent road with flat terrain,Y Shape,Asphalt roads,Dry,Daylight,Normal,Vehicle with vehicle collision,1,1,Going straight,Driver or rider,Male,31-50,3,,Normal,Not a Pedestrian,Changing lane to the left,Slight Injury
14:45:00,Sunday,31-50,Male,Junior high school,Employee,2-5yr,Public (> 45 seats),Owner,Unknown,No defect,Other,other,Tangent road with flat terrain,No junction,Asphalt roads,Dry,Daylight,Normal,Vehicle with vehicle collision,1,1,Moving Backward,Driver or rider,Female,18-30,3,Self-employed,Normal,Not a Pedestrian,No distancing,Serious Injury
12:25:00,Wednesday,18-30,Male,Elementary school,Employee,2-5yr,Lorry (41?100Q),Owner,5-10yrs,,Other,One way,Tangent road with flat terrain,Crossing,Asphalt roads,Dry,Daylight,Normal,Vehicle with vehicle collision,3,1,Going straight,Driver or rider,Male,18-30,3,Driver,Normal,Not a Pedestrian,Changing lane to the right,Serious Injury
16:00:00,Thursday,Under 18,Male,Junior high school,Employee,Below 1yr,Automobile,Owner,Unknown,,Other,One way,Tangent road with flat terrain,Crossing,Asphalt roads,Dry,Daylight,Normal,Collision with roadside objects,2,1,Going straight,Passenger,Female,Over 51,3,Driver,Normal,Not a Pedestrian,Changing lane to the right,Slight Injury
20:43:00,Tuesday,18-30,Male,Junior high school,Employee,2-5yr,Pick up upto 10Q,Owner,,No defect,Office areas,Double carriageway (median),Tangent road with flat terrain,No junction,Asphalt roads,Wet or damp,Darkness - lights lit,Normal,Vehicle with vehicle collision,1,1,Going straight,Pedestrian,Male,Over 51,2,Self-employed,Normal,Not a Pedestrian,Driving at high speed,Serious Injury
21:45:00,Monday,18-30,Male,Elementary school,Employee,1-2yr,Lorry (41?100Q),Owner,2-5yrs,,Residential areas,other,Tangent road with flat terrain,No junction,Asphalt roads,Wet or damp,Darkness - lights lit,Other,Collision with animals,4,1,Going straight,Pedestrian,Female,31-50,3,,,Not a Pedestrian,No distancing,Slight Injury
14:30:00,Friday,Over 51,Male,Elementary school,Employee,5-10yr,Pick up upto 10Q,Owner,1-2yr,No defect,Rural village areas,Undivided Two way,Gentle horizontal curve,No junction,Asphalt roads,Dry,Daylight,Normal,Vehicle with vehicle collision,3,1,Going straight,Pedestrian,Female,18-30,3,Employee,Normal,Not a Pedestrian,No distancing,Slight Injury
10:58:00,Tuesday,31-50,Female,,,,Public (12 seats),Owner,Unknown,, Industrial areas,Two-way (divided with broken lines road marking),Tangent road with flat terrain,Crossing,Asphalt roads,Dry,Darkness - lights lit,Normal,Collision with roadside objects,2,2,Other,na,na,na,na,Driver,Normal,Not a Pedestrian,Overturning,Slight Injury
08:25:00,Thursday,Over 51,Male,Junior high school,Employee,1-2yr,Lorry (41?100Q),Owner,Unknown,No defect,Residential areas,Undivided Two way,Tangent road with flat terrain,Y Shape,Asphalt roads,Dry,Daylight,Normal,Vehicle with vehicle collision,1,1,Reversing,na,na,na,na,,,Not a Pedestrian,Changing lane to the left,Slight Injury
23:31:00,Saturday,31-50,Male,,,,Long lorry,Owner,Unknown,,Other,Two-way (divided with solid lines road marking),Tangent road with flat terrain,Y Shape,Asphalt roads,Dry,Darkness - lights lit,Normal,Vehicle with vehicle collision,2,1,Going straight,Driver or rider,Male,Under 18,3,,Normal,Not a Pedestrian,No distancing,Slight Injury
17:10:00,Wednesday,Under 18,Male,High school,Owner,5-10yr,Bajaj,Owner,,No defect,Other,Two-way (divided with broken lines road marking),Tangent road with flat terrain,Crossing,Asphalt roads,Dry,Daylight,Unknown,Collision with pedestrians,2,1,Going straight,Driver or rider,Female,31-50,3,Driver,Normal,Not a Pedestrian,Driving carelessly,Slight Injury
20:40:00,Tuesday,Under 18,Male,Junior high school,Employee,Above 10yr,Automobile,Owner,1-2yr,No defect,Office areas,Undivided Two way,Escarpments,Crossing,Asphalt roads,Dry,Darkness - lights lit,Normal,Vehicle with vehicle collision,2,1,Going straight,na,na,na,na,Driver,Normal,Not a Pedestrian,Overturning,Slight Injury
05:50:00,Friday,Unknown,Female,Junior high school,Employee,Below 1yr,Stationwagen,Owner,Unknown,No defect,Office areas,Undivided Two way,Tangent road with flat terrain,No junction,Asphalt roads,Dry,Daylight,Normal,Collision with pedestrians,2,1,Turnover,Pedestrian,Female,31-50,3,,,Not a Pedestrian,Changing lane to the left,Slight Injury
17:22:00,Tuesday,Over 51,Male,Junior high school,Employee,Above 10yr,Public (13?45 seats),Owner,Unknown,No defect,Other,Two-way (divided with broken lines road marking),Tangent road with flat terrain,,,Dry,Darkness - lights lit,Normal,Vehicle with vehicle collision,3,1,Moving Backward,na,na,na,na,,,Not a Pedestrian,Changing lane to the right,Slight Injury
18:55:00,Thursday,31-50,Male,Elementary school,Owner,2-5yr,Other,Owner,1-2yr,No defect,,Undivided Two way,Tangent road with flat terrain,Y Shape,Asphalt roads,Dry,Darkness - lights lit,Normal,Vehicle with vehicle collision,1,1,Other,Driver or rider,Male,18-30,3,Driver,Normal,Not a Pedestrian,No priority to pedestrian,Fatal injury
12:34:00,Wednesday,31-50,Male,,Owner,5-10yr,Automobile,Owner,,No defect,Residential areas,Double carriageway (median),Tangent road with flat terrain,Other,Asphalt roads,Wet or damp,Daylight,Raining,Vehicle with vehicle collision,2,2,Going straight,Pedestrian,Female,18-30,3,Driver,Normal,Not a Pedestrian,Changing lane to the right,Slight Injury
09:57:00,Thursday,31-50,Male,Elementary school,Employee,5-10yr,Public (> 45 seats),Owner,,,Office areas,Undivided Two way,Tangent road with flat terrain,Y Shape,Asphalt roads,Dry,Daylight,Normal,Vehicle with vehicle collision,2,1,Going straight,Pedestrian,Male,Under 18,2,Driver,Normal,Unknown or other,Moving Backward,Slight Injury
16:21:00,Thursday,Under 18,Male,Junior high school,Owner,1-2yr,Automobile,Governmental,1-2yr,,Other,Undivided Two way,Tangent road with flat terrain,Y Shape,Asphalt roads,Wet or damp,Darkness - lights lit,Other,Vehicle with vehicle collision,3,2,Going straight,Pedestrian,Male,Under 18,3,Self-employed,Normal,Unknown or other,No distancing,Serious Injury
15:30:00,Tuesday,31-50,Male,High school,Employee,2-5yr,Long lorry,Owner,Above 10yr,No defect,Office areas,other,Tangent road with flat terrain,Crossing,Asphalt roads,Dry,Daylight,Normal,Collision with roadside objects,2,2,Other,na,na,na,na,Driver,Normal,Not a Pedestrian,Getting off the vehicle improperly,Slight Injury
13:51:00,Tuesday,Under 18,Male,Junior high school,Employee,2-5yr,Motorcycle,Governmental,Unknown,No defect,School areas,Double carriageway (median),Tangent road with flat terrain,No junction,Asphalt roads,Wet or damp,Daylight,Normal,Vehicle with vehicle collision,1,1,Going straight,na,na,na,na,Self-employed,Normal,Not a Pedestrian,No distancing,Serious Injury
21:15:00,Thursday,18-30,Male,Junior high school,Employee,Above 10yr,Automobile,Owner,Above 10yr,,Other,Two-way (divided with broken lines road marking),Tangent road with mountainous terrain and,Y Shape,Asphalt roads,Dry,Daylight,Normal,Vehicle with vehicle collision,2,1,Going straight,Driver or rider,Male,18-30,3,,,Not a Pedestrian,No distancing,Slight Injury
16:00:00,Wednesday,Over 51,Male,Junior high school,Employee,Below 1yr,Stationwagen,Owner,2-5yrs,No defect,Other,other,Tangent road with flat terrain,Y Shape,Asphalt roads,Dry,Daylight,Normal,Vehicle with vehicle collision,2,1,Going straight,Driver or rider,Female,31-50,3,Other,Normal,Not a Pedestrian,Changing lane to the right,Slight Injury
08:30:00,Monday,Unknown,Female,High school,Employee,5-10yr,Other,Owner,Below 1yr,, Church areas,other,Tangent road with flat terrain,Y Shape,Asphalt roads,Dry,Daylight,Normal,Collision with roadside objects,2,1,Going straight,Driver or rider,Female,31-50,3,Self-employed,Normal,Not a Pedestrian,No distancing,Slight Injury
13:50:00,Wednesday,Under 18,Male,Junior high school,Employee,5-10yr,Public (13?45 seats),Governmental,,No defect,Other,Undivided Two way,Tangent road with flat terrain,Y Shape,Asphalt roads,Dry,Daylight,Normal,Vehicle with vehicle collision,2,2,Moving Backward,Driver or rider,Male,31-50,3,Self-employed,Normal,Not a Pedestrian,No priority to vehicle,Serious Injury
15:35:00,Thursday,31-50,Male,High school,Employee,Above 10yr,Automobile,Owner,2-5yrs,,Other,Undivided Two way,Tangent road with flat terrain,,Asphalt roads,Dry,Daylight,Normal,Vehicle with vehicle collision,2,1,Going straight,na,na,na,na,,,Not a Pedestrian,Driving carelessly,Slight Injury
13:00:00,Tuesday,18-30,Male,Elementary school,Owner,5-10yr,Stationwagen,Owner,,No defect,Office areas,Undivided Two way,Tangent road with flat terrain,,Asphalt roads,Dry,Daylight,Normal,Vehicle with vehicle collision,1,2,Going straight,na,na,na,na,,,Not a Pedestrian,Changing lane to the left,Serious Injury
17:25:00,Friday,31-50,Male,Elementary school,Employee,1-2yr,Automobile,Owner,,,Other,Undivided Two way,Tangent road with flat terrain,,Asphalt roads,Dry,Daylight,Normal,Vehicle with vehicle collision,1,1,Turnover,na,na,na,na,Driver,Normal,Not a Pedestrian,Getting off the vehicle improperly,Slight Injury
20:41:00,Thursday,31-50,Male,Junior high school,Employee,1-2yr,Other,Owner,Unknown,No defect, Church areas,Two-way (divided with solid lines road marking),Tangent road with flat terrain,,Asphalt roads,Wet or damp,Darkness - lights lit,Cloudy,Vehicle with vehicle collision,2,1,,Driver or rider,Female,18-30,3,Self-employed,Normal,Not a Pedestrian,Driving carelessly,Slight Injury
01:30:00,Sunday,Under 18,Male,High school,Owner,Below 1yr,Other,Owner,Unknown,,,Two-way (divided with broken lines road marking),Tangent road with flat terrain,Crossing,Asphalt roads,Dry,Darkness - lights lit,Normal,Vehicle with vehicle collision,2,4,Going straight,Driver or rider,Female,18-30,3,Self-employed,Normal,Not a Pedestrian,No distancing,Serious Injury
09:02:00,Monday,18-30,Male,Junior high school,Employee,2-5yr,Automobile,,,No defect,Other,Two-way (divided with broken lines road marking),Tangent road with flat terrain,Unknown,Gravel roads,Dry,Daylight,Normal,Collision with pedestrians,2,1,Going straight,na,na,na,na,,,Not a Pedestrian,Changing lane to the right,Serious Injury
08:25:00,Monday,Unknown,Male,High school,Employee,Above 10yr,Stationwagen,Owner,,No defect,Other,Two-way (divided with broken lines road marking),Tangent road with flat terrain,,Asphalt roads,Dry,Daylight,Normal,Vehicle with vehicle collision,1,2,Going straight,Driver or rider,Male,18-30,3,Driver,Normal,Not a Pedestrian,Driving to the left,Serious Injury
17:25:00,Friday,31-50,Male,High school,Owner,2-5yr,Public (> 45 seats),Owner,5-10yrs,No defect,Office areas,Two-way (divided with broken lines road marking),Tangent road with flat terrain,,Asphalt roads,Dry,Darkness - lights lit,Normal,Collision with pedestrians,1,4,Going straight,Driver or rider,Female,18-30,3,Driver,Normal,Not a Pedestrian,Overloading,Fatal injury
13:09:00,Tuesday,Over 51,Male,Junior high school,Employee,1-2yr,Stationwagen,Owner,2-5yrs,,Residential areas,Undivided Two way,Tangent road with flat terrain,,Asphalt roads,Dry,Daylight,Normal,Vehicle with vehicle collision,3,2,Going straight,Driver or rider,Female,18-30,3,,,Not a Pedestrian,No distancing,Fatal injury
08:05:00,Thursday,Unknown,Female,Junior high school,Employee,Above 10yr,Lorry (41?100Q),Owner,Unknown,No defect,Office areas,Two-way (divided with broken lines road marking),Tangent road with flat terrain,No junction,Asphalt roads,Dry,Daylight,Normal,Vehicle with vehicle collision,3,1,Going straight,na,na,na,na,Self-employed,Normal,Not a Pedestrian,Driving carelessly,Slight Injury
15:09:00,Thursday,18-30,Male,Junior high school,Employee,5-10yr,Automobile,Owner,5-10yrs,, Industrial areas,Undivided Two way,Tangent road with flat terrain,No junction,Asphalt roads,Dry,Daylight,Normal,Vehicle with vehicle collision,1,1,Going straight,Passenger,Male,Over 51,3,Driver,Normal,Not a Pedestrian,Changing lane to the right,Serious Injury
07:58:00,Monday,18-30,Male,,,,Automobile,,,,Office areas,other,Tangent road with mountainous terrain and,No junction,Asphalt roads,Wet or damp,Daylight,Raining,Unknown,2,1,Moving Backward,Pedestrian,Female,18-30,3,,Normal,Not a Pedestrian,No distancing,Slight Injury
13:58:00,Sunday,18-30,Male,Above high school,Other,2-5yr,Lorry (11?40Q),Owner,,No defect,Other,One way,Tangent road with flat terrain,Y Shape,Asphalt roads,Wet or damp,Daylight,Raining,Vehicle with vehicle collision,3,1,Going straight,na,na,na,na,,,Not a Pedestrian,No priority to vehicle,Slight Injury
14:06:00,Wednesday,31-50,Male,Junior high school,Employee,5-10yr,Other,Owner,,No defect,Other,Undivided Two way,Tangent road with flat terrain,Y Shape,Asphalt roads,Dry,Daylight,Normal,Vehicle with vehicle collision,2,1,Going straight,na,na,na,na,Driver,Normal,Not a Pedestrian,No distancing,Slight Injury
22:50:00,Saturday,Under 18,Male,High school,Employee,2-5yr,Automobile,Owner,Unknown,No defect,School areas,Undivided Two way,Tangent road with flat terrain,No junction,Asphalt roads,Dry,Darkness - lights lit,Normal,Vehicle with vehicle collision,1,2,Going straight,Pedestrian,Female,18-30,3,Driver,Normal,Crossing from nearside - masked by parked or statioNot a Pedestrianry vehicle,No priority to pedestrian,Serious Injury
10:35:00,Tuesday,31-50,Male,Junior high school,Employee,unknown,Other,Organization,2-5yrs,, Industrial areas,Two-way (divided with broken lines road marking),Tangent road with flat terrain,No junction,Asphalt roads,Wet or damp,Daylight,Normal,Vehicle with vehicle collision,3,1,Going straight,Driver or rider,Female,31-50,3,Driver,Normal,Not a Pedestrian,No distancing,Slight Injury
09:15:00,Monday,18-30,Male,Junior high school,Employee,Above 10yr,Ridden horse,Governmental,Below 1yr,No defect,Residential areas,Undivided Two way,Tangent road with flat terrain,Y Shape,Asphalt roads,Dry,Daylight,Normal,Collision with pedestrians,2,1,Entering a junction,Pedestrian,Male,Under 18,3,Employee,Normal,Crossing from driver's nearside,Driving carelessly,Serious Injury
15:17:00,Sunday,31-50,Male,Junior high school,Owner,5-10yr,Automobile,Owner,,,Other,other,Tangent road with flat terrain,No junction,Earth roads,Dry,Daylight,Normal,Collision with animals,2,1,Going straight,Pedestrian,Male,18-30,3,,Normal,Not a Pedestrian,Moving Backward,Fatal injury
20:30:00,Sunday,Over 51,Male,Junior high school,Employee,5-10yr,Lorry (41?100Q),Owner,,No defect,  Recreational areas,One way,Tangent road with flat terrain,,Asphalt roads,Wet or damp,Daylight,Raining,Collision with pedestrians,2,4,Getting off,Driver or rider,Male,Over 51,3,Driver,Normal,Not a Pedestrian,Moving Backward,Fatal injury
15:05:00,Monday,31-50,Male,High school,Employee,5-10yr,Pick up upto 10Q,Owner,,No defect, Outside rural areas,other,Steep grade downward with mountainous terrain,Other,Asphalt roads,Dry,Daylight,Normal,Vehicle with vehicle collision,2,1,Moving Backward,na,na,na,na,Driver,Normal,Not a Pedestrian,No distancing,Slight Injury
11:39:00,Tuesday,Over 51,Male,Junior high school,Employee,2-5yr,,,,,Office areas,other,Tangent road with flat terrain,Crossing,Asphalt roads,Wet or damp,Daylight,Raining,Vehicle with vehicle collision,2,1,Going straight,Pedestrian,Male,18-30,2,,Normal,Unknown or other,Driving carelessly,Slight Injury
15:48:00,Sunday,18-30,Male,Above high school,Employee,Above 10yr,,Owner,5-10yrs,,Office areas,Two-way (divided with broken lines road marking),Tangent road with flat terrain,Crossing,Asphalt roads,Dry,Daylight,Normal,Vehicle with vehicle collision,2,1,Going straight,Driver or rider,Male,Over 51,2,,,Not a Pedestrian,No priority to pedestrian,Slight Injury
15:48:00,Tuesday,31-50,Male,Junior high school,Employee,Below 1yr,Public (12 seats),Owner,,,Other,Two-way (divided with broken lines road marking),,Y Shape,Asphalt roads,Wet or damp,Darkness - lights lit,Raining,Vehicle with vehicle collision,2,1,Going straight,Driver or rider,Male,18-30,3,Self-employed,Normal,Not a Pedestrian,Moving Backward,Slight Injury
17:30:00,Wednesday,31-50,Male,Junior high school,Employee,5-10yr,Pick up upto 10Q,Owner,Above 10yr,,Residential areas,other,Tangent road with flat terrain,Y Shape,Asphalt roads,Dry,Darkness - lights lit,Normal,Collision with roadside objects,1,1,Going straight,Pedestrian,Female,31-50,2,Employee,Normal,Not a Pedestrian,Changing lane to the right,Slight Injury
09:19:00,Saturday,18-30,Male,,,,Other,Owner,2-5yrs,No defect,Other,Two-way (divided with broken lines road marking),Escarpments,Y Shape,Asphalt roads,Dry,Daylight,Normal,Collision with roadside-parked vehicles,2,1,Going straight,Driver or rider,Male,Over 51,3,Driver,Normal,Not a Pedestrian,Driving carelessly,Serious Injury
12:20:00,Friday,Unknown,Male,Junior high school,Employee,No Licence,Pick up upto 10Q,Owner,5-10yrs,No defect,Residential areas,Undivided Two way,Tangent road with flat terrain,No junction,Asphalt roads,Dry,Daylight,Normal,Vehicle with vehicle collision,2,1,Moving Backward,na,na,na,na,Self-employed,Normal,Not a Pedestrian,No priority to vehicle,Slight Injury
09:30:00,Tuesday,18-30,Female,High school,Employee,2-5yr,,Owner,2-5yrs,No defect,Office areas,Two-way (divided with broken lines road marking),Tangent road with flat terrain,No junction,Asphalt roads,Dry,Daylight,Normal,Vehicle with vehicle collision,2,1,Going straight,Driver or rider,Male,18-30,3,Self-employed,Normal,Not a Pedestrian,No distancing,Slight Injury
19:47:00,Friday,18-30,Male,Junior high school,Employee,Above 10yr,Lorry (41?100Q),Owner,,, Industrial areas,Undivided Two way,Tangent road with flat terrain,Y Shape,Asphalt roads,Wet or damp,Darkness - lights lit,Normal,Collision with roadside objects,4,4,,na,na,na,na,Driver,Normal,Not a Pedestrian,Moving Backward,Slight Injury
17:21:00,Thursday,31-50,Male,Elementary school,Employee,5-10yr,Automobile,Owner,2-5yrs,,Residential areas,Two-way (divided with broken lines road marking),Tangent road with flat terrain,Y Shape,Asphalt roads,Dry,Daylight,Normal,Vehicle with vehicle collision,2,2,Going straight,na,na,na,na,,,Not a Pedestrian,Driving under the influence of drugs,Serious Injury
18:05:00,Wednesday,Over 51,Male,Junior high school,Employee,Above 10yr,Taxi,Owner,2-5yrs,No defect,Residential areas,Two-way (divided with broken lines road marking),Gentle horizontal curve,Y Shape,Asphalt roads,Dry,Daylight,Normal,Vehicle with vehicle collision,3,2,Going straight,na,na,na,na,,,Not a Pedestrian,No distancing,Slight Injury
18:10:00,Tuesday,Unknown,Male,Junior high school,Employee,Above 10yr,Public (13?45 seats),Owner,Unknown,No defect, Church areas,Undivided Two way,Tangent road with flat terrain,O Shape,Asphalt roads,Dry,Darkness - lights lit,Normal,Vehicle with vehicle collision,2,1,Going straight,Passenger,Male,31-50,2,,,Not a Pedestrian,Driving carelessly,Slight Injury
15:30:00,Tuesday,31-50,Male,Junior high school,Employee,Below 1yr,Public (12 seats),Owner,,No defect,Other,Two-way (divided with broken lines road marking),Tangent road with flat terrain,Y Shape,Asphalt roads,Dry,Darkness - lights lit,Normal,Vehicle with vehicle collision,2,2,Going straight,Driver or rider,Male,18-30,3,Other,Normal,Not a Pedestrian,Changing lane to the left,Slight Injury
20:00:00,Tuesday,31-50,Male,Junior high school,Employee,Below 1yr,Stationwagen,Owner,,7, Outside rural areas,other,Tangent road with flat terrain,Y Shape,Asphalt roads,Dry,Daylight,Normal,,2,1,Going straight,Pedestrian,Female,18-30,2,,,Unknown or other,No distancing,Slight Injury
17:54:00,Friday,31-50,Male,Junior high school,Employee,2-5yr,Lorry (41?100Q),Owner,,No defect,Residential areas,Undivided Two way,Tangent road with flat terrain,No junction,Asphalt roads,Dry,Daylight,Normal,Vehicle with vehicle collision,1,1,Going straight,Driver or rider,Male,18-30,2,Driver,Normal,Not a Pedestrian,Changing lane to the right,Slight Injury
13:40:00,Sunday,Under 18,Male,Junior high school,Employee,Above 10yr,Public (> 45 seats),Owner,,,Other,Undivided Two way,Tangent road with flat terrain,Y Shape,Asphalt roads,Wet or damp,Daylight,Raining,Vehicle with vehicle collision,2,1,,Driver or rider,Male,18-30,3,Self-employed,Normal,Not a Pedestrian,Driving carelessly,Slight Injury
00:29:00,Saturday,18-30,Male,Junior high school,Owner,Above 10yr,Automobile,Owner,2-5yrs,,Other,Undivided Two way,Tangent road with flat terrain,No junction,Earth roads,Dry,Darkness - lights lit,Normal,Vehicle with vehicle collision,2,1,Going straight,Driver or rider,Male,31-50,3,Driver,Normal,Not a Pedestrian,No priority to pedestrian,Slight Injury
17:23:00,Tuesday,31-50,Male,Junior high school,Employee,Below 1yr,Automobile,Owner,Unknown,No defect,Residential areas,Undivided Two way,Tangent road with flat terrain,,Asphalt roads,Dry,Daylight,Normal,Vehicle with vehicle collision,2,1,Going straight,Driver or rider,Male,31-50,3,Self-employed,Normal,Not a Pedestrian,Changing lane to the right,Slight Injury
17:15:00,Tuesday,Unknown,Male,Junior high school,Employee,Above 10yr,Automobile,Owner,Unknown,No defect,Other,Two-way (divided with broken lines road marking),Tangent road with flat terrain,No junction,Asphalt roads,Dry,Daylight,Unknown,Vehicle with vehicle collision,1,1,Going straight,na,na,na,na,Self-employed,Normal,Not a Pedestrian,No distancing,Slight Injury
08:03:00,Monday,31-50,Male,Junior high school,Employee,2-5yr,Automobile,Owner,,,Office areas,Two-way (divided with broken lines road marking),Tangent road with flat terrain,No junction,Asphalt roads,Dry,Daylight,Normal,Vehicle with vehicle collision,2,1,Going straight,Pedestrian,Female,Over 51,1,,,Crossing from nearside - masked by parked or statioNot a Pedestrianry vehicle,Changing lane to the left,Slight Injury
12:27:00,Monday,18-30,Male,Junior high school,Employee,2-5yr,Pick up upto 10Q,Owner,1-2yr,No defect, Hospital areas,Undivided Two way,Tangent road with flat terrain,Y Shape,Asphalt roads,Dry,Daylight,Normal,Collision with roadside objects,2,1,Other,Driver or rider,Male,18-30,3,Driver,Normal,Not a Pedestrian,No priority to vehicle,Slight Injury
12:45:00,Sunday,18-30,Male,High school,Employee,Below 1yr,,Owner,5-10yrs,No defect,Other,Two-way (divided with broken lines road marking),Tangent road with flat terrain,Y Shape,Asphalt roads,Dry,Daylight,Normal,Vehicle with vehicle collision,2,1,Going straight,Pedestrian,Male,31-50,3,Driver,Normal,Crossing from nearside - masked by parked or statioNot a Pedestrianry vehicle,No priority to vehicle,Slight Injury
07:49:00,Wednesday,18-30,Male,Junior high school,Employee,Above 10yr,Lorry (41?100Q),Owner,,,Office areas,Two-way (divided with broken lines road marking),Tangent road with flat terrain,T Shape,Asphalt roads,Dry,Daylight,Normal,Vehicle with vehicle collision,3,2,Going straight,Passenger,Male,31-50,3,Driver,Normal,Not a Pedestrian,Changing lane to the right,Serious Injury
13:25:00,Monday,31-50,Male,Junior high school,Employee,2-5yr,Public (13?45 seats),Owner,Unknown,No defect,Other,Undivided Two way,Tangent road with flat terrain,Crossing,Asphalt roads,Dry,Daylight,Normal,Vehicle with vehicle collision,4,1,Going straight,na,na,na,na,Other,Normal,Not a Pedestrian,No distancing,Slight Injury
03:32:00,Saturday,Under 18,Male,Junior high school,Owner,Below 1yr,Taxi,Owner,2-5yrs,No defect,Residential areas,Two-way (divided with broken lines road marking),Gentle horizontal curve,No junction,Asphalt roads,Dry,Darkness - lights lit,Normal,Collision with roadside objects,2,3,Going straight,na,na,na,na,,,Not a Pedestrian,Overturning,Fatal injury
13:45:00,Wednesday,18-30,Male,Junior high school,Employee,2-5yr,Other,Owner,Unknown,,Other,Undivided Two way,Tangent road with flat terrain,No junction,Asphalt roads,Dry,Daylight,Normal,Vehicle with vehicle collision,1,1,Going straight,na,na,na,na,,Normal,Not a Pedestrian,No priority to pedestrian,Serious Injury
06:35:00,Friday,31-50,Male,High school,Employee,Below 1yr,Public (12 seats),Owner,Unknown,,Office areas,Undivided Two way,Tangent road with flat terrain,Crossing,Asphalt roads,Wet or damp,Darkness - lights lit,Raining,Vehicle with vehicle collision,2,1,Going straight,Driver or rider,Female,18-30,3,Employee,Normal,Not a Pedestrian,Driving carelessly,Serious Injury
08:30:00,Monday,18-30,Male,Elementary school,Owner,Above 10yr,Public (13?45 seats),Owner,5-10yrs,No defect,School areas,other,Tangent road with flat terrain,Y Shape,Asphalt roads,Wet or damp,Daylight,Other,Vehicle with vehicle collision,2,1,Reversing,Driver or rider,Male,Over 51,3,,,Not a Pedestrian,No priority to vehicle,Slight Injury
13:35:00,Tuesday,Unknown,Male,Elementary school,Employee,2-5yr,Long lorry,Governmental,,No defect,Office areas,other,Tangent road with mild grade and flat terrain,Y Shape,Gravel roads,Dry,Daylight,Normal,Vehicle with vehicle collision,2,1,Turnover,Pedestrian,Female,Under 18,3,Self-employed,Normal,Crossing from nearside - masked by parked or statioNot a Pedestrianry vehicle,Changing lane to the right,Slight Injury
21:00:00,Friday,31-50,Male,Junior high school,Employee,2-5yr,Lorry (11?40Q),Owner,Unknown,,Residential areas,,Tangent road with flat terrain,Crossing,Asphalt roads,Dry,Darkness - lights lit,Normal,Collision with roadside objects,4,1,Waiting to go,na,na,na,na,Driver,Normal,Not a Pedestrian,No distancing,Slight Injury
17:05:00,Monday,31-50,Male,Elementary school,Employee,Below 1yr,Taxi,Owner,5-10yrs,No defect,Residential areas,One way,Tangent road with flat terrain,Y Shape,Asphalt roads,Dry,Daylight,Normal,Vehicle with vehicle collision,2,1,,Passenger,Female,18-30,3,,Normal,Not a Pedestrian,No distancing,Serious Injury
16:26:00,Tuesday,Over 51,Male,Above high school,Owner,2-5yr,Public (12 seats),Owner,,No defect,Residential areas,Two-way (divided with broken lines road marking),Tangent road with flat terrain,Y Shape,Asphalt roads,Dry,Daylight,Normal,Collision with roadside objects,2,1,Reversing,na,na,na,na,,,Not a Pedestrian,Changing lane to the right,Slight Injury
13:31:00,Sunday,18-30,Male,,Owner,Below 1yr,Public (12 seats),Owner,,No defect,Office areas,Two-way (divided with broken lines road marking),Tangent road with flat terrain,Y Shape,Asphalt roads,Dry,Daylight,Normal,Collision with roadside objects,2,1,Going straight,na,na,na,na,Driver,Normal,Not a Pedestrian,No distancing,Slight Injury
20:20:00,Wednesday,31-50,Male,Junior high school,Owner,Above 10yr,Lorry (11?40Q),Owner,Unknown,No defect,School areas,,Tangent road with flat terrain,Y Shape,Asphalt roads,Dry,Daylight,Normal,Vehicle with vehicle collision,2,1,Going straight,na,na,na,na,Driver,Normal,Not a Pedestrian,Driving carelessly,Serious Injury
07:47:00,Wednesday,31-50,Male,Junior high school,Employee,Above 10yr,Other,Owner,2-5yrs,,Office areas,Two-way (divided with broken lines road marking),Tangent road with flat terrain,Crossing,Other,Dry,Daylight,Unknown,Collision with pedestrians,2,1,Other,na,na,na,na,Driver,Normal,Not a Pedestrian,Moving Backward,Serious Injury
08:35:00,Wednesday,31-50,Male,Junior high school,Employee,Above 10yr,Other,Owner,Above 10yr,No defect,School areas,Undivided Two way,Tangent road with flat terrain,Y Shape,Asphalt roads,Dry,Daylight,Normal,Collision with roadside objects,2,1,Turnover,na,na,na,na,,,Not a Pedestrian,Driving carelessly,Slight Injury
17:28:00,Thursday,31-50,Male,Junior high school,Employee,5-10yr,Lorry (41?100Q),Owner,Unknown,,Office areas,One way,Tangent road with flat terrain,Other,Asphalt roads,Dry,Darkness - lights lit,Normal,Vehicle with vehicle collision,1,1,Other,Driver or rider,Male,31-50,3,Driver,Normal,Not a Pedestrian,Changing lane to the right,Serious Injury