Time,Day_of_week,Age_band_of_driver,Sex_of_driver,Educational_level,Vehicle_driver_relation,Driving_experience,Type_of_vehicle,Owner_of_vehicle,Service_year_of_vehicle,Defect_of_vehicle,Area_accident_occured,Lanes_or_Medians,Road_allignment,Types_of_Junction,Road_surface_type,Road_surface_conditions,Light_conditions,Weather_conditions,Type_of_collision,Number_of_vehicles_involved,Number_of_casualties,Vehicle_movement,Casualty_class,Sex_of_casualty,Age_band_of_casualty,Casualty_severity,Work_of_casuality,Fitness_of_casuality,Pedestrian_movement,Cause_of_accident,Accident_severity
23:35:00,Wednesday,31-50,Male,Junior high school,Employee,Above 10yr,Motorcycle,Owner,Above 10yr,No defect,Residential areas,Undivided Two way,Tangent road with flat terrain,Crossing,Asphalt roads,Dry,Darkness - lights lit,Normal,Collision with pedestrians,2,1,Going straight,na,na,na,na,Self-employed,Normal,Not a Pedestrian,No distancing,Serious Injury
17:40:00,Thursday,18-30,Male,High school,Employee,Below 1yr,Pick up upto 10Q,Owner,Above 10yr,,Residential areas,other,Tangent road with flat terrain,No junction,Asphalt roads,Dry,Daylight,Normal,Vehicle with vehicle collision,1,1,Going straight,Driver or rider,Female,31-50,3,,Normal,Not a Pedestrian,Moving Backward,Serious Injury
17:40:00,Saturday,18-30,Male,Junior high school,Employee,Above 10yr,Automobile,Governmental,Above 10yr,No defect,Other,Two-way (divided with broken lines road marking),Tangent road with flat terrain,No junction,Asphalt roads,Dry,Daylight,Normal,,2,2,Reversing,na,na,na,na,Employee,Normal,Not a Pedestrian,Changing lane to the right,Slight Injury
18:08:00,Saturday,18-30,Male,Above high school,Owner,5-10yr,Automobile,Governmental,Below 1yr,No defect,Residential areas,Undivided Two way,Tangent road with flat terrain,Y Shape,Asphalt roads,Dry,Darkness - no lighting,Normal,Vehicle with vehicle collision,2,4,Going straight,Passenger,Female,31-50,3,Driver,Normal,Not a Pedestrian,No priority to pedestrian,Fatal injury
21:00:00,Saturday,18-30,Male,,,,,,,,,Two-way (divided with broken lines road marking),Tangent road with flat terrain,Y Shape,Asphalt roads,Wet or damp,Darkness - lights lit,Raining,Collision with pedestrians,1,1,Going straight,na,na,na,na,Driver,Normal,Not a Pedestrian,Driving under the influence of drugs,Fatal injury
16:00:00,Sunday,18-30,Male,Above high school,Employee,1-2yr,Lorry (41?100Q),Governmental,1-2yr,No defect, Church areas,other,Steep grade downward with mountainous terrain,Y Shape,Asphalt roads,Dry,Daylight,Normal,Vehicle with vehicle collision,3,1,Entering a junction,Pedestrian,Male,Under 18,3,,,Unknown or other,Changing lane to the left,Slight Injury
03:32:00,Saturday,Under 18,Male,Junior high school,Owner,Below 1yr,Taxi,Owner,2-5yrs,No defect,Residential areas,Two-way (divided with broken lines road marking),Gentle horizontal curve,No junction,Asphalt roads,Dry,Darkness - lights lit,Normal,Collision with roadside objects,2,3,Going straight,na,na,na,na,,,Not a Pedestrian,Overturning,Fatal injury
19:40:00,Monday,31-50,Male,Junior high school,Employee,5-10yr,Automobile,Owner,Below 1yr,,Office areas,Two-way (divided with broken lines road marking),Tangent road with flat terrain,Crossing,Asphalt roads,Wet or damp,Darkness - no lighting,Normal,Vehicle with vehicle collision,2,3,Unknown,na,na,na,na,Driver,Normal,Not a Pedestrian,Changing lane to the right,Slight Injury
11:38:00,Saturday,31-50,Male,Elementary school,Owner,5-10yr,Automobile,Owner,,No defect,Other,Two-way (divided with broken lines road marking),Tangent road with flat terrain,No junction,Asphalt roads,Dry,Daylight,Normal,Vehicle with vehicle collision,2,3,Going straight,Driver or rider,Male,31-50,3,Employee,Normal,Not a Pedestrian,No distancing,Slight Injury
05:40:00,Sunday,18-30,Male,High school,Owner,Above 10yr,Automobile,Owner,2-5yrs,No defect, Church areas,Undivided Two way,Tangent road with flat terrain,Other,Asphalt roads,Wet or damp,Darkness - lights lit,Windy,Vehicle with vehicle collision,2,1,Going straight,Driver or rider,Male,18-30,3,,,Not a Pedestrian,No distancing,Serious Injury
17:21:00,Tuesday,31-50,Male,Junior high school,Employee,5-10yr,Lorry (41?100Q),Owner,Above 10yr,,Other,Undivided Two way,Tangent road with flat terrain,No junction,Earth roads,Dry,Daylight,Normal,Collision with roadside objects,2,1,Going straight,na,na,na,na,Driver,Normal,Not a Pedestrian,Driving carelessly,Slight Injury
17:23:00,Thursday,18-30,Male,Above high school,Employee,Above 10yr,Automobile,Owner,2-5yrs,No defect,Other,Two-way (divided with broken lines road marking),Tangent road with flat terrain,Y Shape,Asphalt roads,Dry,Daylight,Normal,Vehicle with vehicle collision,2,1,Moving Backward,na,na,na,na,Self-employed,Normal,Not a Pedestrian,No priority to vehicle,Slight Injury
13:55:00,Saturday,31-50,Male,Junior high school,Employee,Above 10yr,Automobile,Organization,2-5yrs,No defect,Other,Two-way (divided with broken lines road marking),Tangent road with mountainous terrain and,No junction,Asphalt roads,Dry,Daylight,Normal,Vehicle with vehicle collision,1,1,Going straight,na,na,na,na,Self-employed,Normal,Not a Pedestrian,Other,Serious Injury
21:55:00,Sunday,18-30,Male,,,,Automobile,Owner,2-5yrs,,  Recreational areas,Undivided Two way,Tangent road with flat terrain,Crossing,Asphalt roads,Dry,Darkness - lights lit,Normal,Vehicle with vehicle collision,2,1,Going straight,na,na,na,na,Driver,Normal,Not a Pedestrian,Moving Backward,Slight Injury
18:40:00,Thursday,18-30,Male,Junior high school,Employee,2-5yr,Automobile,Owner,Unknown,No defect,Office areas,Undivided Two way,Tangent road with flat terrain,No junction,Asphalt roads,Dry,Daylight,Normal,Vehicle with vehicle collision,3,1,Going straight,na,na,na,na,,,Not a Pedestrian,No priority to vehicle,Slight Injury
15:55:00,Thursday,18-30,Male,Junior high school,Employee,Above 10yr,Lorry (41?100Q),Owner,2-5yrs,,Other,Undivided Two way,Tangent road with flat terrain,,Asphalt roads,Dry,Daylight,Normal,Vehicle with vehicle collision,2,1,Other,Driver or rider,Female,18-30,3,Driver,Normal,Not a Pedestrian,Changing lane to the left,Serious Injury
18:20:00,Monday,Unknown,Female,Elementary school,Employee,5-10yr,Other,Owner,Below 1yr,,Office areas,Two-way (divided with broken lines road marking),Tangent road with flat terrain,Y Shape,Asphalt roads,Dry,Darkness - lights lit,Normal,Collision with roadside objects,4,1,Going straight,na,na,na,na,Driver,Normal,Not a Pedestrian,Overtaking,Slight Injury
23:30:00,Friday,18-30,Male,Junior high school,Employee,Above 10yr,Stationwagen,Owner,,,School areas,Two-way (divided with broken lines road marking),Tangent road with flat terrain,Y Shape,Asphalt roads,Dry,Darkness - lights lit,Normal,Vehicle with vehicle collision,2,2,Entering a junction,na,na,na,na,Driver,Normal,Not a Pedestrian,Changing lane to the right,Slight Injury
15:40:00,Monday,18-30,Male,Junior high school,Employee,1-2yr,Public (12 seats),Owner,,No defect,Office areas,,Tangent road with flat terrain,,Gravel roads,Dry,Darkness - lights lit,Normal,Collision with roadside objects,1,2,Going straight,Pedestrian,Female,18-30,3,,,Crossing from nearside - masked by parked or statioNot a Pedestrianry vehicle,Changing lane to the right,Serious Injury
14:15:00,Wednesday,18-30,Male,Junior high school,Employee,Above 10yr,Stationwagen,Owner,Above 10yr,,Other,Two-way (divided with broken lines road marking),Tangent road with mountainous terrain and,Y Shape,Asphalt roads,Dry,Daylight,Normal,Vehicle with vehicle collision,3,1,Going straight,Driver or rider,Male,18-30,3,Driver,Normal,Not a Pedestrian,Changing lane to the left,Slight Injury
15:17:00,Sunday,31-50,Male,Junior high school,Owner,5-10yr,Automobile,Owner,,,Other,other,Tangent road with flat terrain,No junction,Earth roads,Dry,Daylight,Normal,Collision with animals,2,1,Going straight,Pedestrian,Male,18-30,3,,Normal,Not a Pedestrian,Moving Backward,Fatal injury
18:35:00,Wednesday,18-30,Male,,,,Public (13?45 seats),Owner,5-10yrs,,Office areas,Undivided Two way,Tangent road with flat terrain,Y Shape,Asphalt roads,Wet or damp,Darkness - lights lit,Normal,Vehicle with vehicle collision,2,1,Going straight,Driver or rider,Female,31-50,3,Driver,Normal,Not a Pedestrian,Changing lane to the right,Serious Injury
11:38:00,Saturday,Over 51,Male,Elementary school,Owner,2-5yr,Other,Governmental,2-5yrs,,Office areas,Undivided Two way,Tangent road with flat terrain,No junction,Asphalt roads,Dry,Daylight,Normal,Vehicle with vehicle collision,3,3,Going straight,na,na,na,na,Driver,Normal,Not a Pedestrian,No distancing,Slight Injury
18:20:00,Sunday,31-50,Male,Elementary school,Employee,2-5yr,Automobile,Governmental,Unknown,,Residential areas,Two-way (divided with broken lines road marking),Tangent road with flat terrain,No junction,Asphalt roads,Wet or damp,Daylight,Raining,Vehicle with vehicle collision,2,4,Other,Driver or rider,Male,31-50,3,Driver,Normal,Not a Pedestrian,Changing lane to the left,Slight Injury
17:55:00,Saturday,18-30,Male,High school,Employee,2-5yr,Long lorry,Owner,,No defect,Other,Undivided Two way,Tangent road with flat terrain,,Asphalt roads,Dry,Daylight,Normal,Vehicle with vehicle collision,2,1,Going straight,na,na,na,na,Driver,Normal,Not a Pedestrian,Changing lane to the left,Slight Injury
14:30:00,Friday,Unknown,Male,Junior high school,Other,Below 1yr,Lorry (11?40Q),Owner,Unknown,No defect, Industrial areas,Undivided Two way,Tangent road with flat terrain,No junction,Asphalt roads,Dry,Daylight,Normal,Vehicle with vehicle collision,2,1,Going straight,na,na,na,na,Driver,Normal,Not a Pedestrian,Overturning,Slight Injury
11:30:00,Tuesday,18-30,Male,High school,Employee,Below 1yr,Public (12 seats),Owner,Above 10yr,No defect, Church areas,other,Tangent road with flat terrain,Y Shape,Asphalt roads,Dry,Daylight,Normal,Collision with pedestrians,2,1,Moving Backward,Driver or rider,Female,31-50,3,,,Not a Pedestrian,Driving carelessly,Slight Injury
16:00:00,Friday,Under 18,Male,Junior high school,Employee,1-2yr,Automobile,Governmental,,No defect,Residential areas,Undivided Two way,Tangent road with flat terrain,,Asphalt roads,Dry,Daylight,Normal,Vehicle with vehicle collision,2,1,Going straight,Driver or rider,Female,31-50,3,Driver,Normal,Not a Pedestrian,Changing lane to the left,Slight Injury
15:30:00,Friday,31-50,Male,Unknown,Owner,Above 10yr,Other,Organization,Unknown,No defect,Other,Double carriageway (median),Tangent road with flat terrain,No junction,Asphalt roads,Dry,Daylight,Normal,Vehicle with vehicle collision,4,5,Going straight,Driver or rider,Male,31-50,3,,,Not a Pedestrian,No priority to pedestrian,Slight Injury
17:52:00,Saturday,18-30,Male,,,,Automobile,Owner,,No defect,Office areas,Two-way (divided with broken lines road marking),Tangent road with flat terrain,Unknown,Earth roads,Dry,Darkness - lights lit,Normal,Vehicle with vehicle collision,3,2,Going straight,Passenger,Female,Over 51,3,Driver,Normal,Not a Pedestrian,Overloading,Slight Injury
20:40:00,Wednesday,31-50,Male,,Owner,Below 1yr,Lorry (41?100Q),Owner,,No defect,Office areas,One way,Tangent road with flat terrain,Crossing,Asphalt roads,Dry,Daylight,Normal,Collision with pedestrians,2,4,Going straight,Pedestrian,Male,5,2,,Normal,Not a Pedestrian,Changing lane to the left,Fatal injury
22:17:00,Saturday,18-30,Male,Junior high school,Employee,2-5yr,Other,Organization,5-10yrs,No defect,Office areas,Two-way (divided with broken lines road marking),Gentle horizontal curve,Other,Asphalt roads,Dry,Darkness - lights lit,Normal,Vehicle with vehicle collision,3,6,Going straight,Driver or rider,Male,18-30,3,,,Not a Pedestrian,Overloading,Slight Injury
07:10:00,Friday,18-30,Male,Junior high school,Employee,2-5yr,,Owner,Unknown,No defect, Church areas,One way,Tangent road with flat terrain,Y Shape,Gravel roads,Dry,Darkness - lights lit,Normal,Vehicle with vehicle collision,2,1,Going straight,na,na,na,na,Driver,Normal,Not a Pedestrian,Moving Backward,Serious Injury
17:25:00,Friday,31-50,Male,High school,Employee,2-5yr,Long lorry,Owner,Unknown,No defect,Office areas,Two-way (divided with broken lines road marking),Tangent road with flat terrain,,Earth roads,Dry,Darkness - lights lit,Normal,Vehicle with vehicle collision,1,4,,na,na,na,na,Driver,Normal,Not a Pedestrian,Overtaking,Fatal injury
11:00:00,Wednesday,Over 51,Male,High school,Employee,Above 10yr,Lorry (41?100Q),Owner,Above 10yr,No defect,Office areas,Undivided Two way,Tangent road with flat terrain,Y Shape,Asphalt roads,Dry,Daylight,Normal,Vehicle with vehicle collision,2,2,Going straight,na,na,na,na,Self-employed,Normal,Not a Pedestrian,Changing lane to the left,Slight Injury
15:52:00,Friday,18-30,Male,Junior high school,Employee,2-5yr,Lorry (41?100Q),Owner,Unknown,,Office areas,Double carriageway (median),Tangent road with flat terrain,Y Shape,Asphalt roads,Dry,Daylight,Normal,Vehicle with vehicle collision,3,1,Going straight,Pedestrian,Female,Under 18,3,Driver,Normal,"Walking along in carriageway, back to traffic",Getting off the vehicle improperly,Slight Injury
12:50:00,Wednesday,Over 51,Male,Elementary school,Employee,2-5yr,Long lorry,Owner,Above 10yr,No defect, Church areas,other,Tangent road with flat terrain,Crossing,Asphalt roads,Dry,Daylight,Normal,Vehicle with vehicle collision,2,3,Going straight,na,na,na,na,Other,Normal,Not a Pedestrian,No priority to vehicle,Slight Injury
20:55:00,Friday,Over 51,Male,Junior high school,Employee,5-10yr,Automobile,Owner,2-5yrs,,Other,Two-way (divided with broken lines road marking),Tangent road with flat terrain,Crossing,Asphalt roads,Dry,Darkness - lights lit,Normal,Collision with pedestrians,3,5,Going straight,na,na,na,na,Driver,Normal,Not a Pedestrian,Changing lane to the right,Serious Injury
15:30:00,Sunday,Unknown,Female,Elementary school,Employee,2-5yr,Stationwagen,Owner,Unknown,,Office areas,One way,Tangent road with flat terrain,Crossing,Asphalt roads,Wet or damp,Daylight,Raining,Vehicle with vehicle collision,2,1,Reversing,na,na,na,na,Driver,Normal,Not a Pedestrian,No priority to vehicle,Slight Injury
15:48:00,Tuesday,18-30,Male,Junior high school,Employee,2-5yr,Pick up upto 10Q,Owner,2-5yrs,No defect,Residential areas,Undivided Two way,Tangent road with flat terrain,No junction,Asphalt roads,Dry,Daylight,Normal,Vehicle with vehicle collision,2,1,Going straight,na,na,na,na,Self-employed,Normal,Not a Pedestrian,Changing lane to the right,Slight Injury
19:30:00,Saturday,18-30,Male,Junior high school,Employee,2-5yr,Lorry (41?100Q),Owner,,No defect, Outside rural areas,Undivided Two way,Tangent road with flat terrain,No junction,Asphalt roads,Dry,Daylight,Normal,Vehicle with vehicle collision,1,1,Going straight,Driver or rider,Male,31-50,3,Student,Normal,Not a Pedestrian,Changing lane to the left,Slight Injury
16:38:00,Wednesday,Unknown,Female,Junior high school,Employee,Above 10yr,,Owner,,,,,Tangent road with flat terrain,Y Shape,Asphalt roads,Dry,Daylight,Normal,Collision with pedestrians,2,2,Going straight,Driver or rider,Male,18-30,3,,,Not a Pedestrian,Changing lane to the left,Slight Injury
15:10:00,Thursday,18-30,Male,Junior high school,Employee,Below 1yr,Automobile,Owner,Unknown,No defect,Residential areas,Two-way (divided with broken lines road marking),Tangent road with flat terrain,No junction,Asphalt roads,Dry,Daylight,Normal,Vehicle with vehicle collision,3,2,Turnover,Pedestrian,Female,31-50,3,Driver,Normal,Unknown or other,Overturning,Slight Injury
17:45:00,Sunday,31-50,Male,Junior high school,Employee,1-2yr,Lorry (41?100Q),Owner,Unknown,No defect, Church areas,Two-way (divided with broken lines road marking),Tangent road with flat terrain,Other,Asphalt roads,Wet or damp,Darkness - lights lit,Raining,Collision with pedestrians,2,2,Going straight,Driver or rider,Male,Over 51,2,Self-employed,Normal,Not a Pedestrian,No priority to vehicle,Slight Injury
20:40:00,Wednesday,31-50,Male,Junior high school,Owner,,Lorry (41?100Q),Governmental,,No defect,Residential areas,Two-way (divided with broken lines road marking),Tangent road with flat terrain,Crossing,Asphalt roads,Dry,Daylight,Normal,Vehicle with vehicle collision,2,4,Going straight,Driver or rider,Female,31-50,3,,,Not a Pedestrian,No priority to vehicle,Fatal injury
15:17:00,Sunday,31-50,Male,Junior high school,Employee,Above 10yr,Lorry (41?100Q),,,No defect,Other,Two-way (divided with broken lines road marking),Tangent road with flat terrain,No junction,Earth roads,Dry,Daylight,Normal,Vehicle with vehicle collision,2,1,Going straight,Driver or rider,Male,31-50,3,Self-employed,Normal,Not a Pedestrian,Moving Backward,Fatal injury
20:16:00,Sunday,31-50,Male,Junior high school,Employee,5-10yr,Lorry (41?100Q),Governmental,Below 1yr,No defect,Residential areas,Two-way (divided with broken lines road marking),Tangent road with flat terrain,,Asphalt roads,Wet or damp,Daylight,Raining,Vehicle with vehicle collision,2,2,Going straight,na,na,na,na,Driver,Normal,Not a Pedestrian,No distancing,Slight Injury
19:30:00,Thursday,18-30,Male,Junior high school,Employee,2-5yr,Public (12 seats),Owner,2-5yrs,,Other,Undivided Two way,Tangent road with mountainous terrain and,No junction,Asphalt roads,Wet or damp,Daylight,Normal,Vehicle with vehicle collision,2,3,U-Turn,na,na,na,na,,,Not a Pedestrian,No priority to vehicle,Slight Injury
17:43:00,Wednesday,18-30,Male,Junior high school,Employee,5-10yr,,,,No defect,Other,Two-way (divided with broken lines road marking),Tangent road with flat terrain,Y Shape,Asphalt roads,Dry,Darkness - lights lit,Normal,Rollover,2,2,Turnover,Driver or rider,Female,18-30,3,Driver,Normal,Not a Pedestrian,No priority to vehicle,Slight Injury
08:10:00,Monday,31-50,Male,Elementary school,Employee,2-5yr,Automobile,Owner,Unknown,No defect,Office areas,Undivided Two way,Tangent road with flat terrain,,Asphalt roads,Dry,Daylight,Normal,Vehicle with vehicle collision,2,1,Going straight,Pedestrian,Female,Over 51,3,,,Unknown or other,Changing lane to the left,Slight Injury
20:40:00,Friday,18-30,Male,Junior high school,Employee,Above 10yr,Automobile,Organization,2-5yrs,,Office areas,Two-way (divided with broken lines road marking),Tangent road with mountainous terrain and,Y Shape,Asphalt roads,Dry,Darkness - lights lit,Normal,Vehicle with vehicle collision,2,1,Going straight,Driver or rider,Female,31-50,3,Driver,Normal,Not a Pedestrian,Driving carelessly,Slight Injury
16:58:00,Thursday,Over 51,Male,Elementary school,Owner,Above 10yr,Lorry (41?100Q),Owner,Unknown,No defect,Other,Two-way (divided with broken lines road marking),Tangent road with flat terrain,Crossing,Asphalt roads,Dry,Daylight,Normal,Vehicle with vehicle collision,2,1,Going straight,Pedestrian,Male,31-50,3,Driver,Normal,"In carriageway, statioNot a Pedestrianry - not crossing  (standing or playing)",Changing lane to the right,Slight Injury
22:30:00,Sunday,31-50,Male,Junior high school,Owner,Above 10yr,Automobile,Owner,1-2yr,No defect,Office areas,Undivided Two way,Tangent road with flat terrain,No junction,Asphalt roads with some distress,Wet or damp,Darkness - lights lit,Raining,Vehicle with vehicle collision,2,1,Other,na,na,na,na,Driver,Normal,Not a Pedestrian,Changing lane to the left,Slight Injury
13:54:00,Thursday,18-30,Male,,Employee,,Long lorry,Owner,,,Other,Two-way (divided with broken lines road marking),Tangent road with flat terrain,No junction,Asphalt roads,Dry,Daylight,Normal,Vehicle with vehicle collision,2,1,Going straight,na,na,na,na,Driver,Normal,Not a Pedestrian,Overtaking,Slight Injury
09:00:00,Thursday,18-30,Male,Junior high school,Employee,5-10yr,Long lorry,,,No defect,Other,Two-way (divided with broken lines road marking),Tangent road with flat terrain,Y Shape,Asphalt roads,Dry,Daylight,Normal,Collision with roadside objects,2,1,Moving Backward,Pedestrian,Male,18-30,3,Self-employed,Normal,Crossing from offside - masked by  parked or statioNot a Pedestrianry vehicle,Changing lane to the left,Serious Injury
13:34:00,Friday,Under 18,Male,Unknown,Owner,Above 10yr,Pick up upto 10Q,Owner,,,Office areas,Two-way (divided with broken lines road marking),Tangent road with flat terrain,Other,Asphalt roads,Wet or damp,Daylight,Normal,Vehicle with vehicle collision,2,1,Other,Driver or rider,Male,Under 18,3,Driver,Normal,Not a Pedestrian,Getting off the vehicle improperly,Serious Injury
19:00:00,Tuesday,Over 51,Male,Junior high school,Employee,1-2yr,Lorry (41?100Q),Owner,2-5yrs,No defect,Other,Two-way (divided with broken lines road marking),Tangent road with flat terrain,No junction,Asphalt roads,Dry,Darkness - lights lit,Normal,Vehicle with vehicle collision,2,1,Going straight,na,na,na,na,Driver,Normal,Not a Pedestrian,Changing lane to the right,Slight Injury
16:25:00,Sunday,18-30,Male,Junior high school,Employee,Above 10yr,Automobile,Governmental,Unknown,No defect,Other,One way,Tangent road with flat terrain,No junction,Asphalt roads,Wet or damp,Daylight,Raining,Vehicle with vehicle collision,2,4,,Driver or rider,Male,Under 18,3,Self-employed,Normal,Not a Pedestrian,No priority to vehicle,Fatal injury
08:40:00,Thursday,31-50,Male,Junior high school,Employee,1-2yr,Lorry (41?100Q),Owner,2-5yrs,No defect,Other,Two-way (divided with broken lines road marking),Tangent road with flat terrain,Y Shape,Asphalt roads,Dry,Daylight,Normal,Vehicle with vehicle collision,2,1,Going straight,Passenger,Female,Over 51,3,Driver,Normal,Not a Pedestrian,Overturning,Serious Injury
12:20:00,Friday,Under 18,Male,Above high school,Employee,Below 1yr,Motorcycle,Owner,,No defect,Residential areas,Two-way (divided with broken lines road marking),Tangent road with flat terrain,No junction,Earth roads,Dry,Daylight,Normal,Collision with pedestrians,2,1,Getting off,Driver or rider,Male,31-50,3,,,Not a Pedestrian,Changing lane to the left,Slight Injury
12:40:00,Friday,Under 18,Male,Junior high school,Owner,2-5yr,Lorry (11?40Q),Owner,Unknown,,Other,One way,Tangent road with flat terrain,No junction,Asphalt roads,Dry,Daylight,Normal,Vehicle with vehicle collision,2,1,Going straight,Driver or rider,Male,18-30,3,Driver,Normal,Not a Pedestrian,Driving carelessly,Serious Injury
22:40:00,Monday,31-50,Male,Junior high school,Employee,5-10yr,Stationwagen,Governmental,,No defect,Residential areas,Two-way (divided with broken lines road marking),Tangent road with flat terrain,No junction,Asphalt roads,Wet or damp,Darkness - lights lit,Other,Vehicle with vehicle collision,1,1,Other,na,na,na,na,Employee,Normal,Not a Pedestrian,Driving under the influence of drugs,Slight Injury
07:40:00,Thursday,Unknown,Male,Junior high school,Owner,2-5yr,Lorry (41?100Q),Owner,Above 10yr,No defect, Church areas,other,Tangent road with flat terrain,Y Shape,Asphalt roads,Dry,Daylight,Other,Vehicle with vehicle collision,2,1,Going straight,Pedestrian,Male,18-30,2,Driver,Normal,Unknown or other,Driving carelessly,Slight Injury
17:36:00,Friday,Under 18,Male,Junior high school,Employee,2-5yr,Pick up upto 10Q,Owner,,,Office areas,Double carriageway (median),Tangent road with flat terrain,Y Shape,Asphalt roads,Dry,Daylight,Normal,Rollover,2,1,Going straight,na,na,na,na,Driver,Normal,Not a Pedestrian,No priority to pedestrian,Slight Injury
06:12:00,Saturday,Over 51,Male,,,,,Owner,2-5yrs,No defect,Residential areas,Undivided Two way,Steep grade downward with mountainous terrain,Y Shape,Asphalt roads,Dry,Daylight,Normal,Rollover,2,1,Going straight,na,na,na,na,Driver,Normal,Not a Pedestrian,No priority to vehicle,Slight Injury
17:10:00,Thursday,Unknown,Male,Junior high school,Employee,Above 10yr,Taxi,Owner,Above 10yr,No defect,Residential areas,other,Tangent road with flat terrain,No junction,Asphalt roads,Wet or damp,Daylight,Raining,Vehicle with vehicle collision,2,1,Going straight,Pedestrian,Female,Over 51,3,Driver,Normal,"In carriageway, statioNot a Pedestrianry - not crossing  (standing or playing) - masked by parked or statioNot a Pedestrianry vehicle",Changing lane to the right,Slight Injury
18:23:00,Saturday,Under 18,Male,Junior high school,Employee,5-10yr,Other,Owner,2-5yrs,,Other,Two-way (divided with broken lines road marking),Tangent road with flat terrain,Y Shape,Asphalt roads,Wet or damp,Darkness - lights lit,Raining,Vehicle with vehicle collision,2,1,Moving Backward,Driver or rider,Male,Over 51,3,Driver,Normal,Not a Pedestrian,Driving carelessly,Slight Injury
17:45:00,Thursday,31-50,Male,Elementary school,Employee,5-10yr,,Owner,5-10yrs,No defect, Industrial areas,Two-way (divided with broken lines road marking),Tangent road with mild grade and flat terrain,Y Shape,Asphalt roads,Dry,Darkness - lights lit,Normal,Vehicle with vehicle collision,1,1,Going straight,Pedestrian,Male,Over 51,2,Driver,Normal,Not a Pedestrian,Changing lane to the right,Slight Injury
23:10:00,Friday,18-30,Male,Elementary school,Employee,1-2yr,Motorcycle,Owner,2-5yrs,No defect,Office areas,Two-way (divided with broken lines road marking),Tangent road with flat terrain,Crossing,Asphalt roads,Dry,Darkness - lights lit,Normal,Vehicle with vehicle collision,2,1,Turnover,Driver or rider,Male,18-30,3,Driver,Normal,Not a Pedestrian,Overtaking,Slight Injury
22:35:00,Wednesday,18-30,Male,Elementary school,Employee,Above 10yr,Automobile,,,,Other,Two-way (divided with broken lines road marking),Tangent road with flat terrain,No junction,Asphalt roads,Dry,Darkness - lights lit,Normal,Vehicle with vehicle collision,1,3,Going straight,Driver or rider,Male,31-50,3,Driver,Normal,Not a Pedestrian,No distancing,Slight Injury
09:15:00,Friday,Unknown,Male,Junior high school,,1-2yr,Public (> 45 seats),Owner,,No defect,Other,Undivided Two way,Tangent road with flat terrain,Y Shape,Asphalt roads,Dry,Daylight,Normal,Vehicle with vehicle collision,2,1,Going straight,Driver or rider,Male,31-50,3,Self-employed,Normal,Not a Pedestrian,Driving to the left,Slight Injury
15:35:00,Thursday,31-50,Male,Junior high school,Employee,5-10yr,Public (13?45 seats),Owner,2-5yrs,, Church areas,other,Tangent road with flat terrain,Other,Asphalt roads,Dry,Daylight,Normal,Vehicle with vehicle collision,2,1,Going straight,Driver or rider,Female,31-50,3,Self-employed,Normal,Not a Pedestrian,Driving under the influence of drugs,Slight Injury
15:40:00,Monday,Unknown,Male,Junior high school,Employee,5-10yr,Taxi,Owner,Unknown,No defect,Other,Undivided Two way,Tangent road with flat terrain,No junction,Asphalt roads,Dry,Daylight,Normal,Vehicle with vehicle collision,2,1,Going straight,Driver or rider,Male,31-50,3,Driver,Normal,Not a Pedestrian,Moving Backward,Slight Injury
08:40:00,Sunday,Unknown,Female,Junior high school,Employee,5-10yr,Stationwagen,Owner,,No defect,Office areas,Undivided Two way,Tangent road with flat terrain,No junction,Asphalt roads,Wet or damp,Daylight,Normal,Collision with roadside objects,2,1,Going straight,Driver or rider,Female,Under 18,3,,,Not a Pedestrian,Changing lane to the right,Slight Injury
16:55:00,Friday,31-50,Male,Junior high school,Owner,Above 10yr,Public (12 seats),Owner,Above 10yr,No defect,Other,Undivided Two way,Tangent road with flat terrain,No junction,Asphalt roads,Dry,Daylight,Normal,Vehicle with vehicle collision,3,3,Going straight,Passenger,Male,31-50,3,Employee,Normal,Not a Pedestrian,Driving under the influence of drugs,Slight Injury
05:40:00,Sunday,18-30,Male,High school,Owner,Above 10yr,Automobile,Owner,2-5yrs,No defect, Church areas,Undivided Two way,Tangent road with flat terrain,Other,Asphalt roads,Wet or damp,Darkness - lights lit,Windy,Vehicle with vehicle collision,2,1,Going straight,Driver or rider,Male,18-30,3,,,Not a Pedestrian,No distancing,Serious Injury
10:23:00,Wednesday,31-50,Male,Junior high school,Employee,5-10yr,Lorry (41?100Q),Owner,1-2yr,No defect,Other,One way,Tangent road with flat terrain,No junction,Asphalt roads,Dry,Daylight,Normal,Vehicle with vehicle collision,2,1,Turnover,Driver or rider,Male,31-50,3,,,Not a Pedestrian,Changing lane to the right,Slight Injury
20:05:00,Tuesday,18-30,Male,High school,Employee,Below 1yr,Stationwagen,Owner,,No defect,Other,Two-way (divided with broken lines road marking),Tangent road with flat terrain,Crossing,Asphalt roads,Dry,Daylight,Normal,Vehicle with vehicle collision,2,1,Going straight,na,na,na,na,Self-employed,Normal,Not a Pedestrian,Changing lane to the left,Slight Injury