Time,Day_of_week,Age_band_of_driver,Sex_of_driver,Educational_level,Vehicle_driver_relation,Driving_experience,Type_of_vehicle,Owner_of_vehicle,Service_year_of_vehicle,Defect_of_vehicle,Area_accident_occured,Lanes_or_Medians,Road_allignment,Types_of_Junction,Road_surface_type,Road_surface_conditions,Light_conditions,Weather_conditions,Type_of_collision,Number_of_vehicles_involved,Number_of_casualties,Vehicle_movement,Casualty_class,Sex_of_casualty,Age_band_of_casualty,Casualty_severity,Work_of_casuality,Fitness_of_casuality,Pedestrian_movement,Cause_of_accident,Accident_severity
03:02:00,Sunday,31-50,Male,Elementary school,Employee,2-5yr,Pick up upto 10Q,Owner,,No defect,Other,One way,Escarpments,No junction,Asphalt roads,Dry,Darkness - lights lit,Normal,Collision with roadside objects,2,2,Getting off,Driver or rider,Male,18-30,3,Driver,Normal,Not a Pedestrian,Changing lane to the left,Slight Injury
08:35:00,Wednesday,Under 18,Male,Junior high school,Employee,,Lorry (41?100Q),Owner,Above 10yr,No defect,Residential areas,Two-way (divided with broken lines road marking),Tangent road with flat terrain,X Shape,Asphalt roads,Dry,Daylight,Normal,Vehicle with vehicle collision,2,1,Going straight,Driver or rider,Male,Under 18,3,,Other,Not a Pedestrian,No distancing,Slight Injury
17:46:00,Thursday,31-50,Male,Elementary school,Employee,2-5yr,Other,Owner,,,Office areas,Double carriageway (median),Tangent road with flat terrain,Y Shape,Asphalt roads,Snow,Darkness - lights lit,Other,Vehicle with vehicle collision,2,3,Going straight,Passenger,Male,18-30,3,Driver,Normal,Not a Pedestrian,Changing lane to the left,Slight Injury
15:00:00,Wednesday,Under 18,Male,Elementary school,Employee,2-5yr,Automobile,Owner,,No defect,  Recreational areas,Undivided Two way,Tangent road with flat terrain,Y Shape,Asphalt roads,Wet or damp,Daylight,Raining,Vehicle with vehicle collision,1,1,Going straight,Driver or rider,Male,31-50,3,,Other,Not a Pedestrian,Overturning,Serious Injury
16:00:00,Wednesday,Over 51,Male,Junior high school,Employee,5-10yr,Lorry (41?100Q),Owner,2-5yrs,,Residential areas,One way,Tangent road with flat terrain,Y Shape,Asphalt roads,Dry,Daylight,Normal,Vehicle with vehicle collision,2,2,Other,na,na,na,na,,,Not a Pedestrian,Changing lane to the left,Slight Injury
19:17:00,Tuesday,18-30,Male,Elementary school,Employee,5-10yr,Public (13?45 seats),Owner,Below 1yr,No defect,Other,Undivided Two way,Tangent road with flat terrain,Y Shape,Asphalt roads,Wet or damp,Darkness - lights lit,Snow,Vehicle with vehicle collision,1,1,Moving Backward,Driver or rider,Male,31-50,3,Employee,Normal,Not a Pedestrian,Other,Serious Injury
12:40:00,Friday,Over 51,Male,Junior high school,Owner,1-2yr,Lorry (11?40Q),Owner,Unknown,No defect,Residential areas,Two-way (divided with broken lines road marking),Tangent road with flat terrain,Other,Asphalt roads,Dry,Daylight,Normal,Collision with roadside objects,2,1,Going straight,na,na,na,na,Driver,Normal,Not a Pedestrian,Overtaking,Serious Injury
15:08:00,Monday,Over 51,Male,Junior high school,Employee,Above 10yr,Lorry (41?100Q),Owner,Unknown,,Office areas,Two-way (divided with broken lines road marking),Tangent road with mild grade and flat terrain,,,Dry,Daylight,Normal,,2,1,Going straight,Driver or rider,Male,18-30,3,Employee,Normal,Not a Pedestrian,No distancing,Serious Injury
18:00:00,Tuesday,18-30,Male,High school,Owner,1-2yr,,Owner,Above 10yr,No defect,Other,other,Tangent road with flat terrain,Y Shape,,Dry,Darkness - lights lit,Normal,Vehicle with vehicle collision,2,1,Turnover,Passenger,Female,31-50,3,Driver,Normal,Not a Pedestrian,Getting off the vehicle improperly,Slight Injury
15:55:00,Saturday,Over 51,Male,Junior high school,Owner,5-10yr,Public (> 45 seats),Owner,5-10yrs,No defect,Other,Undivided Two way,Tangent road with flat terrain,Crossing,Asphalt roads,Dry,Daylight,Normal,Vehicle with vehicle collision,1,1,Reversing,Driver or rider,Female,18-30,3,,,Not a Pedestrian,No priority to vehicle,Slight Injury
17:50:00,Saturday,18-30,Male,High school,Employee,Above 10yr,Automobile,Governmental,,No defect,Office areas,other,Tangent road with mild grade and flat terrain,,Asphalt roads,Dry,Daylight,Normal,Vehicle with vehicle collision,2,1,Going straight,Driver or rider,Female,31-50,3,Self-employed,Normal,Not a Pedestrian,Changing lane to the left,Slight Injury
12:53:00,Sunday,31-50,Male,Writing & reading,Employee,5-10yr,Motorcycle,Owner,Above 10yr,,School areas,Two-way (divided with broken lines road marking),Tangent road with flat terrain,Y Shape,Asphalt roads,Wet or damp,Darkness - lights lit,Normal,Collision with pedestrians,2,1,Going straight,Driver or rider,Male,18-30,3,Driver,Normal,Not a Pedestrian,Changing lane to the left,Slight Injury
15:04:00,Wednesday,31-50,Male,,,,Automobile,Owner,5-10yrs,No defect,Other,Double carriageway (median),Gentle horizontal curve,No junction,Asphalt roads,Dry,Daylight,Normal,Vehicle with vehicle collision,2,3,,Passenger,Male,Under 18,3,Driver,Normal,Not a Pedestrian,Changing lane to the left,Slight Injury
12:07:00,Tuesday,31-50,Male,Junior high school,Employee,Above 10yr,Public (13?45 seats),Owner,,No defect,Other,One way,Tangent road with flat terrain,No junction,Asphalt roads,Dry,Daylight,Normal,Vehicle with vehicle collision,2,1,Going straight,Driver or rider,Female,Over 51,3,Driver,Normal,Not a Pedestrian,Changing lane to the right,Slight Injury
08:39:00,Wednesday,Under 18,Male,Junior high school,Employee,2-5yr,Pick up upto 10Q,Owner,Unknown,No defect,Other,One way,Tangent road with flat terrain,Y Shape,Asphalt roads,Dry,Daylight,Normal,Vehicle with vehicle collision,2,2,Going straight,Pedestrian,Male,Over 51,3,,Normal,Crossing from nearside - masked by parked or statioNot a Pedestrianry vehicle,Driving carelessly,Serious Injury
19:15:00,Monday,31-50,Male,Junior high school,Employee,5-10yr,Lorry (11?40Q),Owner,2-5yrs,,Other,Undivided Two way,Tangent road with mountainous terrain and,Crossing,Gravel roads,Wet or damp,Darkness - lights lit,Normal,Collision with pedestrians,2,1,Going straight,Driver or rider,Male,31-50,3,Driver,Normal,Not a Pedestrian,No priority to pedestrian,Slight Injury
09:34:00,Wednesday,Unknown,Male,Junior high school,Employee,1-2yr,Pick up upto 10Q,Owner,2-5yrs,No defect,Other,Double carriageway (median),Tangent road with flat terrain,No junction,Asphalt roads,Dry,Daylight,Normal,Vehicle with vehicle collision,3,1,Other,Passenger,Male,18-30,3,Driver,Normal,Not a Pedestrian,Moving Backward,Slight Injury
13:43:00,Monday,Over 51,Male,Elementary school,Employee,Above 10yr,Lorry (41?100Q),Owner,2-5yrs,No defect,Other,Two-way (divided with broken lines road marking),Tangent road with flat terrain,Y Shape,Asphalt roads,Dry,Daylight,Normal,Collision with pedestrians,2,1,Going straight,na,na,na,na,Self-employed,Normal,Not a Pedestrian,Driving carelessly,Slight Injury
05:53:00,Sunday,Under 18,Male,High school,Owner,5-10yr,Lorry (41?100Q),Owner,1-2yr,No defect,Office areas,Double carriageway (median),Tangent road with flat terrain,No junction,Asphalt roads,Wet or damp,Daylight,Normal,Vehicle with vehicle collision,1,1,Going straight,Driver or rider,Male,31-50,3,,,Not a Pedestrian,Overloading,Serious Injury
16:05:00,Saturday,18-30,Male,Junior high school,Employee,Above 10yr,Lorry (11?40Q),Owner,Unknown,No defect,Other,Two-way (divided with broken lines road marking),Steep grade downward with mountainous terrain,No junction,Asphalt roads,Dry,Daylight,Normal,Collision with pedestrians,2,1,Going straight,na,na,na,na,Driver,Normal,Not a Pedestrian,No distancing,Slight Injury
17:00:00,Wednesday,31-50,Male,Junior high school,Employee,5-10yr,Public (> 45 seats),Owner,1-2yr,No defect,  Recreational areas,Two-way (divided with broken lines road marking),Tangent road with flat terrain,Y Shape,Asphalt roads,Wet or damp,Darkness - lights lit,Other,Vehicle with vehicle collision,2,1,Going straight,Pedestrian,Female,18-30,3,Driver,Normal,Not a Pedestrian,Driving carelessly,Serious Injury
15:33:00,Sunday,18-30,Male,Elementary school,Employee,Above 10yr,Automobile,Owner,Unknown,No defect,Other,One way,Tangent road with flat terrain,No junction,Asphalt roads,Dry,Daylight,Normal,Vehicle with vehicle collision,1,2,Going straight,na,na,na,na,Driver,Normal,Not a Pedestrian,Driving to the left,Serious Injury
18:00:00,Tuesday,Under 18,Female,Junior high school,Employee,5-10yr,Stationwagen,Owner,Above 10yr,No defect,Residential areas,Undivided Two way,Tangent road with flat terrain,No junction,Asphalt roads,Dry,Daylight,Unknown,Vehicle with vehicle collision,1,1,Going straight,Passenger,Female,31-50,3,Self-employed,Normal,Not a Pedestrian,No distancing,Serious Injury
16:30:00,Thursday,31-50,Male,Junior high school,Employee,Above 10yr,Pick up upto 10Q,Owner,,,Other,Undivided Two way,Tangent road with flat terrain,No junction,Asphalt roads,Wet or damp,Daylight,Raining,Vehicle with vehicle collision,2,2,Going straight,na,na,na,na,Driver,Normal,Not a Pedestrian,Other,Fatal injury
17:45:00,Tuesday,Unknown,Female,Junior high school,Employee,Below 1yr,Lorry (41?100Q),Owner,Unknown,No defect,Other,Two-way (divided with broken lines road marking),Tangent road with flat terrain,No junction,Asphalt roads,Dry,Daylight,Normal,Collision with pedestrians,3,1,Going straight,na,na,na,na,Other,Normal,Not a Pedestrian,No distancing,Slight Injury
18:30:00,Thursday,Unknown,Male,Junior high school,Employee,5-10yr,Lorry (11?40Q),,,,Office areas,other,Tangent road with flat terrain,Y Shape,Gravel roads,Wet or damp,Darkness - lights lit,Other,Vehicle with vehicle collision,2,1,Going straight,na,na,na,na,Self-employed,Normal,Not a Pedestrian,Changing lane to the right,Slight Injury
16:02:00,Sunday,Under 18,Male,Elementary school,Employee,5-10yr,Public (13?45 seats),Owner,Above 10yr,,Other,Undivided Two way,Tangent road with flat terrain,,Earth roads,Dry,Darkness - lights lit,Normal,Vehicle with vehicle collision,3,1,Going straight,na,na,na,na,Driver,Normal,Not a Pedestrian,Driving carelessly,Slight Injury
19:30:00,Monday,31-50,Male,Junior high school,Employee,5-10yr,,Owner,Above 10yr,No defect, Industrial areas,Two-way (divided with broken lines road marking),Tangent road with flat terrain,Other,Asphalt roads,Dry,Darkness - lights lit,Normal,Vehicle with vehicle collision,2,1,Going straight,na,na,na,na,Driver,Normal,Not a Pedestrian,No distancing,Slight Injury
03:32:00,Saturday,18-30,Male,Junior high school,Owner,2-5yr,Taxi,Owner,5-10yrs,, Church areas,Two-way (divided with broken lines road marking),Tangent road with flat terrain,No junction,Asphalt roads,Dry,Darkness - lights lit,Normal,Collision with pedestrians,2,3,Going straight,na,na,na,na,Other,Normal,Not a Pedestrian,Driving carelessly,Fatal injury
14:20:00,Thursday,18-30,Male,Junior high school,Employee,Below 1yr,Public (> 45 seats),Owner,,No defect, Church areas,Two-way (divided with broken lines road marking),Tangent road with flat terrain,No junction,Asphalt roads,Wet or damp,Daylight,Raining,Vehicle with vehicle collision,2,2,Going straight,Passenger,Female,Under 18,3,Other,Normal,Not a Pedestrian,Changing lane to the left,Slight Injury
02:12:00,Sunday,Unknown,Male,Junior high school,Employee,Below 1yr,Automobile,Owner,,,Office areas,,Tangent road with flat terrain,No junction,Asphalt roads,Dry,Darkness - lights lit,Normal,Vehicle with vehicle collision,4,2,Going straight,Pedestrian,Male,18-30,3,,,Crossing from nearside - masked by parked or statioNot a Pedestrianry vehicle,Changing lane to the right,Slight Injury
17:15:00,Wednesday,Over 51,Male,Junior high school,Employee,5-10yr,Public (13?45 seats),Owner,Unknown,No defect,Residential areas,Undivided Two way,Tangent road with flat terrain,Y Shape,Asphalt roads,Wet or damp,Darkness - lights lit,Unknown,Collision with pedestrians,1,1,Getting off,Driver or rider,Male,18-30,3,Self-employed,Normal,Not a Pedestrian,Overloading,Serious Injury
22:20:00,Saturday,18-30,Male,High school,Employee,1-2yr,,Owner,5-10yrs,,Office areas,Two-way (divided with broken lines road marking),Tangent road with mild grade and flat terrain,Y Shape,Asphalt roads,Dry,Darkness - lights lit,Normal,Vehicle with vehicle collision,2,2,Going straight,Driver or rider,Male,18-30,3,Driver,Normal,Not a Pedestrian,No distancing,Serious Injury
08:10:00,Monday,18-30,Male,Junior high school,Employee,Below 1yr,Public (12 seats),Owner,Unknown,No defect,Office areas,Undivided Two way,Tangent road with flat terrain,Other,Asphalt roads,Dry,Daylight,Unknown,Vehicle with vehicle collision,2,2,Going straight,na,na,na,na,,Normal,Not a Pedestrian,Driving carelessly,Slight Injury
19:44:00,Saturday,18-30,Male,Junior high school,Employee,5-10yr,Automobile,Organization,Above 10yr,No defect,Other,Two-way (divided with broken lines road marking),Tangent road with flat terrain,Y Shape,Asphalt roads,Dry,Daylight,Normal,Vehicle with vehicle collision,2,2,Going straight,Driver or rider,Male,31-50,3,Driver,Normal,Not a Pedestrian,No distancing,Serious Injury
15:20:00,Saturday,Unknown,Female,Junior high school,Employee,Above 10yr,Taxi,,,,Office areas,Two-way (divided with broken lines road marking),Tangent road with flat terrain,Y Shape,Asphalt roads,Dry,Daylight,Cloudy,Vehicle with vehicle collision,2,2,Going straight,na,na,na,na,Driver,Normal,Not a Pedestrian,No priority to vehicle,Slight Injury
17:34:00,Friday,Unknown,Female,Unknown,Owner,5-10yr,Automobile,Owner,Unknown,No defect,Other,Two-way (divided with broken lines road marking),Tangent road with flat terrain,Other,Asphalt roads,Wet or damp,Darkness - lights lit,Normal,Vehicle with vehicle collision,2,1,Going straight,na,na,na,na,Driver,Normal,Not a Pedestrian,No distancing,Serious Injury
22:48:00,Monday,31-50,Unknown,High school,Employee,Above 10yr,Automobile,Owner,Unknown,No defect, Industrial areas,Two-way (divided with broken lines road marking),,Y Shape,Asphalt roads,Wet or damp,Darkness - lights lit,Raining,Vehicle with vehicle collision,2,1,Moving Backward,Driver or rider,Male,18-30,3,Self-employed,Normal,Not a Pedestrian,Changing lane to the right,Fatal injury
15:17:00,Sunday,31-50,Male,Junior high school,Employee,5-10yr,Automobile,Owner,2-5yrs,No defect,Office areas,Double carriageway (median),Tangent road with flat terrain,No junction,Asphalt roads,Dry,Daylight,Normal,Vehicle with vehicle collision,2,1,Reversing,Driver or rider,Male,18-30,3,Self-employed,Normal,Not a Pedestrian,Moving Backward,Fatal injury
19:00:00,Thursday,18-30,Male,Junior high school,Owner,1-2yr,Automobile,Owner,1-2yr,,School areas,Undivided Two way,Tangent road with flat terrain,No junction,Asphalt roads,Dry,Daylight,Normal,Collision with roadside objects,1,1,Going straight,Driver or rider,Female,31-50,3,,,Not a Pedestrian,Driving to the left,Slight Injury
08:45:00,Monday,31-50,Male,,,,Lorry (11?40Q),Owner,,,Office areas,Undivided Two way,Tangent road with flat terrain,No junction,Asphalt roads,Dry,Daylight,Normal,Vehicle with vehicle collision,2,1,Going straight,Driver or rider,Male,Over 51,3,Driver,Normal,Not a Pedestrian,Other,Serious Injury
12:43:00,Thursday,31-50,Male,Junior high school,,Below 1yr,Lorry (11?40Q),Owner,Unknown,No defect,Residential areas,Undivided Two way,Tangent road with flat terrain,No junction,Asphalt roads,Dry,Daylight,Normal,Vehicle with vehicle collision,1,1,Going straight,Driver or rider,Male,Under 18,2,Driver,Normal,Not a Pedestrian,Moving Backward,Slight Injury
18:40:00,Thursday,Unknown,Male,Junior high school,Employee,5-10yr,Other,Owner,Unknown,No defect,Residential areas,Two-way (divided with broken lines road marking),Tangent road with flat terrain,O Shape,Asphalt roads,Wet or damp,Daylight,Raining,Collision with roadside objects,2,1,Getting off,Passenger,Female,31-50,3,Driver,Normal,Not a Pedestrian,Changing lane to the right,Slight Injury
20:30:00,Wednesday,18-30,Male,Junior high school,Employee,2-5yr,Lorry (41?100Q),Owner,Unknown,,Other,Two-way (divided with broken lines road marking),Tangent road with flat terrain,No junction,Asphalt roads,Wet or damp,Daylight,Normal,Collision with roadside objects,4,6,Going straight,na,na,na,na,Employee,Normal,Not a Pedestrian,Changing lane to the left,Serious Injury
03:06:00,Sunday,18-30,Male,Junior high school,Employee,Above 10yr,Other,Owner,1-2yr,No defect,Other,Undivided Two way,Tangent road with flat terrain,No junction,Asphalt roads,Dry,Darkness - lights lit,Normal,Vehicle with vehicle collision,2,1,Moving Backward,Passenger,Male,Under 18,3,Student,Normal,Not a Pedestrian,No priority to vehicle,Slight Injury
17:35:00,Saturday,18-30,Male,High school,Employee,Above 10yr,Other,Owner,Unknown,No defect,Other,Two-way (divided with broken lines road marking),Tangent road with flat terrain,Crossing,Asphalt roads,Dry,Daylight,Normal,Vehicle with vehicle collision,2,8,Going straight,Driver or rider,Male,18-30,3,,,Not a Pedestrian,Driving to the left,Slight Injury
11:19:00,Wednesday,Over 51,Female,Writing & reading,Owner,5-10yr,Public (> 45 seats),Owner,2-5yrs,,Residential areas,Undivided Two way,Tangent road with flat terrain,,Asphalt roads,Dry,Daylight,Normal,Vehicle with vehicle collision,2,1,,Driver or rider,Female,18-30,3,Driver,Normal,Not a Pedestrian,Overturning,Slight Injury
14:43:00,Friday,Over 51,Male,Junior high school,Employee,Below 1yr,Public (13?45 seats),Owner,Unknown,No defect,  Recreational areas,Two-way (divided with broken lines road marking),Tangent road with flat terrain,Crossing,Asphalt roads,Snow,Darkness - lights lit,Other,Vehicle with vehicle collision,2,3,Going straight,na,na,na,na,,Normal,Not a Pedestrian,Other,Slight Injury
09:30:00,Saturday,31-50,Male,Junior high school,Employee,2-5yr,Long lorry,Owner,Unknown,,Other,Two-way (divided with broken lines road marking),Tangent road with flat terrain,Y Shape,Gravel roads,Wet or damp,Daylight,Normal,Vehicle with vehicle collision,3,6,Going straight,Driver or rider,Male,31-50,3,Driver,Normal,Not a Pedestrian,No distancing,Slight Injury
17:20:00,Saturday,31-50,Male,Junior high school,Employee,1-2yr,Lorry (41?100Q),Owner,Unknown,No defect,Office areas,One way,Tangent road with flat terrain,No junction,Asphalt roads,Wet or damp,Daylight,Raining,Collision with pedestrians,2,4,Going straight,na,na,na,na,Self-employed,Normal,Not a Pedestrian,No distancing,Slight Injury
13:10:00,Saturday,Unknown,Female,Elementary school,Owner,2-5yr,Automobile,Owner,Unknown,7,Office areas,Undivided Two way,Tangent road with flat terrain,Y Shape,Asphalt roads,Wet or damp,Daylight,Normal,Vehicle with vehicle collision,2,3,Going straight,na,na,na,na,Employee,Normal,Not a Pedestrian,Changing lane to the right,Slight Injury
15:45:00,Wednesday,Unknown,Male,,Owner,,Lorry (41?100Q),Owner,2-5yrs,,Residential areas,Undivided Two way,Tangent road with flat terrain,No junction,Asphalt roads,Dry,Daylight,Normal,Vehicle with vehicle collision,1,1,Other,Driver or rider,Male,Under 18,3,Self-employed,Normal,Not a Pedestrian,Moving Backward,Slight Injury
02:19:00,Tuesday,31-50,Male,Junior high school,Owner,5-10yr,Public (12 seats),Organization,Above 10yr,No defect,Other,Two-way (divided with broken lines road marking),Tangent road with flat terrain,Y Shape,Asphalt roads,Dry,Darkness - lights lit,Normal,Collision with pedestrians,2,1,Other,Pedestrian,Female,18-30,3,,,Not a Pedestrian,Driving carelessly,Slight Injury
14:00:00,Saturday,31-50,Male,Junior high school,Employee,5-10yr,Automobile,Owner,Unknown,No defect,Office areas,Undivided Two way,Tangent road with flat terrain,,Asphalt roads,Dry,Darkness - lights unlit,Normal,Vehicle with vehicle collision,2,1,Going straight,Driver or rider,Male,18-30,3,Self-employed,Normal,Not a Pedestrian,Changing lane to the left,Slight Injury
19:50:00,Wednesday,18-30,Male,Junior high school,Owner,Below 1yr,Stationwagen,Owner,2-5yrs,,Residential areas,Undivided Two way,Tangent road with flat terrain,Crossing,Asphalt roads,Dry,Darkness - lights lit,Normal,Vehicle with vehicle collision,2,1,Going straight,Pedestrian,Female,Under 18,3,Driver,Normal,Crossing from offside - masked by  parked or statioNot a Pedestrianry vehicle,Changing lane to the right,Slight Injury
17:50:00,Monday,18-30,Male,Above high school,Employee,Above 10yr,Public (13?45 seats),Owner,,No defect, Church areas,Double carriageway (median),Tangent road with flat terrain,,Asphalt roads,Dry,Daylight,Normal,Vehicle with vehicle collision,2,1,Going straight,Driver or rider,Female,31-50,3,Driver,Normal,Not a Pedestrian,Moving Backward,Serious Injury
12:00:00,Thursday,18-30,Male,Junior high school,Owner,5-10yr,Other,Owner,Above 10yr,No defect,Residential areas,Two-way (divided with broken lines road marking),Tangent road with flat terrain,No junction,Asphalt roads,Wet or damp,Daylight,Normal,,2,1,Going straight,na,na,na,na,Driver,Normal,Not a Pedestrian,Changing lane to the right,Slight Injury
20:32:00,Tuesday,31-50,Male,Elementary school,Employee,5-10yr,Public (12 seats),Owner,,,Other,Two-way (divided with broken lines road marking),Tangent road with flat terrain,No junction,Asphalt roads,Dry,Darkness - lights lit,Normal,Collision with roadside objects,3,1,Going straight,na,na,na,na,Driver,Normal,Not a Pedestrian,No priority to vehicle,Slight Injury
17:00:00,Friday,31-50,Male,Junior high school,Employee,5-10yr,Other,Owner,Unknown,No defect,Residential areas,Two-way (divided with broken lines road marking),Tangent road with flat terrain,Y Shape,Asphalt roads,Dry,Darkness - lights lit,Normal,Collision with roadside objects,1,1,Going straight,Driver or rider,Male,18-30,3,Driver,Normal,Not a Pedestrian,Driving carelessly,Slight Injury
12:51:00,Thursday,31-50,Male,Elementary school,Employee,2-5yr,Automobile,Owner,,No defect, Church areas,Two-way (divided with broken lines road marking),Tangent road with flat terrain,Crossing,Asphalt roads,Dry,Daylight,Normal,Vehicle with vehicle collision,2,1,Unknown,na,na,na,na,Driver,Normal,Not a Pedestrian,Changing lane to the right,Slight Injury
08:29:00,Thursday,Over 51,Male,Elementary school,Employee,5-10yr,Pick up upto 10Q,Owner,,No defect,Other,Double carriageway (median),Tangent road with flat terrain,No junction,Asphalt roads,Dry,Daylight,Normal,Vehicle with vehicle collision,2,1,Going straight,na,na,na,na,,Normal,Not a Pedestrian,No distancing,Serious Injury
10:36:00,Tuesday,18-30,Male,Junior high school,Employee,Below 1yr,Automobile,Owner,,No defect,Other,Undivided Two way,Tangent road with flat terrain,No junction,Asphalt roads,Dry,Daylight,Normal,With Train,1,2,Going straight,Pedestrian,Male,31-50,3,Driver,Normal,Not a Pedestrian,Changing lane to the right,Serious Injury
10:35:00,Friday,31-50,Male,Junior high school,Employee,1-2yr,Other,,,,School areas,Two-way (divided with broken lines road marking),Tangent road with flat terrain,Y Shape,Asphalt roads,Dry,Daylight,Normal,Vehicle with vehicle collision,2,1,Going straight,na,na,na,na,Driver,Normal,Not a Pedestrian,No priority to pedestrian,Slight Injury
08:49:00,Monday,Unknown,Male,Junior high school,Employee,2-5yr,,Owner,,,Other,Undivided Two way,Tangent road with flat terrain,No junction,Asphalt roads,Dry,Daylight,Unknown,Vehicle with vehicle collision,2,1,Getting off,Driver or rider,Male,31-50,3,,Normal,Not a Pedestrian,Changing lane to the left,Slight Injury
22:10:00,Sunday,31-50,Male,Elementary school,Employee,2-5yr,Public (12 seats),Governmental,Unknown,,Other,Two-way (divided with broken lines road marking),Tangent road with flat terrain,No junction,Asphalt roads,Dry,Darkness - lights lit,Normal,Vehicle with vehicle collision,2,1,Going straight,na,na,na,na,,Normal,Not a Pedestrian,Changing lane to the right,Slight Injury
22:30:00,Sunday,Over 51,Male,Junior high school,Employee,1-2yr,Other,Owner,Above 10yr,No defect,Residential areas,,Tangent road with flat terrain,Crossing,Asphalt roads,Dry,Darkness - lights lit,Normal,Vehicle with vehicle collision,2,5,Other,Driver or rider,Male,Under 18,3,,Normal,Not a Pedestrian,No priority to pedestrian,Slight Injury
15:20:00,Monday,18-30,Male,Junior high school,Employee,1-2yr,Automobile,Owner,,No defect,  Recreational areas,One way,Tangent road with mild grade and flat terrain,Y Shape,Asphalt roads,Dry,Daylight,Normal,Vehicle with vehicle collision,1,1,Going straight,Driver or rider,Female,18-30,3,Self-employed,Normal,Not a Pedestrian,No distancing,Slight Injury
10:10:00,Thursday,18-30,Male,Junior high school,Employee,Above 10yr,Taxi,Owner,2-5yrs,No defect, Outside rural areas,Two-way (divided with broken lines road marking),Tangent road with mountainous terrain and,Y Shape,Asphalt roads,Dry,Daylight,Normal,Collision with pedestrians,2,1,Reversing,na,na,na,na,Other,Normal,Not a Pedestrian,Turnover,Slight Injury
17:34:00,Friday,31-50,Male,Junior high school,Owner,5-10yr,Lorry (11?40Q),Owner,,,Office areas,Two-way (divided with broken lines road marking),Tangent road with flat terrain,No junction,Asphalt roads,Wet or damp,Daylight,Normal,Collision with roadside objects,2,1,Other,Pedestrian,Female,Under 18,3,Driver,Normal,Not a Pedestrian,Drunk driving,Slight Injury
15:09:00,Thursday,18-30,Male,High school,Employee,Below 1yr,Lorry (11?40Q),Owner,2-5yrs,,Residential areas,Undivided Two way,Tangent road with flat terrain,No junction,Asphalt roads,Dry,Daylight,Normal,Collision with roadside objects,2,2,Reversing,Driver or rider,Male,31-50,3,Employee,Normal,Not a Pedestrian,No distancing,Serious Injury
12:40:00,Thursday,Unknown,Male,Junior high school,Owner,5-10yr,Lorry (11?40Q),Owner,Unknown,No defect,Other,One way,Tangent road with flat terrain,Y Shape,Asphalt roads,Dry,Daylight,Normal,Rollover,1,1,Going straight,na,na,na,na,Driver,Normal,Not a Pedestrian,Moving Backward,Slight Injury
18:35:00,Thursday,31-50,Male,Junior high school,Employee,1-2yr,Ridden horse,Owner,,No defect,Office areas,Two-way (divided with broken lines road marking),Tangent road with flat terrain,No junction,Asphalt roads,Dry,Darkness - lights lit,Normal,Collision with roadside objects,2,1,Going straight,Passenger,Female,Over 51,3,Driver,Normal,Not a Pedestrian,No priority to vehicle,Slight Injury
12:48:00,Sunday,18-30,Male,Junior high school,Owner,2-5yr,Pick up upto 10Q,Owner,Unknown,No defect,Office areas,Double carriageway (median),Gentle horizontal curve,Y Shape,Asphalt roads,Wet or damp,Daylight,Raining,Collision with roadside objects,2,4,Waiting to go,na,na,na,na,,,Not a Pedestrian,Driving carelessly,Slight Injury
14:00:00,Monday,Unknown,Male,Junior high school,Employee,5-10yr,Stationwagen,Owner,1-2yr,No defect,Office areas,Undivided Two way,Tangent road with mild grade and flat terrain,Y Shape,Asphalt roads,Dry,Daylight,Normal,Vehicle with vehicle collision,2,1,Going straight,na,na,na,na,,,Not a Pedestrian,Overtaking,Slight Injury
15:50:00,Saturday,31-50,Male,Junior high school,Employee,Above 10yr,Public (12 seats),Owner,Unknown,No defect,Residential areas,Two-way (divided with broken lines road marking),Steep grade downward with mountainous terrain,Other,Asphalt roads,Dry,Daylight,Normal,Vehicle with vehicle collision,2,1,,Driver or rider,Male,18-30,3,Driver,Normal,Not a Pedestrian,Overspeed,Slight Injury
21:15:00,Thursday,18-30,Male,,,,Public (12 seats),Owner,Unknown,No defect,School areas,,Tangent road with flat terrain,Crossing,Asphalt roads,Dry,Darkness - lights lit,Normal,Vehicle with vehicle collision,2,1,Going straight,Pedestrian,Male,Over 51,3,Driver,Normal,Crossing from nearside - masked by parked or statioNot a Pedestrianry vehicle,No distancing,Fatal injury
14:30:00,Friday,18-30,Male,Junior high school,Employee,5-10yr,Other,Governmental,,No defect,Other,Undivided Two way,Tangent road with flat terrain,Crossing,Asphalt roads,Dry,Daylight,Unknown,Vehicle with vehicle collision,2,2,Going straight,na,na,na,na,Self-employed,Normal,Not a Pedestrian,Moving Backward,Slight Injury
19:41:00,Tuesday,31-50,Male,Junior high school,Owner,1-2yr,Automobile,Owner,Unknown,No defect, Industrial areas,Undivided Two way,Tangent road with flat terrain,Y Shape,Asphalt roads,Dry,Darkness - lights lit,Normal,Collision with pedestrians,3,1,Going straight,Driver or rider,Male,18-30,3,Self-employed,Normal,Not a Pedestrian,No priority to pedestrian,Slight Injury