Time,Day_of_week,Age_band_of_driver,Sex_of_driver,Educational_level,Vehicle_driver_relation,Driving_experience,Type_of_vehicle,Owner_of_vehicle,Service_year_of_vehicle,Defect_of_vehicle,Area_accident_occured,Lanes_or_Medians,Road_allignment,Types_of_Junction,Road_surface_type,Road_surface_conditions,Light_conditions,Weather_conditions,Type_of_collision,Number_of_vehicles_involved,Number_of_casualties,Vehicle_movement,Casualty_class,Sex_of_casualty,Age_band_of_casualty,Casualty_severity,Work_of_casuality,Fitness_of_casuality,Pedestrian_movement,Cause_of_accident,Accident_severity
18:37:00,Thursday,Under 18,Male,Elementary school,Employee,2-5yr,Automobile,Organization,Unknown,No defect,Other,Double carriageway (median),Tangent road with flat terrain,Other,Asphalt roads,Dry,Daylight,Normal,Vehicle with vehicle collision,2,2,Reversing,Driver or rider,Male,18-30,3,Driver,Normal,Not a Pedestrian,No distancing,Serious Injury
22:20:00,Monday,18-30,Male,Elementary school,Employee,2-5yr,Automobile,Governmental,,,Office areas,Two-way (divided with broken lines road marking),Tangent road with flat terrain,No junction,Asphalt roads,Wet or damp,Darkness - lights lit,Raining,Vehicle with vehicle collision,2,1,Going straight,Pedestrian,Male,18-30,3,Driver,Normal,Unknown or other,Driving carelessly,Slight Injury
09:22:00,Monday,Over 51,Male,Junior high school,Employee,5-10yr,,Owner,Unknown,,Residential areas,Two-way (divided with broken lines road marking),Tangent road with flat terrain,No junction,Earth roads,Dry,Daylight,Normal,Vehicle with vehicle collision,2,1,Getting off,na,na,na,na,Driver,Normal,Not a Pedestrian,Moving Backward,Slight Injury
17:45:00,Sunday,18-30,Male,Junior high school,Employee,5-10yr,Automobile,Owner,,No defect,  Recreational areas,Undivided Two way,Tangent road with flat terrain,,Asphalt roads,Dry,Daylight,Normal,Vehicle with vehicle collision,1,1,Going straight,Driver or rider,Male,18-30,3,Driver,Normal,Not a Pedestrian,Moving Backward,Slight Injury
16:25:00,Sunday,18-30,Male,Junior high school,Employee,2-5yr,Automobile,Owner,Unknown,No defect,Office areas,Undivided Two way,Tangent road with flat terrain,No junction,Asphalt roads,Wet or damp,Daylight,Raining,Collision with pedestrians,2,4,Overtaking,Driver or rider,Male,18-30,3,Driver,Normal,Not a Pedestrian,Driving carelessly,Fatal injury
07:30:00,Wednesday,31-50,Male,,,,Lorry (11?40Q),Owner,,,Office areas,Undivided Two way,Tangent road with flat terrain,Crossing,Asphalt roads,Wet or damp,Darkness - lights lit,Windy,Collision with pedestrians,2,1,Going straight,Driver or rider,Male,18-30,3,Unemployed,Normal,Not a Pedestrian,Changing lane to the right,Slight Injury
11:02:00,Thursday,31-50,Male,Elementary school,Employee,2-5yr,Other,Governmental,,No defect,Other,Two-way (divided with broken lines road marking),Tangent road with mild grade and flat terrain,No junction,Earth roads,Dry,Daylight,Normal,Collision with animals,1,4,Getting off,Pedestrian,Female,18-30,3,Self-employed,Normal,Not a Pedestrian,Changing lane to the left,Slight Injury
09:45:00,Monday,Over 51,Male,Above high school,Owner,1-2yr,Lorry (41?100Q),Owner,2-5yrs,,Other,Undivided Two way,Tangent road with mountainous terrain and,Unknown,Asphalt roads,Dry,Daylight,Normal,Vehicle with vehicle collision,2,2,Reversing,na,na,na,na,Driver,Normal,Not a Pedestrian,Changing lane to the right,Slight Injury
21:00:00,Monday,18-30,Male,Junior high school,Employee,Below 1yr,,Owner,1-2yr,No defect, Hospital areas,Undivided Two way,Tangent road with flat terrain,Crossing,Asphalt roads,Dry,Darkness - lights lit,Normal,Vehicle with vehicle collision,2,1,Going straight,Pedestrian,Male,18-30,2,,,Not a Pedestrian,No priority to vehicle,Slight Injury
03:32:00,Saturday,Under 18,Male,Junior high school,Employee,5-10yr,Public (13?45 seats),Owner,2-5yrs,No defect, Outside rural areas,Two-way (divided with broken lines road marking),Tangent road with mountainous terrain and,No junction,Asphalt roads,Dry,Darkness - lights lit,Normal,Vehicle with vehicle collision,2,3,Moving Backward,na,na,na,na,Self-employed,Normal,Not a Pedestrian,Moving Backward,Fatal injury
01:06:00,Sunday,18-30,Male,Junior high school,Employee,2-5yr,,Owner,5-10yrs,No defect, Industrial areas,other,Tangent road with flat terrain,Y Shape,Asphalt roads,Dry,Darkness - lights lit,Normal,Vehicle with vehicle collision,2,2,Going straight,na,na,na,na,,,Not a Pedestrian,Overtaking,Slight Injury
14:00:00,Friday,31-50,Male,Elementary school,Employee,2-5yr,Lorry (11?40Q),Owner,,No defect,Other,Two-way (divided with broken lines road marking),Tangent road with flat terrain,,Asphalt roads,Dry,Daylight,Normal,Vehicle with vehicle collision,2,1,Going straight,Passenger,Female,18-30,3,Driver,Normal,Not a Pedestrian,Driving under the influence of drugs,Slight Injury
10:35:00,Wednesday,Under 18,Male,Junior high school,Employee,5-10yr,Long lorry,Owner,5-10yrs,, Church areas,Undivided Two way,Steep grade downward with mountainous terrain,No junction,Asphalt roads,Wet or damp,Daylight,Normal,Collision with pedestrians,2,2,Going straight,na,na,na,na,Unknown,Normal,Not a Pedestrian,Changing lane to the left,Serious Injury
18:00:00,Sunday,18-30,Male,Junior high school,Employee,5-10yr,,Owner,2-5yrs,No defect,Other,Double carriageway (median),Tangent road with mild grade and flat terrain,Y Shape,Asphalt roads,Dry,Daylight,Normal,Vehicle with vehicle collision,2,1,Going straight,na,na,na,na,,,Not a Pedestrian,Driving carelessly,Slight Injury
18:00:00,Friday,31-50,Male,Elementary school,Employee,5-10yr,,Owner,Unknown,No defect,Rural village areasOffice areas,other,Tangent road with flat terrain,Y Shape,Asphalt roads,Dry,Darkness - lights lit,Normal,Vehicle with vehicle collision,2,1,Other,na,na,na,na,,,Not a Pedestrian,Changing lane to the right,Serious Injury
18:00:00,Friday,Over 51,Male,High school,Employee,5-10yr,Stationwagen,Owner,1-2yr,No defect, Hospital areas,Undivided Two way,Tangent road with flat terrain,Other,Asphalt roads,Dry,Daylight,Normal,Collision with roadside objects,3,2,Going straight,na,na,na,na,Self-employed,Normal,Not a Pedestrian,No distancing,Slight Injury
08:30:00,Wednesday,31-50,Male,Writing & reading,Employee,5-10yr,Long lorry,Owner,1-2yr,No defect, Industrial areas,Double carriageway (median),Tangent road with flat terrain,Crossing,Asphalt roads,Dry,Daylight,Normal,Vehicle with vehicle collision,3,1,Going straight,na,na,na,na,,Normal,Not a Pedestrian,No priority to vehicle,Slight Injury
19:39:00,Thursday,18-30,Male,Junior high school,Owner,5-10yr,Pick up upto 10Q,Owner,5-10yrs,No defect,Other,One way,Tangent road with flat terrain,Y Shape,Asphalt roads,Wet or damp,Darkness - lights lit,Normal,Vehicle with vehicle collision,3,1,Going straight,Passenger,Female,18-30,3,Self-employed,Normal,Not a Pedestrian,No distancing,Fatal injury
07:30:00,Tuesday,18-30,Male,Junior high school,Employee,Above 10yr,Automobile,Owner,5-10yrs,No defect, Church areas,other,Tangent road with flat terrain,Y Shape,Asphalt roads,Wet or damp,Daylight,Normal,Vehicle with vehicle collision,2,1,Going straight,na,na,na,na,Driver,Normal,Not a Pedestrian,No distancing,Slight Injury
09:35:00,Monday,31-50,Male,Junior high school,Employee,1-2yr,Public (12 seats),Owner,Unknown,No defect,Other,Undivided Two way,Tangent road with flat terrain,No junction,Asphalt roads,Dry,Daylight,Normal,Vehicle with vehicle collision,2,2,,na,na,na,na,,,Not a Pedestrian,No priority to pedestrian,Fatal injury
08:00:00,Wednesday,31-50,Male,Junior high school,Employee,5-10yr,Lorry (11?40Q),Owner,,No defect, Outside rural areas,other,Steep grade downward with mountainous terrain,Y Shape,Asphalt roads,Dry,Daylight,Normal,Vehicle with vehicle collision,2,2,Going straight,Driver or rider,Male,Under 18,3,Driver,,Not a Pedestrian,Driving carelessly,Slight Injury
15:20:00,Saturday,Over 51,Male,Junior high school,Employee,Below 1yr,Motorcycle,Governmental,Below 1yr,,Residential areas,Two-way (divided with broken lines road marking),Tangent road with flat terrain,Unknown,Asphalt roads,Wet or damp,Daylight,Normal,Collision with roadside objects,1,2,Going straight,Pedestrian,Male,Under 18,3,,,Crossing from nearside - masked by parked or statioNot a Pedestrianry vehicle,Getting off the vehicle improperly,Slight Injury
07:48:00,Wednesday,Under 18,Male,Junior high school,Employee,2-5yr,Other,Owner,1-2yr,No defect,Office areas,Double carriageway (median),Tangent road with flat terrain,No junction,Asphalt roads,Dry,Daylight,Normal,Vehicle with vehicle collision,1,1,Going straight,Pedestrian,Male,Over 51,3,Driver,Normal,Not a Pedestrian,No priority to vehicle,Slight Injury
16:24:00,Thursday,Under 18,Male,Elementary school,Employee,5-10yr,Public (> 45 seats),Owner,Above 10yr,No defect,Residential areas,Double carriageway (median),Tangent road with flat terrain,Other,Asphalt roads,Dry,Daylight,Normal,Other,2,1,Going straight,Driver or rider,Male,31-50,3,Driver,Normal,Not a Pedestrian,No distancing,Slight Injury
08:20:00,Wednesday,31-50,Male,Elementary school,Owner,1-2yr,Automobile,,,,Unknown,other,Tangent road with flat terrain,Y Shape,Asphalt roads,Wet or damp,Daylight,Raining,Vehicle with vehicle collision,1,1,Going straight,na,na,na,na,Driver,Normal,Not a Pedestrian,Driving carelessly,Slight Injury
07:25:00,Friday,31-50,Male,Junior high school,Employee,Below 1yr,Lorry (41?100Q),Owner,Above 10yr,No defect,School areas,other,Tangent road with flat terrain,Y Shape,Asphalt roads,Dry,Daylight,Normal,Collision with pedestrians,2,1,,na,na,na,na,Driver,Normal,Not a Pedestrian,Moving Backward,Serious Injury
08:15:00,Monday,18-30,Male,Junior high school,Employee,5-10yr,Automobile,Owner,Unknown,,Office areas,Undivided Two way,Tangent road with flat terrain,Crossing,Asphalt roads,Dry,Daylight,Normal,Collision with pedestrians,2,2,Going straight,Driver or rider,Male,31-50,3,Student,Normal,Not a Pedestrian,Moving Backward,Slight Injury
00:08:00,Friday,Over 51,Male,Elementary school,Employee,No Licence,Automobile,Owner,5-10yrs,,Residential areas,Undivided Two way,Tangent road with flat terrain,Y Shape,Asphalt roads,Wet or damp,Darkness - lights lit,Normal,Collision with roadside objects,2,2,Going straight,Pedestrian,Male,31-50,3,Driver,Normal,Not a Pedestrian,No distancing,Slight Injury
08:05:00,Friday,18-30,Male,Above high school,Employee,5-10yr,Public (12 seats),Owner,,No defect,Other,Two-way (divided with broken lines road marking),Tangent road with flat terrain,O Shape,Gravel roads,Dry,Darkness - lights lit,Cloudy,Vehicle with vehicle collision,2,1,Going straight,Passenger,Male,Under 18,3,Driver,Normal,Not a Pedestrian,Changing lane to the left,Slight Injury
15:42:00,Tuesday,Under 18,Male,Elementary school,Employee,2-5yr,Public (12 seats),Owner,,,Residential areas,other,Tangent road with flat terrain,No junction,Asphalt roads,Dry,Daylight,Normal,Vehicle with vehicle collision,2,1,Going straight,Pedestrian,Female,18-30,3,Driver,Normal,Crossing from driver's nearside,No distancing,Serious Injury
10:40:00,Monday,31-50,Male,Junior high school,Employee,Above 10yr,Lorry (41?100Q),Owner,Unknown,No defect,Office areas,One way,Tangent road with flat terrain,Y Shape,Asphalt roads,Wet or damp,Daylight,Raining,Vehicle with vehicle collision,2,1,Going straight,na,na,na,na,,Normal,Not a Pedestrian,No priority to vehicle,Slight Injury
17:50:00,Sunday,18-30,Male,Junior high school,,,Public (> 45 seats),Owner,,,Other,Two-way (divided with broken lines road marking),Tangent road with flat terrain,Crossing,Asphalt roads,Dry,Daylight,Normal,Vehicle with vehicle collision,4,5,Going straight,Driver or rider,Male,5,3,Self-employed,Normal,Not a Pedestrian,Changing lane to the right,Slight Injury
18:50:00,Wednesday,18-30,Male,Junior high school,Employee,2-5yr,Automobile,Owner,2-5yrs,,Office areas,Double carriageway (median),Tangent road with flat terrain,No junction,Asphalt roads,Dry,Daylight,Normal,Vehicle with vehicle collision,2,2,Going straight,na,na,na,na,Other,Normal,Not a Pedestrian,No distancing,Slight Injury
16:10:00,Friday,18-30,Male,Junior high school,Other,Below 1yr,Pick up upto 10Q,Owner,Unknown,, Church areas,Two-way (divided with broken lines road marking),Tangent road with flat terrain,Crossing,Asphalt roads,Dry,Daylight,Normal,Vehicle with vehicle collision,2,3,Going straight,na,na,na,na,Driver,Normal,Not a Pedestrian,Moving Backward,Slight Injury
07:10:00,Friday,18-30,Male,Junior high school,Employee,2-5yr,Automobile,Owner,,No defect, Outside rural areas,Two-way (divided with broken lines road marking),Tangent road with flat terrain,Other,Asphalt roads,Dry,Daylight,Normal,Collision with pedestrians,2,1,Going straight,Driver or rider,Male,Over 51,3,Self-employed,Normal,Not a Pedestrian,Overtaking,Slight Injury
22:45:00,Thursday,18-30,Male,Junior high school,Employee,2-5yr,Automobile,Owner,,No defect,Office areas,Two-way (divided with broken lines road marking),Tangent road with mild grade and flat terrain,No junction,Gravel roads,Dry,Darkness - lights lit,Normal,Collision with pedestrians,2,1,Going straight,na,na,na,na,Driver,Normal,Not a Pedestrian,Changing lane to the right,Slight Injury
10:00:00,Monday,31-50,Male,Junior high school,Employee,1-2yr,Taxi,Owner,5-10yrs,,Other,Two-way (divided with broken lines road marking),Tangent road with flat terrain,Other,Earth roads,Dry,Daylight,Normal,Collision with roadside objects,1,1,Reversing,Pedestrian,Female,18-30,3,Driver,Normal,Unknown or other,No priority to vehicle,Slight Injury
16:25:00,Sunday,18-30,Male,Junior high school,Owner,Above 10yr,Public (13?45 seats),Owner,1-2yr,,Office areas,Two-way (divided with broken lines road marking),Tangent road with flat terrain,No junction,Asphalt roads,Wet or damp,Daylight,Raining,Collision with roadside objects,2,4,Reversing,na,na,na,na,Self-employed,Normal,Not a Pedestrian,Moving Backward,Fatal injury
14:15:00,Thursday,31-50,Male,Junior high school,Employee,Below 1yr,Automobile,Owner,,No defect,Other,Double carriageway (median),Tangent road with flat terrain,Crossing,Asphalt roads,Dry,Daylight,Normal,Vehicle with vehicle collision,1,1,Going straight,Driver or rider,Male,18-30,2,Driver,Normal,Not a Pedestrian,Driving under the influence of drugs,Slight Injury
10:30:00,Wednesday,Unknown,Male,High school,Employee,Above 10yr,Automobile,Owner,Unknown,No defect,Office areas,Two-way (divided with broken lines road marking),Tangent road with flat terrain,Crossing,Asphalt roads,Dry,Daylight,Normal,Vehicle with vehicle collision,1,1,Reversing,Driver or rider,Female,31-50,3,,,Not a Pedestrian,Changing lane to the left,Slight Injury
17:34:00,Thursday,Under 18,Male,Junior high school,Employee,1-2yr,Lorry (41?100Q),Governmental,2-5yrs,No defect,Residential areas,Two-way (divided with broken lines road marking),Tangent road with flat terrain,No junction,Asphalt roads,Wet or damp,Darkness - lights lit,Normal,Vehicle with vehicle collision,1,2,,na,na,na,na,Other,Normal,Not a Pedestrian,Moving Backward,Serious Injury
10:30:00,Monday,18-30,Male,Junior high school,Employee,5-10yr,Pick up upto 10Q,Owner,,,Office areas,Undivided Two way,Tangent road with flat terrain,Y Shape,Asphalt roads,Dry,Daylight,Normal,Collision with roadside objects,1,2,Going straight,Pedestrian,Female,Under 18,2,Driver,Normal,Crossing from driver's nearside,Driving carelessly,Slight Injury
23:01:00,Wednesday,Unknown,Female,Junior high school,Employee,1-2yr,Lorry (41?100Q),Owner,2-5yrs,,Other,Two-way (divided with broken lines road marking),Tangent road with flat terrain,Crossing,Asphalt roads,Dry,Darkness - lights lit,Normal,Vehicle with vehicle collision,2,1,Going straight,na,na,na,na,,,Not a Pedestrian,Overtaking,Slight Injury
20:05:00,Tuesday,Over 51,Male,High school,Employee,Below 1yr,Public (12 seats),Owner,5-10yrs,No defect,Other,Two-way (divided with broken lines road marking),Tangent road with flat terrain,Crossing,Asphalt roads,Dry,Daylight,Normal,Vehicle with vehicle collision,2,1,Other,Driver or rider,Male,18-30,3,Self-employed,Normal,Not a Pedestrian,No priority to vehicle,Slight Injury
13:00:00,Friday,Over 51,Male,Elementary school,Employee,5-10yr,Lorry (41?100Q),Owner,2-5yrs,No defect,Office areas,Double carriageway (median),Tangent road with flat terrain,No junction,Asphalt roads,Dry,Daylight,Normal,Vehicle with vehicle collision,3,2,Turnover,Driver or rider,Male,18-30,3,Employee,Normal,Not a Pedestrian,Changing lane to the right,Fatal injury
16:30:00,Tuesday,31-50,Male,Junior high school,Employee,Above 10yr,Lorry (41?100Q),Owner,Unknown,No defect, Industrial areas,Undivided Two way,Tangent road with mild grade and flat terrain,Y Shape,Asphalt roads,Dry,Darkness - lights lit,Normal,Rollover,1,1,Going straight,Driver or rider,Male,31-50,3,,Other,Not a Pedestrian,Driving carelessly,Fatal injury
15:29:00,Monday,31-50,Male,,,,Automobile,Owner,2-5yrs,,Other,Undivided Two way,Tangent road with flat terrain,Crossing,Asphalt roads,Dry,Daylight,Normal,Collision with roadside objects,2,4,Going straight,Passenger,Female,Under 18,3,,,Not a Pedestrian,No priority to vehicle,Slight Injury
14:30:00,Sunday,Under 18,Male,Junior high school,Employee,5-10yr,Public (13?45 seats),Owner,,No defect,  Recreational areas,Two-way (divided with broken lines road marking),Tangent road with flat terrain,Y Shape,Asphalt roads,Dry,Daylight,Normal,Vehicle with vehicle collision,2,1,Going straight,Driver or rider,Male,Over 51,2,Self-employed,Normal,Not a Pedestrian,Changing lane to the left,Slight Injury
18:35:00,Saturday,31-50,Male,Elementary school,Employee,5-10yr,Pick up upto 10Q,Owner,5-10yrs,,Office areas,Undivided Two way,Tangent road with flat terrain,Y Shape,Asphalt roads,Wet or damp,Daylight,Raining,Vehicle with vehicle collision,2,4,Going straight,Driver or rider,Male,Over 51,3,Driver,Normal,Not a Pedestrian,Driving carelessly,Fatal injury
23:45:00,Friday,Unknown,Male,Junior high school,Employee,5-10yr,Lorry (41?100Q),Owner,Unknown,No defect,Residential areas,Undivided Two way,Tangent road with flat terrain,,Asphalt roads,Dry,Daylight,Normal,Vehicle with vehicle collision,2,1,Going straight,Driver or rider,Male,31-50,3,Driver,Normal,Not a Pedestrian,Driving at high speed,Serious Injury
12:30:00,Sunday,Unknown,Female,Junior high school,Owner,5-10yr,Public (12 seats),Owner,Unknown,,Office areas,Undivided Two way,Tangent road with flat terrain,Y Shape,Asphalt roads,Dry,Daylight,Normal,Vehicle with vehicle collision,4,1,Going straight,Driver or rider,Female,Over 51,3,Driver,Normal,Not a Pedestrian,No distancing,Slight Injury
14:30:00,Friday,31-50,Male,Junior high school,Employee,Above 10yr,Automobile,Owner,,No defect, Outside rural areas,Undivided Two way,Tangent road with flat terrain,Y Shape,,Wet or damp,Daylight,Other,Rollover,2,1,Going straight,Driver or rider,Male,18-30,3,Employee,Normal,Not a Pedestrian,Moving Backward,Serious Injury
22:40:00,Wednesday,31-50,Male,Junior high school,Employee,2-5yr,Public (12 seats),Owner,,No defect,Residential areas,Two-way (divided with broken lines road marking),Tangent road with flat terrain,Crossing,Asphalt roads,Dry,Darkness - lights lit,Normal,Vehicle with vehicle collision,1,1,Going straight,na,na,na,na,,,Not a Pedestrian,Driving to the left,Slight Injury
18:00:00,Saturday,Under 18,Male,High school,Employee,2-5yr,Long lorry,Owner,2-5yrs,No defect,Residential areas,Two-way (divided with broken lines road marking),Gentle horizontal curve,No junction,Asphalt roads,Dry,Daylight,Normal,Collision with pedestrians,2,1,Going straight,Passenger,Female,18-30,3,,,Not a Pedestrian,Overturning,Serious Injury
17:18:00,Monday,18-30,Male,Above high school,Employee,5-10yr,Other,Governmental,,No defect,Other,Double carriageway (median),Tangent road with flat terrain,No junction,Asphalt roads,Dry,Darkness - lights lit,Raining and Windy,Vehicle with vehicle collision,2,1,Going straight,Pedestrian,Male,Over 51,3,Driver,Normal,Not a Pedestrian,Moving Backward,Slight Injury
18:30:00,Saturday,18-30,Male,Junior high school,Employee,Above 10yr,Automobile,Owner,2-5yrs,,Residential areas,Undivided Two way,Tangent road with flat terrain,Y Shape,Asphalt roads,Dry,Daylight,Normal,Collision with roadside objects,2,1,Going straight,Driver or rider,Female,18-30,3,Self-employed,Normal,Not a Pedestrian,No priority to vehicle,Slight Injury
08:00:00,Tuesday,Unknown,Female,Junior high school,Employee,2-5yr,Lorry (41?100Q),Owner,,, Industrial areas,Undivided Two way,Tangent road with flat terrain,Other,Earth roads,Dry,Daylight,Normal,Collision with roadside objects,2,1,Going straight,Driver or rider,Female,31-50,3,Driver,Normal,Not a Pedestrian,No priority to vehicle,Slight Injury
21:35:00,Saturday,18-30,Male,Elementary school,Employee,5-10yr,Public (13?45 seats),Owner,,,Office areas,Undivided Two way,Tangent road with flat terrain,No junction,Asphalt roads,Dry,Darkness - lights lit,Other,Collision with roadside objects,2,2,Going straight,Driver or rider,Male,Over 51,2,Self-employed,Normal,Not a Pedestrian,Moving Backward,Slight Injury
16:35:00,Monday,31-50,Male,Elementary school,Employee,No Licence,Ridden horse,Owner,Unknown,,Other,,Tangent road with flat terrain,Y Shape,Gravel roads,Dry,Daylight,Normal,Vehicle with vehicle collision,2,2,Going straight,na,na,na,na,,Normal,Not a Pedestrian,Changing lane to the left,Slight Injury
18:20:00,Wednesday,Over 51,Male,Junior high school,Employee,Above 10yr,,Owner,Unknown,No defect,Residential areas,other,Tangent road with flat terrain,Y Shape,Asphalt roads,Dry,Daylight,Unknown,Vehicle with vehicle collision,2,1,Turnover,na,na,na,na,Driver,Normal,Not a Pedestrian,Driving carelessly,Slight Injury
19:00:00,Tuesday,Over 51,Male,Junior high school,Employee,5-10yr,Automobile,Owner,Unknown,No defect,Other,Two-way (divided with broken lines road marking),Tangent road with flat terrain,,Asphalt roads,Dry,Daylight,Normal,Vehicle with vehicle collision,2,2,Turnover,Driver or rider,Male,18-30,3,Driver,Normal,Not a Pedestrian,Driving to the left,Slight Injury
20:36:00,Thursday,18-30,Male,Junior high school,Employee,Above 10yr,Motorcycle,Owner,Unknown,No defect,Office areas,Undivided Two way,Tangent road with flat terrain,No junction,Asphalt roads,Dry,Darkness - lights lit,Normal,Collision with pedestrians,1,1,Entering a junction,Driver or rider,Male,18-30,2,,Normal,Not a Pedestrian,Driving under the influence of drugs,Fatal injury
17:00:00,Friday,31-50,Male,Junior high school,Employee,Above 10yr,Lorry (41?100Q),Owner,,No defect,Office areas,other,Tangent road with mountainous terrain and,Other,Asphalt roads,Dry,Darkness - lights lit,Normal,Collision with pedestrians,2,1,Other,na,na,na,na,Driver,Normal,Not a Pedestrian,Changing lane to the left,Slight Injury
16:05:00,Tuesday,Over 51,Male,Junior high school,Employee,2-5yr,Automobile,Owner,,No defect,Other,Undivided Two way,Tangent road with flat terrain,,Asphalt roads,Dry,Daylight,Normal,,2,1,Other,Passenger,Male,Over 51,3,Student,Normal,Not a Pedestrian,No priority to vehicle,Serious Injury
08:25:00,Wednesday,Over 51,Male,Junior high school,Employee,5-10yr,Automobile,Owner,Unknown,No defect,Residential areas,Two-way (divided with broken lines road marking),Tangent road with flat terrain,,Asphalt roads,Dry,Darkness - lights lit,Normal,Rollover,2,2,Going straight,Driver or rider,Male,18-30,3,Driver,Normal,Not a Pedestrian,Driving carelessly,Slight Injury
11:19:00,Monday,Over 51,Male,Junior high school,,,Automobile,Owner,,No defect,Office areas,Double carriageway (median),Tangent road with flat terrain,,Asphalt roads,Wet or damp,Daylight,Other,Collision with roadside objects,2,3,Other,Passenger,Male,5,3,Self-employed,Normal,Not a Pedestrian,Changing lane to the left,Slight Injury
17:35:00,Thursday,31-50,Male,Junior high school,Employee,Below 1yr,Pick up upto 10Q,Owner,Above 10yr,No defect,Residential areas,Undivided Two way,Tangent road with flat terrain,No junction,Asphalt roads,Dry,Darkness - lights lit,Normal,Rollover,2,1,Going straight,na,na,na,na,,,Not a Pedestrian,No distancing,Slight Injury
23:35:00,Saturday,Under 18,Male,Elementary school,Employee,5-10yr,Public (12 seats),Owner,Unknown,No defect,Office areas,Two-way (divided with broken lines road marking),Tangent road with flat terrain,Y Shape,Asphalt roads,Dry,Darkness - lights lit,Normal,Vehicle with vehicle collision,2,3,Going straight,Driver or rider,Male,Under 18,2,Driver,Normal,Not a Pedestrian,Moving Backward,Slight Injury
08:45:00,Tuesday,Over 51,Male,Junior high school,Employee,1-2yr,Automobile,Owner,Unknown,No defect,Other,Double carriageway (median),Tangent road with flat terrain,Y Shape,Other,Dry,Daylight,Normal,Vehicle with vehicle collision,1,1,Getting off,Driver or rider,Male,18-30,3,Driver,Normal,Not a Pedestrian,No distancing,Slight Injury
14:49:00,Monday,Over 51,Male,Elementary school,Owner,1-2yr,Automobile,Owner,,,Office areas,,Tangent road with flat terrain,,Asphalt roads,Dry,Daylight,Normal,Vehicle with vehicle collision,2,1,Going straight,Passenger,Female,31-50,3,,Normal,Not a Pedestrian,Overtaking,Slight Injury
18:44:00,Tuesday,31-50,Male,Elementary school,Employee,,Bicycle,Owner,,No defect,  Recreational areas,Undivided Two way,Tangent road with flat terrain,Crossing,Asphalt roads,Wet or damp,Daylight,Windy,Vehicle with vehicle collision,1,1,Going straight,Driver or rider,Male,18-30,3,Driver,,Not a Pedestrian,Turnover,Slight Injury
08:00:00,Wednesday,18-30,Male,,,,Lorry (11?40Q),Owner,,No defect,School areas,other,Steep grade downward with mountainous terrain,Y Shape,Asphalt roads,Dry,Daylight,Normal,Vehicle with vehicle collision,2,2,Going straight,na,na,na,na,Driver,,Not a Pedestrian,Driving to the left,Slight Injury
10:00:00,Friday,18-30,Male,Junior high school,Employee,Above 10yr,Automobile,Governmental,Below 1yr,No defect,Residential areas,Undivided Two way,Tangent road with flat terrain,Y Shape,Gravel roads,Dry,Daylight,Normal,Collision with roadside objects,2,1,Going straight,Driver or rider,Male,18-30,3,Self-employed,Normal,Not a Pedestrian,Driving carelessly,Slight Injury
06:00:00,Tuesday,18-30,Male,High school,Owner,Above 10yr,,Owner,2-5yrs,No defect,Rural village areas,Undivided Two way,Gentle horizontal curve,Unknown,Asphalt roads,Dry,Darkness - lights lit,Normal,Vehicle with vehicle collision,2,1,Going straight,Driver or rider,Male,Over 51,3,Driver,Normal,Not a Pedestrian,No distancing,Slight Injury
11:04:00,Wednesday,31-50,Male,High school,Employee,5-10yr,Automobile,Owner,2-5yrs,No defect,Office areas,Two-way (divided with broken lines road marking),Tangent road with flat terrain,No junction,Asphalt roads,Dry,Daylight,Normal,Vehicle with vehicle collision,1,2,Going straight,na,na,na,na,,Normal,Not a Pedestrian,Other,Serious Injury
17:43:00,Wednesday,18-30,Male,High school,Employee,5-10yr,Other,Owner,Unknown,No defect,Office areas,One way,Tangent road with flat terrain,Y Shape,Asphalt roads,Dry,Darkness - lights lit,Normal,Unknown,2,2,Going straight,Driver or rider,Male,31-50,2,Driver,Normal,Not a Pedestrian,Overturning,Slight Injury
12:55:00,Monday,18-30,Female,Junior high school,Employee,5-10yr,Ridden horse,Owner,Unknown,No defect,Office areas,Two-way (divided with broken lines road marking),Tangent road with flat terrain,Y Shape,Asphalt roads,Wet or damp,Daylight,Normal,Rollover,3,1,Going straight,na,na,na,na,Driver,Normal,Not a Pedestrian,Changing lane to the right,Slight Injury
01:18:00,Saturday,18-30,Male,Junior high school,Employee,,Other,Owner,5-10yrs,,Other,Undivided Two way,Tangent road with flat terrain,No junction,Asphalt roads,Dry,Darkness - lights lit,Normal,Vehicle with vehicle collision,1,4,Other,Driver or rider,Male,31-50,3,Driver,Normal,Not a Pedestrian,Changing lane to the right,Fatal injury
07:00:00,Saturday,31-50,Male,Elementary school,Employee,2-5yr,Automobile,Owner,,No defect,Office areas,Undivided Two way,Tangent road with flat terrain,Y Shape,Asphalt roads,Dry,Daylight,Normal,Vehicle with vehicle collision,2,1,Moving Backward,Driver or rider,Male,Under 18,3,Self-employed,Normal,Not a Pedestrian,No distancing,Slight Injury