Time,Day_of_week,Age_band_of_driver,Sex_of_driver,Educational_level,Vehicle_driver_relation,Driving_experience,Type_of_vehicle,Owner_of_vehicle,Service_year_of_vehicle,Defect_of_vehicle,Area_accident_occured,Lanes_or_Medians,Road_allignment,Types_of_Junction,Road_surface_type,Road_surface_conditions,Light_conditions,Weather_conditions,Type_of_collision,Number_of_vehicles_involved,Number_of_casualties,Vehicle_movement,Casualty_class,Sex_of_casualty,Age_band_of_casualty,Casualty_severity,Work_of_casuality,Fitness_of_casuality,Pedestrian_movement,Cause_of_accident,Accident_severity
07:50:00,Friday,31-50,Unknown,Junior high school,Employee,1-2yr,Automobile,Owner,Unknown,, Church areas,Two-way (divided with broken lines road marking),Tangent road with flat terrain,No junction,Asphalt roads,Dry,Daylight,Normal,Collision with roadside objects,2,2,Turnover,Driver or rider,Male,31-50,3,,,Not a Pedestrian,Overtaking,Slight Injury
08:50:00,Wednesday,31-50,Male,Junior high school,Owner,Above 10yr,Pick up upto 10Q,Governmental,2-5yrs,No defect,Other,Two-way (divided with broken lines road marking),Tangent road with flat terrain,No junction,Asphalt roads,Wet or damp,Daylight,Normal,Vehicle with vehicle collision,1,1,Going straight,Pedestrian,Male,18-30,3,,,Unknown or other,Driving at high speed,Slight Injury
16:48:00,Wednesday,31-50,Male,Junior high school,Employee,5-10yr,Taxi,Owner,Unknown,No defect,Other,One way,Tangent road with flat terrain,No junction,Asphalt roads,Dry,Daylight,Normal,Vehicle with vehicle collision,2,1,Going straight,Driver or rider,Female,31-50,3,,,Not a Pedestrian,No priority to pedestrian,Slight Injury
08:43:00,Wednesday,31-50,Male,Elementary school,Employee,2-5yr,Lorry (11?40Q),Owner,2-5yrs,No defect,Rural village areas,Undivided Two way,Gentle horizontal curve,,Asphalt roads,Wet or damp,Darkness - lights lit,Raining,Vehicle with vehicle collision,2,1,Other,Driver or rider,Male,31-50,3,Driver,Normal,Not a Pedestrian,Driving carelessly,Slight Injury
18:30:00,Thursday,31-50,Male,Junior high school,Employee,5-10yr,Automobile,Governmental,Above 10yr,No defect,Other,Two-way (divided with broken lines road marking),Tangent road with flat terrain,No junction,Earth roads,Dry,Daylight,Normal,Vehicle with vehicle collision,4,1,Going straight,Pedestrian,Male,31-50,3,Self-employed,Normal,Unknown or other,Other,Serious Injury
07:28:00,Sunday,18-30,Male,High school,Employee,Above 10yr,Public (> 45 seats),Owner,,No defect,Other,Two-way (divided with broken lines road marking),Tangent road with flat terrain,Crossing,Asphalt roads,Dry,Daylight,Normal,Collision with roadside objects,2,2,Moving Backward,na,na,na,na,,,Not a Pedestrian,No distancing,Slight Injury
12:55:00,Monday,18-30,Male,Junior high school,Employee,Above 10yr,Lorry (41?100Q),,,,Office areas,other,Tangent road with mountainous terrain and,Y Shape,Asphalt roads,Dry,Daylight,Normal,Vehicle with vehicle collision,3,3,Going straight,Driver or rider,Male,31-50,3,Driver,,Not a Pedestrian,Changing lane to the left,Slight Injury
16:51:00,Thursday,31-50,Male,High school,Employee,Above 10yr,Other,Owner,1-2yr,,School areas,other,Steep grade downward with mountainous terrain,Y Shape,Asphalt roads,Dry,Daylight,Normal,Vehicle with vehicle collision,2,1,Going straight,Driver or rider,Female,18-30,3,Employee,Normal,Not a Pedestrian,Driving carelessly,Slight Injury
22:30:00,Thursday,18-30,Male,Junior high school,Owner,Above 10yr,Public (12 seats),Owner,5-10yrs,No defect,Other,Undivided Two way,Tangent road with flat terrain,Crossing,Asphalt roads,Dry,Darkness - lights lit,Normal,Vehicle with vehicle collision,2,1,Other,Driver or rider,Female,31-50,3,Other,Normal,Not a Pedestrian,Driving carelessly,Slight Injury
20:14:00,Wednesday,Under 18,Male,Elementary school,Employee,2-5yr,Long lorry,Owner,5-10yrs,,Other,Two-way (divided with broken lines road marking),Tangent road with flat terrain,Crossing,Asphalt roads,Dry,Darkness - lights lit,Normal,Vehicle with vehicle collision,2,1,Going straight,Passenger,Female,Over 51,3,Driver,Normal,Not a Pedestrian,No priority to pedestrian,Slight Injury
16:30:00,Tuesday,Over 51,Male,Junior high school,Employee,1-2yr,Lorry (41?100Q),Owner,Unknown,No defect,Other,Two-way (divided with broken lines road marking),Tangent road with flat terrain,Y Shape,Asphalt roads,Wet or damp,Daylight,Normal,Vehicle with vehicle collision,2,1,Going straight,Driver or rider,Male,18-30,3,,,Not a Pedestrian,No priority to pedestrian,Slight Injury
16:22:00,Thursday,Under 18,Male,Junior high school,Employee,Below 1yr,,Owner,Above 10yr,No defect,Office areas,Undivided Two way,Gentle horizontal curve,Unknown,Asphalt roads,Dry,Daylight,Normal,Collision with roadside objects,2,1,Going straight,na,na,na,na,Self-employed,NormalNormal,Not a Pedestrian,Overtaking,Serious Injury
19:14:00,Monday,18-30,Male,Junior high school,Owner,2-5yr,Stationwagen,Owner,Unknown,No defect, Industrial areas,Two-way (divided with broken lines road marking),,Crossing,Asphalt roads,Dry,Daylight,Normal,Vehicle with vehicle collision,2,2,Going straight,na,na,na,na,,,Not a Pedestrian,Other,Slight Injury
21:30:00,Sunday,31-50,Male,Elementary school,Employee,5-10yr,Pick up upto 10Q,Owner,5-10yrs,No defect, Church areas,Unknown,Tangent road with mountainous terrain and,Y Shape,Asphalt roads,Wet or damp,Daylight,Normal,,2,2,Going straight,na,na,na,na,Driver,Normal,Not a Pedestrian,Moving Backward,Serious Injury
09:55:00,Friday,31-50,Male,Junior high school,Employee,Above 10yr,Stationwagen,Owner,Above 10yr,No defect,Residential areas,Two-way (divided with broken lines road marking),Tangent road with flat terrain,Crossing,Asphalt roads,Dry,Daylight,Normal,Collision with pedestrians,2,1,Going straight,Driver or rider,Male,31-50,3,Driver,Normal,Not a Pedestrian,No distancing,Slight Injury
17:55:00,Saturday,18-30,Male,Elementary school,Employee,1-2yr,Automobile,Owner,,,Office areas,Undivided Two way,Tangent road with flat terrain,Y Shape,Asphalt roads,Wet or damp,Darkness - lights lit,Raining,Rollover,2,2,Going straight,Driver or rider,Male,Over 51,3,Driver,Normal,Not a Pedestrian,Changing lane to the right,Slight Injury
00:30:00,Sunday,Unknown,Female,Junior high school,Employee,1-2yr,Lorry (41?100Q),Owner,,, Church areas,other,Tangent road with flat terrain,Y Shape,Asphalt roads,Dry,Darkness - lights lit,Normal,Rollover,2,3,Moving Backward,Driver or rider,Male,Under 18,3,,,Not a Pedestrian,Driving at high speed,Slight Injury
14:04:00,Monday,31-50,Male,Junior high school,Employee,Above 10yr,Lorry (41?100Q),Owner,,No defect,Office areas,other,Tangent road with mountainous terrain and,Unknown,Asphalt roads,Dry,Daylight,Normal,Vehicle with vehicle collision,2,1,Moving Backward,Pedestrian,Female,Under 18,3,Driver,Normal,Crossing from nearside - masked by parked or statioNot a Pedestrianry vehicle,No priority to pedestrian,Slight Injury
09:02:00,Wednesday,31-50,Male,Junior high school,Employee,5-10yr,Lorry (41?100Q),,2-5yrs,No defect,Residential areas,Two-way (divided with broken lines road marking),Tangent road with flat terrain,Crossing,Asphalt roads,Dry,Daylight,Normal,Vehicle with vehicle collision,3,1,Going straight,Passenger,Female,Over 51,3,Employee,Normal,Not a Pedestrian,Changing lane to the left,Serious Injury
02:34:00,Saturday,Unknown,Female,Junior high school,Employee,Above 10yr,Other,Owner,,,Office areas,Two-way (divided with broken lines road marking),Tangent road with flat terrain,No junction,Asphalt roads,Dry,Darkness - lights lit,Normal,Vehicle with vehicle collision,1,1,Going straight,Driver or rider,Male,18-30,3,Driver,Normal,Not a Pedestrian,Changing lane to the right,Serious Injury
11:16:00,Sunday,18-30,Male,Junior high school,Owner,5-10yr,Public (12 seats),Owner,Unknown,,Residential areas,Undivided Two way,Tangent road with flat terrain,No junction,Asphalt roads,Dry,Daylight,Normal,Collision with roadside objects,2,5,Going straight,na,na,na,na,,Normal,Not a Pedestrian,No priority to vehicle,Fatal injury
16:40:00,Sunday,Unknown,Male,Elementary school,Employee,No Licence,Public (12 seats),Owner,,No defect,Other,One way,Tangent road with flat terrain,Y Shape,Asphalt roads,Wet or damp,Daylight,Normal,Collision with roadside objects,3,1,Going straight,Pedestrian,Female,18-30,3,Driver,Normal,Not a Pedestrian,Changing lane to the right,Slight Injury
21:30:00,Sunday,18-30,Male,Junior high school,Employee,5-10yr,Automobile,Owner,,,Residential areas,other,Tangent road with flat terrain,No junction,Asphalt roads,Dry,Darkness - lights lit,Unknown,Vehicle with vehicle collision,2,1,Going straight,na,na,na,na,Driver,Normal,Not a Pedestrian,Changing lane to the right,Slight Injury
14:00:00,Friday,31-50,Male,Junior high school,Employee,2-5yr,Lorry (41?100Q),Owner,,No defect,Office areas,Undivided Two way,Tangent road with flat terrain,No junction,Asphalt roads,Dry,Daylight,Normal,Vehicle with vehicle collision,2,1,Going straight,Passenger,Male,Over 51,3,,,Not a Pedestrian,No distancing,Serious Injury
18:10:00,Thursday,18-30,Male,Junior high school,Employee,Above 10yr,Automobile,Governmental,Below 1yr,No defect,Residential areas,Undivided Two way,Tangent road with flat terrain,No junction,Asphalt roads,Dry,Daylight,Normal,Collision with roadside-parked vehicles,1,1,Moving Backward,Driver or rider,Male,18-30,3,Driver,,Not a Pedestrian,No priority to vehicle,Slight Injury
18:15:00,Tuesday,Unknown,Male,,,,Lorry (41?100Q),Owner,,No defect,Office areas,Two-way (divided with broken lines road marking),Tangent road with flat terrain,No junction,Asphalt roads,Dry,Darkness - lights lit,Normal,Vehicle with vehicle collision,2,1,Going straight,Driver or rider,Male,31-50,3,Driver,Normal,Not a Pedestrian,Driving carelessly,Slight Injury
09:35:00,Monday,31-50,Male,Junior high school,Employee,1-2yr,Public (12 seats),Owner,Unknown,No defect,Other,Undivided Two way,Tangent road with flat terrain,No junction,Asphalt roads,Dry,Daylight,Normal,Vehicle with vehicle collision,2,2,,na,na,na,na,,,Not a Pedestrian,No priority to pedestrian,Fatal injury
15:30:00,Wednesday,Over 51,Male,Junior high school,Employee,2-5yr,Stationwagen,Owner,5-10yrs,,Other,Undivided Two way,Tangent road with flat terrain,Y Shape,Asphalt roads,Wet or damp,Daylight,Raining,Collision with roadside objects,2,1,Going straight,Driver or rider,Male,18-30,3,,,Not a Pedestrian,Moving Backward,Serious Injury
16:01:00,Sunday,18-30,Male,Elementary school,Employee,5-10yr,Automobile,Organization,5-10yrs,No defect, Hospital areas,Undivided Two way,Tangent road with mountainous terrain and,Y Shape,Earth roads,Wet or damp,Darkness - lights lit,Raining,Collision with animals,3,3,Moving Backward,Pedestrian,Male,18-30,3,,,Not a Pedestrian,Changing lane to the right,Slight Injury
16:55:00,Friday,31-50,Male,Junior high school,Other,Below 1yr,Automobile,Owner,Unknown,,Other,Two-way (divided with broken lines road marking),Tangent road with flat terrain,No junction,Asphalt roads,Dry,Daylight,Normal,Rollover,2,3,Going straight,Driver or rider,Male,31-50,3,Employee,Normal,Not a Pedestrian,Driving carelessly,Slight Injury
13:22:00,Tuesday,31-50,Male,High school,Employee,1-2yr,Automobile,Owner,2-5yrs,No defect,Residential areas,Two-way (divided with broken lines road marking),Tangent road with flat terrain,Y Shape,Asphalt roads,Dry,Daylight,Normal,Vehicle with vehicle collision,2,1,Going straight,Pedestrian,Male,31-50,3,,Normal,Not a Pedestrian,Overturning,Slight Injury
18:15:00,Tuesday,31-50,Male,,,,Public (13?45 seats),Governmental,,,Office areas,other,Tangent road with flat terrain,Y Shape,Asphalt roads,Dry,Darkness - lights lit,Normal,Vehicle with vehicle collision,1,1,,na,na,na,na,Self-employed,Normal,Not a Pedestrian,Changing lane to the right,Serious Injury
07:35:00,Monday,31-50,Male,Elementary school,Employee,5-10yr,Automobile,Owner,,No defect, Church areas,Undivided Two way,Tangent road with flat terrain,Y Shape,Asphalt roads,Dry,Daylight,Normal,Vehicle with vehicle collision,2,1,Going straight,na,na,na,na,Driver,Normal,Not a Pedestrian,Getting off the vehicle improperly,Slight Injury
18:26:00,Thursday,Under 18,Male,Junior high school,Employee,Above 10yr,Automobile,Owner,,No defect,Other,Undivided Two way,Tangent road with flat terrain,No junction,Asphalt roads,Dry,Daylight,Normal,Vehicle with vehicle collision,2,1,Moving Backward,Driver or rider,Male,18-30,3,,,Not a Pedestrian,Driving carelessly,Slight Injury
16:58:00,Thursday,Over 51,Male,,Employee,1-2yr,Taxi,Governmental,Unknown,,Office areas,One way,Tangent road with flat terrain,No junction,Asphalt roads,Dry,Daylight,Normal,Vehicle with vehicle collision,3,1,Going straight,Passenger,Female,31-50,3,Self-employed,Normal,Not a Pedestrian,Changing lane to the right,Slight Injury
17:30:00,Tuesday,31-50,Male,Junior high school,Owner,1-2yr,Lorry (41?100Q),Owner,,No defect,Office areas,Two-way (divided with broken lines road marking),Tangent road with flat terrain,Y Shape,Asphalt roads,Dry,Daylight,Normal,Vehicle with vehicle collision,2,1,Going straight,Driver or rider,Female,18-30,3,Driver,Normal,Not a Pedestrian,No priority to vehicle,Slight Injury
16:00:00,Sunday,Unknown,Male,Elementary school,Employee,2-5yr,Lorry (11?40Q),Owner,,No defect, Church areas,Undivided Two way,Tangent road with flat terrain,Y Shape,Asphalt roads,Dry,Daylight,Unknown,Vehicle with vehicle collision,2,2,Going straight,na,na,na,na,Self-employed,Normal,Not a Pedestrian,Driving carelessly,Slight Injury
00:10:00,Saturday,18-30,Male,Junior high school,Employee,Above 10yr,Public (> 45 seats),Owner,,No defect,Other,Undivided Two way,Tangent road with flat terrain,Y Shape,Asphalt roads,Dry,Darkness - lights lit,Normal,Collision with roadside objects,2,1,Moving Backward,na,na,na,na,Driver,Normal,Not a Pedestrian,No priority to vehicle,Slight Injury
16:07:00,Sunday,31-50,Male,Junior high school,Owner,1-2yr,Ridden horse,Owner,2-5yrs,,Other,Undivided Two way,Tangent road with flat terrain,Y Shape,Asphalt roads,Dry,Daylight,Normal,Collision with roadside objects,3,6,Going straight,Passenger,Female,18-30,3,Driver,Normal,Not a Pedestrian,Changing lane to the left,Slight Injury
07:35:00,Monday,Over 51,Male,Unknown,Employee,Below 1yr,Public (13?45 seats),Organization,Unknown,,  Recreational areas,Two-way (divided with broken lines road marking),Tangent road with flat terrain,No junction,Asphalt roads,Wet or damp,Daylight,Raining,Vehicle with vehicle collision,3,2,Going straight,Driver or rider,Female,Over 51,3,,,Not a Pedestrian,Moving Backward,Serious Injury
07:50:00,Thursday,31-50,Male,Junior high school,Employee,5-10yr,Taxi,Owner,,No defect,Office areas,Two-way (divided with broken lines road marking),Tangent road with flat terrain,,Earth roads,Dry,Darkness - lights lit,Normal,Vehicle with vehicle collision,1,1,,Driver or rider,Male,18-30,3,,,Not a Pedestrian,Moving Backward,Serious Injury
09:25:00,Friday,31-50,Male,Junior high school,Employee,2-5yr,Lorry (41?100Q),Owner,,,School areas,Two-way (divided with broken lines road marking),Tangent road with flat terrain,,Asphalt roads,Dry,Daylight,Normal,Vehicle with vehicle collision,2,3,Going straight,na,na,na,na,Driver,Normal,Not a Pedestrian,Moving Backward,Slight Injury
13:15:00,Monday,Under 18,Male,Junior high school,Employee,5-10yr,Public (> 45 seats),Owner,1-2yr,No defect,,Two-way (divided with broken lines road marking),Tangent road with flat terrain,Other,Asphalt roads,Dry,Daylight,Normal,Vehicle with vehicle collision,3,1,Getting off,Driver or rider,Male,31-50,3,Self-employed,Normal,Not a Pedestrian,Driving carelessly,Slight Injury
16:40:00,Tuesday,18-30,Male,Junior high school,Employee,1-2yr,Stationwagen,Owner,,No defect,Office areas,Two-way (divided with broken lines road marking),Tangent road with flat terrain,No junction,Asphalt roads,Dry,Darkness - lights unlit,Normal,Vehicle with vehicle collision,2,1,Going straight,na,na,na,na,Driver,Normal,Not a Pedestrian,Moving Backward,Slight Injury
00:25:00,Sunday,31-50,Male,Elementary school,Employee,5-10yr,Public (> 45 seats),Owner,2-5yrs,No defect,Other,Two-way (divided with broken lines road marking),Tangent road with mild grade and flat terrain,,Asphalt roads,Dry,Daylight,Normal,Vehicle with vehicle collision,2,1,Getting off,na,na,na,na,,Normal,Not a Pedestrian,No distancing,Slight Injury
16:55:00,Friday,Over 51,Male,Elementary school,Employee,5-10yr,Stationwagen,,,,Residential areas,other,,No junction,Asphalt roads,Dry,Daylight,Normal,Vehicle with vehicle collision,1,1,Other,Pedestrian,Female,18-30,3,Driver,Normal,Unknown or other,Changing lane to the right,Serious Injury
23:25:00,Saturday,18-30,Male,Junior high school,Employee,Above 10yr,Lorry (41?100Q),Owner,2-5yrs,No defect,Other,other,Tangent road with flat terrain,Y Shape,Asphalt roads,Wet or damp,Darkness - lights lit,Other,Vehicle with vehicle collision,2,3,Going straight,na,na,na,na,Self-employed,Normal,Not a Pedestrian,Changing lane to the right,Slight Injury
22:14:00,Thursday,Over 51,Male,Junior high school,Employee,2-5yr,Long lorry,Owner,,No defect,Other,Undivided Two way,Tangent road with flat terrain,No junction,Asphalt roads,Wet or damp,Darkness - lights lit,Raining,Collision with animals,3,3,Going straight,na,na,na,na,,,Not a Pedestrian,No priority to pedestrian,Serious Injury
15:15:00,Monday,18-30,Male,Junior high school,Employee,5-10yr,Other,Owner,Above 10yr,No defect,Other,other,Tangent road with flat terrain,Crossing,Asphalt roads,Dry,Daylight,Normal,Vehicle with vehicle collision,1,1,Turnover,na,na,na,na,Self-employed,Normal,Not a Pedestrian,Moving Backward,Slight Injury
19:00:00,Thursday,Over 51,Male,Above high school,Owner,5-10yr,Automobile,Owner,Below 1yr,No defect,Office areas,Two-way (divided with broken lines road marking),Tangent road with flat terrain,No junction,Asphalt roads,Dry,Daylight,Normal,Fall from vehicles,2,1,Going straight,Driver or rider,Male,Under 18,3,,,Not a Pedestrian,No distancing,Slight Injury
18:43:00,Wednesday,31-50,Male,Junior high school,Employee,5-10yr,Automobile,,Above 10yr,No defect,Other,Two-way (divided with broken lines road marking),Tangent road with flat terrain,No junction,Asphalt roads,Wet or damp,Darkness - lights lit,Other,Vehicle with vehicle collision,3,1,Going straight,Driver or rider,Male,18-30,3,Driver,Normal,Not a Pedestrian,No distancing,Slight Injury
02:45:00,Thursday,18-30,Male,Junior high school,Employee,Below 1yr,Lorry (11?40Q),Owner,Unknown,,Other,Two-way (divided with solid lines road marking),Tangent road with flat terrain,No junction,Asphalt roads,Dry,Darkness - lights lit,Normal,Vehicle with vehicle collision,2,2,Going straight,Driver or rider,Male,Under 18,3,Other,Normal,Not a Pedestrian,No priority to vehicle,Slight Injury
08:50:00,Sunday,Over 51,Male,Elementary school,Employee,2-5yr,,Owner,2-5yrs,,Other,Two-way (divided with broken lines road marking),Tangent road with flat terrain,Crossing,Asphalt roads,Dry,Daylight,Normal,Collision with pedestrians,2,1,Other,Driver or rider,Male,18-30,3,Driver,Normal,Not a Pedestrian,No distancing,Slight Injury
13:43:00,Monday,31-50,Male,Writing & reading,Employee,2-5yr,Other,Owner,5-10yrs,No defect,Office areas,Two-way (divided with broken lines road marking),Tangent road with mild grade and flat terrain,Crossing,Asphalt roads,Dry,Daylight,Normal,Vehicle with vehicle collision,2,1,Turnover,Driver or rider,Male,31-50,2,Driver,Normal,Not a Pedestrian,Changing lane to the left,Slight Injury
22:25:00,Friday,18-30,Male,Junior high school,Employee,Above 10yr,Automobile,Owner,,No defect,Other,Undivided Two way,Tangent road with flat terrain,Y Shape,Asphalt roads,Wet or damp,Darkness - lights lit,Raining,Vehicle with vehicle collision,2,4,Going straight,Driver or rider,Male,18-30,3,,,Not a Pedestrian,No priority to vehicle,Slight Injury
19:00:00,Wednesday,18-30,Male,Unknown,Employee,5-10yr,Lorry (11?40Q),Owner,,,Office areas,,Tangent road with mild grade and flat terrain,Crossing,Asphalt roads,Dry,Daylight,Normal,Collision with roadside objects,2,1,Going straight,Driver or rider,Female,31-50,3,,,Not a Pedestrian,No priority to vehicle,Slight Injury
16:05:00,Tuesday,Over 51,Male,Junior high school,Employee,2-5yr,Automobile,Owner,,No defect,Other,Undivided Two way,Tangent road with flat terrain,,Asphalt roads,Dry,Daylight,Normal,,2,1,Other,Passenger,Male,Over 51,3,Student,Normal,Not a Pedestrian,No priority to vehicle,Serious Injury
19:00:00,Tuesday,31-50,Male,Junior high school,Owner,5-10yr,Automobile,Owner,Unknown,No defect, Church areas,Two-way (divided with broken lines road marking),Tangent road with flat terrain,Crossing,Asphalt roads,Wet or damp,Darkness - lights lit,Raining,Vehicle with vehicle collision,3,1,Going straight,Driver or rider,Male,18-30,3,Self-employed,Normal,Not a Pedestrian,Driving carelessly,Slight Injury
16:35:00,Saturday,18-30,Male,Elementary school,Employee,1-2yr,Automobile,Owner,Unknown,No defect,Office areas,Undivided Two way,Tangent road with flat terrain,No junction,Asphalt roads,Dry,Daylight,Normal,Collision with pedestrians,2,1,Going straight,Pedestrian,Male,5,2,Self-employed,Normal,Not a Pedestrian,No priority to pedestrian,Slight Injury
18:40:00,Friday,18-30,Male,High school,Employee,Above 10yr,Other,Owner,Above 10yr,No defect,Other,Two-way (divided with broken lines road marking),Tangent road with flat terrain,Y Shape,Asphalt roads,Wet or damp,Daylight,Raining,Vehicle with vehicle collision,2,2,Reversing,na,na,na,na,Driver,Normal,Not a Pedestrian,Driving at high speed,Serious Injury
12:15:00,Monday,18-30,Male,Junior high school,Employee,Below 1yr,Public (12 seats),Owner,1-2yr,No defect,Other,Two-way (divided with broken lines road marking),Tangent road with flat terrain,Y Shape,Asphalt roads,Wet or damp,Daylight,Normal,Vehicle with vehicle collision,2,1,Going straight,na,na,na,na,,Normal,Not a Pedestrian,Driving carelessly,Slight Injury
17:35:00,Friday,18-30,Male,Junior high school,Employee,5-10yr,Automobile,Governmental,2-5yrs,No defect,Other,Two-way (divided with broken lines road marking),Tangent road with flat terrain,Y Shape,Asphalt roads,Dry,Daylight,Normal,Vehicle with vehicle collision,3,2,Other,Driver or rider,Male,18-30,3,Driver,Normal,Not a Pedestrian,No priority to vehicle,Serious Injury
11:24:00,Sunday,18-30,Male,Junior high school,Employee,2-5yr,Lorry (41?100Q),Owner,Above 10yr,No defect,Office areas,Undivided Two way,Tangent road with flat terrain,Y Shape,Asphalt roads,Wet or damp,Daylight,Raining,Vehicle with vehicle collision,2,3,Moving Backward,Driver or rider,Female,18-30,3,,,Not a Pedestrian,Changing lane to the left,Slight Injury
17:20:00,Monday,Unknown,Male,Junior high school,Owner,5-10yr,Public (12 seats),Owner,5-10yrs,No defect,Office areas,Two-way (divided with broken lines road marking),,Y Shape,Gravel roads,Wet or damp,Darkness - lights lit,Raining,Vehicle with vehicle collision,1,1,Going straight,Pedestrian,Female,31-50,3,Driver,Normal,Not a Pedestrian,Changing lane to the left,Slight Injury
11:43:00,Sunday,Unknown,Male,Elementary school,Employee,5-10yr,Other,Owner,Unknown,No defect,Other,Two-way (divided with broken lines road marking),Tangent road with flat terrain,No junction,Asphalt roads,Dry,Daylight,Normal,Collision with roadside objects,4,1,Going straight,na,na,na,na,,,Not a Pedestrian,Changing lane to the left,Slight Injury
17:10:00,Thursday,Over 51,Male,Writing & reading,Employee,Below 1yr,Pick up upto 10Q,Owner,5-10yrs,No defect,Office areas,Two-way (divided with broken lines road marking),Tangent road with flat terrain,Crossing,Asphalt roads,Dry,Daylight,Normal,Collision with pedestrians,2,1,Going straight,na,na,na,na,Driver,Normal,Not a Pedestrian,Driving at high speed,Slight Injury
18:45:00,Monday,31-50,Male,Junior high school,Employee,5-10yr,Lorry (41?100Q),Owner,,,Other,Two-way (divided with broken lines road marking),Tangent road with flat terrain,Crossing,Asphalt roads,Dry,Darkness - lights lit,Normal,Collision with animals,2,1,Turnover,Driver or rider,Male,31-50,3,Driver,Normal,Not a Pedestrian,Driving under the influence of drugs,Slight Injury
08:05:00,Thursday,Unknown,Female,Junior high school,Employee,Above 10yr,Automobile,Owner,Unknown,No defect,Other,Undivided Two way,Tangent road with flat terrain,No junction,Asphalt roads,Dry,Daylight,Normal,Collision with pedestrians,3,1,Moving Backward,na,na,na,na,Self-employed,Normal,Not a Pedestrian,Driving carelessly,Slight Injury
16:50:00,Sunday,18-30,Male,Junior high school,Employee,2-5yr,Pick up upto 10Q,Owner,Above 10yr,No defect,Residential areas,other,Tangent road with flat terrain,Crossing,Asphalt roads,Wet or damp,Daylight,Raining,Vehicle with vehicle collision,2,3,Moving Backward,na,na,na,na,Driver,Normal,Not a Pedestrian,Changing lane to the right,Slight Injury
17:00:00,Wednesday,31-50,Male,Junior high school,Employee,No Licence,Automobile,Owner,1-2yr,No defect,Other,Two-way (divided with broken lines road marking),Tangent road with flat terrain,Y Shape,Asphalt roads,Wet or damp,Darkness - lights lit,Other,,2,1,Going straight,Driver or rider,Female,31-50,3,Driver,Normal,Not a Pedestrian,Other,Serious Injury
17:20:00,Tuesday,31-50,Male,Junior high school,Employee,Above 10yr,Long lorry,Owner,Above 10yr,No defect,Residential areas,other,Tangent road with flat terrain,Y Shape,Asphalt roads,Wet or damp,Darkness - lights lit,Raining,Vehicle with vehicle collision,2,1,Going straight,na,na,na,na,Driver,Normal,Not a Pedestrian,Changing lane to the left,Slight Injury
02:10:00,Saturday,Unknown,Male,High school,Employee,5-10yr,Automobile,Owner,1-2yr,No defect,Other,Two-way (divided with broken lines road marking),Tangent road with flat terrain,Y Shape,Asphalt roads with some distress,Wet or damp,Darkness - lights lit,Raining,Vehicle with vehicle collision,1,2,Going straight,Driver or rider,Male,31-50,3,Self-employed,Normal,Not a Pedestrian,Moving Backward,Serious Injury
22:40:00,Tuesday,Unknown,Female,Junior high school,Owner,2-5yr,Public (12 seats),Owner,Above 10yr,No defect,School areas,other,Tangent road with flat terrain,No junction,Asphalt roads,Dry,Darkness - lights lit,Normal,Vehicle with vehicle collision,7,1,Going straight,Pedestrian,Male,18-30,3,Driver,Normal,Not a Pedestrian,No distancing,Slight Injury
18:30:00,Thursday,Unknown,Male,Junior high school,Employee,Above 10yr,,Owner,2-5yrs,,Residential areas,One way,Tangent road with flat terrain,T Shape,Asphalt roads,Wet or damp,Darkness - lights lit,Raining,Vehicle with vehicle collision,2,1,Moving Backward,Driver or rider,Male,18-30,3,Driver,Normal,Not a Pedestrian,Overtaking,Slight Injury
07:44:00,Friday,18-30,Male,Junior high school,Employee,1-2yr,Automobile,Owner,2-5yrs,,Office areas,Double carriageway (median),Tangent road with flat terrain,Crossing,Asphalt roads,Dry,Daylight,Normal,Vehicle with vehicle collision,2,1,Moving Backward,Driver or rider,Male,31-50,3,Self-employed,Normal,Not a Pedestrian,Overturning,Slight Injury
08:48:00,Wednesday,Over 51,Male,High school,Employee,5-10yr,Public (13?45 seats),Governmental,Below 1yr,No defect,Residential areas,Undivided Two way,Tangent road with flat terrain,Y Shape,Asphalt roads,Dry,Daylight,Normal,Vehicle with vehicle collision,1,1,Going straight,Driver or rider,Female,Under 18,3,,,Not a Pedestrian,Changing lane to the right,Slight Injury
10:04:00,Wednesday,31-50,Male,Junior high school,Employee,5-10yr,Public (13?45 seats),Governmental,5-10yrs,No defect,Other,Undivided Two way,Tangent road with flat terrain,,Asphalt roads,Dry,Daylight,Normal,Vehicle with vehicle collision,2,2,Going straight,na,na,na,na,,,Not a Pedestrian,Changing lane to the left,Slight Injury
08:38:00,Tuesday,18-30,Male,Junior high school,Employee,1-2yr,Automobile,Owner,2-5yrs,No defect,Residential areas,Undivided Two way,Gentle horizontal curve,Crossing,Earth roads,Dry,Daylight,Normal,Vehicle with vehicle collision,1,1,Going straight,na,na,na,na,Driver,Normal,Not a Pedestrian,No priority to pedestrian,Serious Injury
20:14:00,Wednesday,31-50,Male,Elementary school,Employee,5-10yr,Lorry (41?100Q),Owner,Above 10yr,No defect,Other,One way,Tangent road with flat terrain,Y Shape,Earth roads,Dry,Darkness - lights lit,Normal,Vehicle with vehicle collision,1,1,Going straight,na,na,na,na,,,Not a Pedestrian,No distancing,Serious Injury