Time,Day_of_week,Age_band_of_driver,Sex_of_driver,Educational_level,Vehicle_driver_relation,Driving_experience,Type_of_vehicle,Owner_of_vehicle,Service_year_of_vehicle,Defect_of_vehicle,Area_accident_occured,Lanes_or_Medians,Road_allignment,Types_of_Junction,Road_surface_type,Road_surface_conditions,Light_conditions,Weather_conditions,Type_of_collision,Number_of_vehicles_involved,Number_of_casualties,Vehicle_movement,Casualty_class,Sex_of_casualty,Age_band_of_casualty,Casualty_severity,Work_of_casuality,Fitness_of_casuality,Pedestrian_movement,Cause_of_accident,Accident_severity
17:28:00,Thursday,31-50,Male,Elementary school,Employee,Above 10yr,Lorry (41?100Q),Owner,Unknown,No defect, Church areas,Undivided Two way,Tangent road with flat terrain,Other,Asphalt roads,Dry,Darkness - lights lit,Normal,Vehicle with vehicle collision,1,1,Going straight,Pedestrian,Male,18-30,2,Employee,Normal,Crossing from driver's nearside,Moving Backward,Serious Injury
15:25:00,Thursday,18-30,Male,High school,Owner,1-2yr,Other,Owner,,No defect,Office areas,Undivided Two way,Tangent road with flat terrain,No junction,Asphalt roads,Dry,Daylight,Normal,Vehicle with vehicle collision,2,1,Overtaking,Driver or rider,Male,18-30,3,Self-employed,Normal,Not a Pedestrian,Changing lane to the left,Slight Injury
13:00:00,Tuesday,31-50,Male,Writing & reading,Employee,5-10yr,Automobile,Owner,Unknown,No defect,Office areas,Undivided Two way,Tangent road with flat terrain,No junction,Asphalt roads,Dry,Daylight,Normal,Vehicle with vehicle collision,2,2,Going straight,Pedestrian,Male,31-50,3,,,Not a Pedestrian,Changing lane to the left,Slight Injury
13:55:00,Sunday,18-30,Male,Junior high school,Employee,5-10yr,Other,Owner,2-5yrs,No defect, Outside rural areas,Undivided Two way,Tangent road with mountainous terrain and,O Shape,Asphalt roads,Dry,Darkness - lights lit,Normal,Vehicle with vehicle collision,2,1,Stopping,Pedestrian,Female,5,3,Driver,Normal,Crossing from nearside - masked by parked or statioNot a Pedestrianry vehicle,Changing lane to the right,Slight Injury
15:20:00,Wednesday,31-50,Male,Junior high school,Owner,5-10yr,Automobile,Owner,Unknown,No defect,Other,Undivided Two way,Tangent road with flat terrain,Crossing,Asphalt roads,Dry,Daylight,Normal,Collision with roadside objects,1,1,Going straight,Driver or rider,Male,31-50,3,Self-employed,Normal,Not a Pedestrian,Changing lane to the right,Slight Injury
11:43:00,Sunday,Unknown,Male,Junior high school,Employee,2-5yr,,Owner,Above 10yr,No defect,Other,other,Tangent road with flat terrain,No junction,Asphalt roads,Dry,Daylight,Normal,Vehicle with vehicle collision,4,1,Other,Driver or rider,Female,18-30,3,Driver,Normal,Not a Pedestrian,No priority to vehicle,Slight Injury
18:49:00,Wednesday,Under 18,Male,Junior high school,Employee,5-10yr,Automobile,,,,,Two-way (divided with broken lines road marking),Tangent road with flat terrain,Y Shape,Asphalt roads,Dry,Daylight,Normal,Vehicle with vehicle collision,2,1,Going straight,na,na,na,na,Driver,Normal,Not a Pedestrian,Changing lane to the left,Slight Injury
08:45:00,Thursday,Over 51,Male,Junior high school,Employee,Above 10yr,Lorry (41?100Q),Owner,,No defect,Office areas,One way,Tangent road with flat terrain,Y Shape,Asphalt roads,Dry,Daylight,Normal,Vehicle with vehicle collision,3,1,Going straight,na,na,na,na,Driver,Normal,Not a Pedestrian,Changing lane to the right,Slight Injury
11:55:00,Friday,Over 51,Male,Junior high school,Employee,5-10yr,Public (13?45 seats),Owner,5-10yrs,No defect,Residential areas,Undivided Two way,Tangent road with flat terrain,Crossing,Asphalt roads,Dry,Daylight,Normal,Vehicle with vehicle collision,2,1,Going straight,Driver or rider,Male,31-50,3,Driver,,Not a Pedestrian,Moving Backward,Slight Injury
08:39:00,Monday,18-30,Male,Unknown,Employee,Below 1yr,Stationwagen,Owner,,,Other,Two-way (divided with broken lines road marking),Tangent road with flat terrain,Y Shape,Asphalt roads,Dry,Daylight,Normal,Vehicle with vehicle collision,1,1,Other,Driver or rider,Male,Under 18,3,,,Not a Pedestrian,Other,Slight Injury
19:29:00,Friday,31-50,Male,High school,Employee,1-2yr,Public (13?45 seats),Owner,,No defect,Office areas,One way,Tangent road with flat terrain,Y Shape,Asphalt roads,Wet or damp,Daylight,Raining,Vehicle with vehicle collision,2,3,Going straight,na,na,na,na,Student,Normal,Not a Pedestrian,Other,Slight Injury
23:45:00,Friday,18-30,Male,Junior high school,Employee,5-10yr,Motorcycle,Owner,Unknown,No defect,Office areas,Undivided Two way,Tangent road with flat terrain,Y Shape,Asphalt roads,Dry,Daylight,Normal,Collision with roadside objects,1,2,Other,Driver or rider,Male,Under 18,3,Driver,Normal,Not a Pedestrian,No distancing,Slight Injury
16:50:00,Monday,Over 51,Male,Junior high school,Employee,1-2yr,Public (> 45 seats),Owner,Unknown,,Residential areas,Undivided Two way,Tangent road with flat terrain,No junction,Asphalt roads,Wet or damp,Darkness - lights lit,Normal,Fall from vehicles,2,2,Going straight,Pedestrian,Female,31-50,2,Student,Normal,"Walking along in carriageway, facing traffic",Driving under the influence of drugs,Slight Injury
18:30:00,Wednesday,31-50,Male,High school,Employee,Above 10yr,Lorry (41?100Q),,,No defect,Other,Two-way (divided with broken lines road marking),Tangent road with flat terrain,Y Shape,Asphalt roads,Wet or damp,Darkness - lights lit,Normal,Vehicle with vehicle collision,1,1,Reversing,Driver or rider,Male,18-30,3,Driver,Normal,Not a Pedestrian,No priority to vehicle,Slight Injury
09:51:00,Thursday,Under 18,Male,Junior high school,Employee,5-10yr,Public (13?45 seats),Owner,,,Residential areas,Undivided Two way,Tangent road with flat terrain,Y Shape,Asphalt roads,Wet or damp,Daylight,Normal,Vehicle with vehicle collision,2,1,Going straight,na,na,na,na,,,Not a Pedestrian,No priority to pedestrian,Slight Injury
22:00:00,Saturday,31-50,Male,Junior high school,Employee,Above 10yr,Long lorry,Owner,,No defect, Church areas,Two-way (divided with broken lines road marking),Tangent road with flat terrain,,Asphalt roads,Dry,Daylight,Normal,Vehicle with vehicle collision,1,1,Going straight,Passenger,Female,18-30,3,Driver,Normal,Not a Pedestrian,No priority to vehicle,Slight Injury
22:16:00,Wednesday,Unknown,Female,Elementary school,Employee,Above 10yr,Automobile,Owner,,,Office areas,Undivided Two way,Tangent road with flat terrain,No junction,Asphalt roads,Wet or damp,Darkness - lights lit,Normal,Collision with pedestrians,3,1,Going straight,Pedestrian,Male,31-50,3,Driver,Normal,Not a Pedestrian,Driving to the left,Serious Injury
15:35:00,Sunday,Over 51,Male,Junior high school,Employee,5-10yr,Public (12 seats),Governmental,1-2yr,No defect,Other,Double carriageway (median),Tangent road with flat terrain,Crossing,Asphalt roads,Dry,Daylight,Normal,Vehicle with vehicle collision,2,2,Going straight,na,na,na,na,Self-employed,Normal,Not a Pedestrian,No priority to pedestrian,Slight Injury
19:56:00,Thursday,31-50,Male,Junior high school,Employee,5-10yr,Pick up upto 10Q,Owner,,No defect,Office areas,Two-way (divided with broken lines road marking),Tangent road with flat terrain,Y Shape,Asphalt roads,Dry,Daylight,Normal,Vehicle with vehicle collision,2,1,Going straight,na,na,na,na,Driver,Normal,Not a Pedestrian,Changing lane to the right,Slight Injury
17:50:00,Friday,Unknown,Male,Junior high school,Employee,Above 10yr,Taxi,Owner,Unknown,No defect,Rural village areasOffice areas,other,Tangent road with flat terrain,No junction,Asphalt roads,Dry,Daylight,Normal,Vehicle with vehicle collision,2,1,Reversing,Driver or rider,Male,31-50,3,,,Not a Pedestrian,Overturning,Slight Injury
19:00:00,Friday,Over 51,Male,Junior high school,Employee,5-10yr,Ridden horse,,,,Other,Two-way (divided with broken lines road marking),Tangent road with flat terrain,,Asphalt roads,Dry,Daylight,Normal,Vehicle with vehicle collision,2,1,Turnover,Driver or rider,Male,18-30,3,Driver,Normal,Not a Pedestrian,Moving Backward,Serious Injury
16:30:00,Thursday,Over 51,Male,High school,Employee,2-5yr,Automobile,Owner,,No defect,  Recreational areas,Undivided Two way,Tangent road with flat terrain,No junction,Asphalt roads,Wet or damp,Daylight,Raining,Collision with pedestrians,2,2,Going straight,Pedestrian,Male,Under 18,3,Driver,Normal,Not a Pedestrian,Changing lane to the right,Fatal injury
12:10:00,Thursday,Unknown,Male,Junior high school,Employee,5-10yr,Automobile,Owner,Above 10yr,,Other,Undivided Two way,Tangent road with flat terrain,Y Shape,Asphalt roads,Dry,Daylight,Normal,Vehicle with vehicle collision,2,1,Going straight,Driver or rider,Male,18-30,3,,,Not a Pedestrian,Driving carelessly,Slight Injury
11:15:00,Saturday,31-50,Male,Junior high school,Employee,Below 1yr,Public (13?45 seats),Owner,2-5yrs,,Other,Two-way (divided with broken lines road marking),Tangent road with flat terrain,Crossing,Asphalt roads,Dry,Daylight,Normal,Vehicle with vehicle collision,2,1,Going straight,Driver or rider,Male,31-50,2,Other,Normal,Not a Pedestrian,Changing lane to the left,Slight Injury
17:30:00,Saturday,31-50,Male,Junior high school,Owner,5-10yr,,Owner,,No defect, Industrial areas,Unknown,Tangent road with flat terrain,Y Shape,Asphalt roads,Dry,Darkness - lights lit,Normal,Collision with animals,4,1,Going straight,na,na,na,na,Employee,Normal,Not a Pedestrian,Changing lane to the right,Slight Injury
11:14:00,Sunday,Over 51,Male,Junior high school,Employee,Below 1yr,Stationwagen,Owner,,,,,Tangent road with flat terrain,Y Shape,Asphalt roads,Dry,Daylight,Normal,Vehicle with vehicle collision,2,1,Other,na,na,na,na,Driver,Normal,Not a Pedestrian,No distancing,Slight Injury
10:25:00,Thursday,Over 51,Male,Junior high school,Employee,Below 1yr,Other,Owner,Above 10yr,No defect,Other,Undivided Two way,Tangent road with flat terrain,Other,Asphalt roads,Dry,Daylight,Normal,Vehicle with vehicle collision,1,1,Other,Driver or rider,Male,31-50,3,Driver,Normal,Not a Pedestrian,Moving Backward,Slight Injury
22:40:00,Tuesday,Unknown,Female,Junior high school,Employee,No Licence,Public (> 45 seats),Owner,,No defect, Church areas,Undivided Two way,Tangent road with flat terrain,No junction,Asphalt roads,Dry,Darkness - lights lit,Normal,Vehicle with vehicle collision,7,1,Going straight,na,na,na,na,Self-employed,Normal,Not a Pedestrian,No priority to vehicle,Slight Injury
22:08:00,Tuesday,31-50,Male,Junior high school,Employee,2-5yr,Automobile,Owner,5-10yrs,No defect, Church areas,Unknown,Tangent road with mountainous terrain and,No junction,Asphalt roads,Wet or damp,Darkness - lights lit,Normal,Collision with roadside objects,2,1,Getting off,Driver or rider,Male,18-30,3,Other,Normal,Not a Pedestrian,Moving Backward,Slight Injury
17:10:00,Thursday,31-50,Male,High school,Owner,2-5yr,Lorry (41?100Q),Owner,1-2yr,No defect,School areas,Two-way (divided with broken lines road marking),Tangent road with flat terrain,Y Shape,Asphalt roads,Dry,Darkness - lights lit,Normal,Vehicle with vehicle collision,2,1,Other,Pedestrian,Male,Over 51,3,Driver,Normal,Crossing from nearside - masked by parked or statioNot a Pedestrianry vehicle,Overtaking,Fatal injury
22:16:00,Wednesday,Over 51,Male,Junior high school,Employee,5-10yr,Automobile,Owner,,,Residential areas,One way,Tangent road with flat terrain,No junction,Asphalt roads,Wet or damp,Darkness - lights lit,Normal,Vehicle with vehicle collision,3,1,Other,Pedestrian,Male,Over 51,3,Driver,Normal,Not a Pedestrian,Driving to the left,Serious Injury
15:23:00,Wednesday,31-50,Male,Junior high school,Employee,2-5yr,Lorry (41?100Q),Owner,5-10yrs,, Hospital areas,other,Steep grade downward with mountainous terrain,Y Shape,Asphalt roads,Wet or damp,Daylight,Raining,Collision with pedestrians,3,1,Moving Backward,Driver or rider,Male,Over 51,3,,,Not a Pedestrian,Changing lane to the left,Serious Injury
07:26:00,Monday,31-50,Male,Junior high school,Employee,Above 10yr,Stationwagen,Owner,5-10yrs,,Other,Undivided Two way,Tangent road with flat terrain,Other,Asphalt roads,Wet or damp,Darkness - lights lit,Normal,Vehicle with vehicle collision,1,1,Going straight,Driver or rider,Female,Over 51,3,Student,Normal,Not a Pedestrian,No distancing,Slight Injury
16:05:00,Thursday,Unknown,Male,Elementary school,Employee,2-5yr,Stationwagen,Owner,Above 10yr,No defect, Church areas,Undivided Two way,Sharp reverse curve,Crossing,Asphalt roads,Wet or damp,Daylight,Normal,Collision with pedestrians,2,1,Going straight,Driver or rider,Male,31-50,3,Driver,Normal,Not a Pedestrian,Moving Backward,Slight Injury
07:35:00,Monday,Over 51,Male,Unknown,Employee,Below 1yr,Public (13?45 seats),Organization,Unknown,,  Recreational areas,Two-way (divided with broken lines road marking),Tangent road with flat terrain,No junction,Asphalt roads,Wet or damp,Daylight,Raining,Vehicle with vehicle collision,3,2,Going straight,Driver or rider,Female,Over 51,3,,,Not a Pedestrian,Moving Backward,Serious Injury
12:46:00,Friday,31-50,Male,Junior high school,Employee,2-5yr,Public (12 seats),Owner,Unknown,,Office areas,Double carriageway (median),Tangent road with flat terrain,,Asphalt roads,Wet or damp,Darkness - no lighting,Raining,Collision with roadside objects,1,1,Going straight,na,na,na,na,Driver,Normal,Not a Pedestrian,Changing lane to the left,Serious Injury
14:45:00,Thursday,31-50,Male,Junior high school,Employee,1-2yr,Lorry (41?100Q),Owner,2-5yrs,No defect,Other,Two-way (divided with broken lines road marking),Tangent road with flat terrain,Y Shape,Asphalt roads,Dry,Daylight,Normal,Vehicle with vehicle collision,2,1,Going straight,Driver or rider,Male,Over 51,3,Driver,Normal,Not a Pedestrian,Driving under the influence of drugs,Slight Injury
20:55:00,Friday,18-30,Male,Junior high school,Owner,Below 1yr,Automobile,Owner,5-10yrs,,Office areas,Double carriageway (median),Tangent road with flat terrain,Crossing,Asphalt roads,Dry,Daylight,Normal,Vehicle with vehicle collision,2,2,Other,Driver or rider,Male,31-50,3,,,Not a Pedestrian,No priority to pedestrian,Slight Injury
10:50:00,Saturday,18-30,Male,,Owner,Below 1yr,Automobile,Owner,,No defect,Office areas,other,Tangent road with flat terrain,No junction,Asphalt roads,Dry,Daylight,Normal,Vehicle with vehicle collision,2,1,Going straight,Driver or rider,Male,31-50,3,Driver,Normal,Not a Pedestrian,No priority to vehicle,Serious Injury
19:45:00,Saturday,Unknown,Male,Elementary school,Employee,2-5yr,Other,Owner,Unknown,No defect,School areas,Double carriageway (median),Tangent road with flat terrain,Other,Asphalt roads,Dry,Darkness - lights lit,Normal,Vehicle with vehicle collision,1,1,Going straight,Driver or rider,Male,18-30,3,Driver,Normal,Not a Pedestrian,Changing lane to the right,Slight Injury
15:30:00,Thursday,31-50,Male,Junior high school,Employee,5-10yr,Lorry (41?100Q),Owner,1-2yr,No defect, Church areas,Undivided Two way,Tangent road with flat terrain,No junction,Asphalt roads,Dry,Daylight,Normal,Vehicle with vehicle collision,2,5,Other,Driver or rider,Male,18-30,3,Self-employed,Normal,Not a Pedestrian,No distancing,Slight Injury
17:45:00,Sunday,18-30,Male,High school,Employee,1-2yr,Automobile,,,,Office areas,other,Tangent road with flat terrain,,Asphalt roads,Wet or damp,Daylight,Normal,Vehicle with vehicle collision,2,1,Turnover,Passenger,Female,Under 18,3,Self-employed,Normal,Not a Pedestrian,No priority to pedestrian,Slight Injury
19:47:00,Saturday,18-30,Female,High school,Owner,2-5yr,Automobile,Owner,,No defect,Other,Undivided Two way,Tangent road with flat terrain,O Shape,Asphalt roads,Wet or damp,Darkness - lights lit,Normal,Vehicle with vehicle collision,2,1,Going straight,Driver or rider,Male,18-30,3,Self-employed,Normal,Not a Pedestrian,No priority to vehicle,Serious Injury
10:26:00,Wednesday,Under 18,Male,Elementary school,Employee,2-5yr,Pick up upto 10Q,Owner,1-2yr,,Office areas,Undivided Two way,Tangent road with flat terrain,Y Shape,Asphalt roads,Dry,Daylight,Normal,Rollover,2,1,Reversing,Pedestrian,Female,31-50,3,Driver,Normal,Not a Pedestrian,Changing lane to the left,Slight Injury
20:03:00,Saturday,31-50,Male,Elementary school,Owner,Above 10yr,Lorry (41?100Q),Governmental,Unknown,No defect,  Market areas,Undivided Two way,Tangent road with flat terrain,No junction,Asphalt roads,Dry,Daylight,Normal,Vehicle with vehicle collision,2,3,Going straight,Driver or rider,Male,18-30,3,Driver,Normal,Not a Pedestrian,Changing lane to the right,Fatal injury
09:10:00,Friday,Over 51,Male,High school,Employee,Below 1yr,Lorry (41?100Q),Owner,5-10yrs,No defect,Office areas,Two-way (divided with broken lines road marking),Tangent road with mountainous terrain and,Y Shape,Asphalt roads,Dry,Daylight,Normal,Vehicle with vehicle collision,2,1,Going straight,Passenger,Male,Over 51,3,Self-employed,Normal,Not a Pedestrian,No priority to pedestrian,Serious Injury
10:05:00,Thursday,31-50,Male,Writing & reading,Employee,5-10yr,Lorry (41?100Q),Governmental,2-5yrs,,Other,Two-way (divided with broken lines road marking),Tangent road with flat terrain,Y Shape,Asphalt roads,Dry,Daylight,Normal,Collision with pedestrians,2,1,Going straight,Driver or rider,Male,18-30,3,Driver,Normal,Not a Pedestrian,Changing lane to the right,Slight Injury
18:00:00,Saturday,Over 51,Male,Elementary school,Employee,Below 1yr,Public (13?45 seats),Governmental,,No defect,Residential areas,Two-way (divided with broken lines road marking),Tangent road with flat terrain,Y Shape,Asphalt roads,Dry,Daylight,Normal,Vehicle with vehicle collision,2,3,Going straight,Passenger,Female,Over 51,3,Driver,Normal,Not a Pedestrian,Moving Backward,Fatal injury
18:50:00,Thursday,Over 51,Male,Elementary school,Owner,5-10yr,Pick up upto 10Q,Owner,,No defect,Other,Undivided Two way,Tangent road with flat terrain,Y Shape,Asphalt roads,Wet or damp,Darkness - lights lit,Normal,Vehicle with vehicle collision,4,3,Reversing,Driver or rider,Male,Over 51,3,Driver,Normal,Not a Pedestrian,Changing lane to the left,Slight Injury
12:00:00,Saturday,31-50,Male,High school,Employee,1-2yr,Automobile,Organization,2-5yrs,, Industrial areas,Two-way (divided with broken lines road marking),Tangent road with flat terrain,Crossing,Asphalt roads,Dry,Daylight,Normal,Collision with pedestrians,2,2,Going straight,Passenger,Female,Over 51,3,Self-employed,Normal,Not a Pedestrian,No priority to vehicle,Slight Injury
08:29:00,Thursday,31-50,Male,Elementary school,Owner,5-10yr,Automobile,Owner,Unknown,No defect,Residential areas,Two-way (divided with broken lines road marking),Tangent road with flat terrain,No junction,Gravel roads,Dry,Daylight,Normal,Collision with roadside objects,2,1,Going straight,Driver or rider,Male,31-50,3,,,Not a Pedestrian,Moving Backward,Serious Injury
18:00:00,Friday,Unknown,Male,Junior high school,Employee,5-10yr,Automobile,Owner,2-5yrs,No defect,Residential areas,Undivided Two way,Tangent road with flat terrain,,Asphalt roads,Dry,Darkness - lights lit,Normal,Vehicle with vehicle collision,1,1,Stopping,na,na,na,na,Other,Normal,Not a Pedestrian,No distancing,Fatal injury
10:10:00,Saturday,Unknown,Male,Junior high school,Employee,5-10yr,,Owner,Unknown,No defect,Other,Double carriageway (median),Tangent road with flat terrain,Crossing,Asphalt roads,Dry,Daylight,Normal,Collision with pedestrians,2,2,Going straight,Driver or rider,Male,18-30,3,Driver,Normal,Not a Pedestrian,Driving carelessly,Slight Injury
21:44:00,Sunday,Over 51,Male,Junior high school,Owner,Below 1yr,Public (12 seats),Owner,Unknown,No defect,Office areas,Double carriageway (median),Tangent road with flat terrain,Crossing,Asphalt roads,Wet or damp,Darkness - lights lit,Other,Vehicle with vehicle collision,2,1,Going straight,na,na,na,na,,Normal,Not a Pedestrian,Changing lane to the right,Serious Injury
15:45:00,Saturday,31-50,Male,Junior high school,Employee,2-5yr,Lorry (11?40Q),Owner,Unknown,No defect,Office areas,Undivided Two way,Tangent road with flat terrain,Y Shape,Asphalt roads,Dry,Darkness - lights lit,Normal,Vehicle with vehicle collision,2,1,Going straight,na,na,na,na,Driver,Blind,Not a Pedestrian,Driving under the influence of drugs,Slight Injury
19:16:00,Tuesday,18-30,Male,Elementary school,Employee,5-10yr,Automobile,Owner,Above 10yr,No defect,Other,other,Tangent road with flat terrain,Y Shape,Asphalt roads,Dry,Daylight,Normal,Vehicle with vehicle collision,2,1,Reversing,na,na,na,na,Driver,Normal,Not a Pedestrian,Changing lane to the left,Serious Injury
18:00:00,Tuesday,Over 51,Male,Junior high school,Employee,Above 10yr,Automobile,Owner,,,Other,Two-way (divided with broken lines road marking),Tangent road with flat terrain,Y Shape,Asphalt roads,Dry,Darkness - lights lit,Normal,Vehicle with vehicle collision,2,1,Going straight,Passenger,Female,Under 18,3,Self-employed,Normal,Not a Pedestrian,No distancing,Slight Injury
18:55:00,Thursday,18-30,Male,Junior high school,Employee,Above 10yr,Automobile,Owner,Unknown,,Other,Two-way (divided with broken lines road marking),Tangent road with flat terrain,Y Shape,Asphalt roads,Dry,Daylight,Normal,Collision with roadside objects,3,2,,na,na,na,na,Self-employed,Normal,Not a Pedestrian,Changing lane to the left,Slight Injury
09:35:00,Thursday,31-50,Male,Junior high school,Employee,Below 1yr,Automobile,Owner,5-10yrs,, Church areas,Undivided Two way,Steep grade downward with mountainous terrain,Y Shape,Asphalt roads,Snow,Daylight,Normal,Vehicle with vehicle collision,2,2,Going straight,na,na,na,na,Driver,Normal,Not a Pedestrian,No priority to pedestrian,Slight Injury
16:25:00,Sunday,18-30,Male,Junior high school,Employee,2-5yr,Automobile,Owner,Unknown,No defect,Office areas,Undivided Two way,Tangent road with flat terrain,No junction,Asphalt roads,Wet or damp,Daylight,Raining,Collision with pedestrians,2,4,Overtaking,Driver or rider,Male,18-30,3,Driver,Normal,Not a Pedestrian,Driving carelessly,Fatal injury
19:38:00,Tuesday,Unknown,Male,High school,Employee,Below 1yr,Pick up upto 10Q,,,,Office areas,Two-way (divided with broken lines road marking),Tangent road with flat terrain,No junction,Asphalt roads,Dry,Darkness - lights lit,Normal,Vehicle with vehicle collision,1,1,Going straight,Driver or rider,Male,Under 18,3,Employee,Normal,Not a Pedestrian,No distancing,Slight Injury
12:56:00,Monday,31-50,Male,Junior high school,Employee,5-10yr,Lorry (41?100Q),Owner,,,Other,Two-way (divided with broken lines road marking),Tangent road with flat terrain,Y Shape,Asphalt roads,Dry,Daylight,Normal,Vehicle with vehicle collision,2,1,Going straight,Driver or rider,Male,18-30,3,Employee,Normal,Not a Pedestrian,No priority to pedestrian,Slight Injury
21:50:00,Monday,Unknown,Male,Junior high school,Employee,Above 10yr,Other,Owner,Above 10yr,No defect,Other,One way,Steep grade downward with mountainous terrain,Unknown,Asphalt roads,Wet or damp,Daylight,Other,Fall from vehicles,2,1,Going straight,Pedestrian,Female,Under 18,3,Employee,Normal,"Walking along in carriageway, back to traffic",No priority to vehicle,Slight Injury
18:00:00,Friday,Over 51,Male,Junior high school,Employee,5-10yr,Motorcycle,Owner,5-10yrs,No defect,Other,One way,Tangent road with flat terrain,Other,Asphalt roads,Dry,Daylight,Normal,Vehicle with vehicle collision,3,2,Going straight,na,na,na,na,Other,Normal,Not a Pedestrian,Turnover,Slight Injury
07:44:00,Friday,18-30,Male,Junior high school,Employee,2-5yr,Lorry (41?100Q),Owner,Below 1yr,No defect, Hospital areas,Undivided Two way,Tangent road with flat terrain,,Earth roads,Dry,Daylight,Normal,Vehicle with vehicle collision,3,1,Going straight,Driver or rider,Male,18-30,3,Driver,Normal,Not a Pedestrian,Changing lane to the left,Slight Injury
16:55:00,Friday,31-50,Male,,Owner,,Stationwagen,Owner,,No defect,Office areas,Undivided Two way,Tangent road with flat terrain,No junction,Asphalt roads,Dry,Daylight,Normal,Vehicle with vehicle collision,3,3,Going straight,Driver or rider,Male,Under 18,2,Self-employed,Normal,Not a Pedestrian,No priority to vehicle,Slight Injury
18:05:00,Wednesday,18-30,Male,Above high school,Owner,2-5yr,Lorry (41?100Q),Governmental,Below 1yr,No defect,Residential areas,Two-way (divided with broken lines road marking),Tangent road with flat terrain,Other,Asphalt roads,Dry,Daylight,Normal,Rollover,2,1,Going straight,na,na,na,na,Employee,Normal,Not a Pedestrian,No distancing,Slight Injury
11:50:00,Friday,Over 51,Male,Junior high school,Employee,2-5yr,Other,Owner,5-10yrs,No defect,Other,Two-way (divided with broken lines road marking),Tangent road with flat terrain,Y Shape,Asphalt roads,Dry,Daylight,Normal,Vehicle with vehicle collision,2,1,Going straight,na,na,na,na,Driver,Normal,Not a Pedestrian,No distancing,Serious Injury
18:48:00,Friday,Unknown,Male,Elementary school,Owner,5-10yr,,Owner,1-2yr,,School areas,Undivided Two way,Tangent road with flat terrain,No junction,Asphalt roads,Dry,Daylight,Normal,Collision with roadside objects,2,1,Getting off,na,na,na,na,,,Not a Pedestrian,No priority to pedestrian,Slight Injury
15:47:00,Thursday,31-50,Male,Junior high school,Employee,Below 1yr,Automobile,Owner,1-2yr,No defect,Other,other,Tangent road with flat terrain,Y Shape,Asphalt roads,Wet or damp,Daylight,Normal,Vehicle with vehicle collision,1,1,Going straight,na,na,na,na,Driver,Normal,Not a Pedestrian,Changing lane to the right,Slight Injury
19:28:00,Wednesday,18-30,Male,Elementary school,Employee,Below 1yr,,Organization,1-2yr,, Church areas,,Tangent road with flat terrain,Y Shape,Asphalt roads,Dry,Daylight,Normal,Vehicle with vehicle collision,2,1,Going straight,Passenger,Female,Over 51,3,,Normal,Not a Pedestrian,No priority to vehicle,Slight Injury
06:35:00,Friday,31-50,Male,Junior high school,Employee,,Automobile,Owner,,,Other,Undivided Two way,Tangent road with flat terrain,Crossing,Asphalt roads,Wet or damp,Darkness - lights lit,Raining,Vehicle with vehicle collision,2,1,Going straight,Passenger,Male,Under 18,3,Driver,Normal,Not a Pedestrian,Driving carelessly,Serious Injury
19:20:00,Friday,18-30,Male,Junior high school,Employee,2-5yr,Other,Owner,,,,,Tangent road with flat terrain,Other,Asphalt roads,Dry,Daylight,Normal,Vehicle with vehicle collision,2,2,Going straight,Driver or rider,Male,Over 51,3,,,Not a Pedestrian,No priority to pedestrian,Slight Injury
15:23:00,Wednesday,31-50,Male,Junior high school,Employee,2-5yr,Lorry (41?100Q),Owner,5-10yrs,, Hospital areas,other,Steep grade downward with mountainous terrain,Y Shape,Asphalt roads,Wet or damp,Daylight,Raining,Collision with pedestrians,3,1,Moving Backward,Driver or rider,Male,Over 51,3,,,Not a Pedestrian,Changing lane to the left,Serious Injury
07:00:00,Saturday,Unknown,Female,Junior high school,Employee,Below 1yr,Stationwagen,Owner,,No defect,  Recreational areas,Undivided Two way,Tangent road with flat terrain,Y Shape,Asphalt roads,Dry,Daylight,Normal,Collision with roadside objects,2,1,Overtaking,Pedestrian,Female,18-30,1,Driver,Normal,Unknown or other,No priority to pedestrian,Slight Injury
16:00:00,Thursday,18-30,Male,Junior high school,Employee,Below 1yr,Automobile,Owner,2-5yrs,No defect, Church areas,One way,Tangent road with flat terrain,No junction,Asphalt roads,Dry,Daylight,Normal,Vehicle with vehicle collision,2,1,Going straight,Pedestrian,Male,31-50,3,,,Not a Pedestrian,Driving carelessly,Slight Injury
12:51:00,Wednesday,Over 51,Male,Junior high school,Employee,2-5yr,,Owner,Unknown,No defect,Residential areas,other,Tangent road with flat terrain,Crossing,Asphalt roads,Dry,Daylight,Normal,Vehicle with vehicle collision,3,2,Going straight,na,na,na,na,,,Not a Pedestrian,No distancing,Slight Injury
08:00:00,Friday,31-50,Male,Elementary school,Employee,2-5yr,,Owner,5-10yrs,,Residential areas,Undivided Two way,Tangent road with flat terrain,Y Shape,Asphalt roads,Dry,Daylight,Normal,Vehicle with vehicle collision,2,1,Going straight,na,na,na,na,Other,Normal,Not a Pedestrian,No priority to pedestrian,Slight Injury
17:25:00,Thursday,Unknown,Female,Junior high school,Employee,1-2yr,Public (12 seats),Owner,Unknown,7,Office areas,other,Tangent road with flat terrain,Crossing,Asphalt roads,Dry,Daylight,Normal,Vehicle with vehicle collision,1,1,Entering a junction,Passenger,Male,18-30,3,,,Not a Pedestrian,Changing lane to the left,Serious Injury