Time,Day_of_week,Age_band_of_driver,Sex_of_driver,Educational_level,Vehicle_driver_relation,Driving_experience,Type_of_vehicle,Owner_of_vehicle,Service_year_of_vehicle,Defect_of_vehicle,Area_accident_occured,Lanes_or_Medians,Road_allignment,Types_of_Junction,Road_surface_type,Road_surface_conditions,Light_conditions,Weather_conditions,Type_of_collision,Number_of_vehicles_involved,Number_of_casualties,Vehicle_movement,Casualty_class,Sex_of_casualty,Age_band_of_casualty,Casualty_severity,Work_of_casuality,Fitness_of_casuality,Pedestrian_movement,Cause_of_accident,Accident_severity
01:11:00,Tuesday,18-30,Male,High school,Employee,Above 10yr,Public (13?45 seats),Owner,Unknown,No defect,Other,Undivided Two way,Tangent road with flat terrain,Y Shape,Asphalt roads,Dry,Darkness - lights lit,Normal,Vehicle with vehicle collision,2,1,Moving Backward,Passenger,Female,Over 51,3,Other,Normal,Not a Pedestrian,Changing lane to the left,Slight Injury
23:25:00,Saturday,18-30,Male,Junior high school,Owner,5-10yr,Lorry (41?100Q),Owner,Above 10yr,No defect, Church areas,Two-way (divided with broken lines road marking),Tangent road with flat terrain,,Asphalt roads,Dry,Daylight,Normal,Vehicle with vehicle collision,2,1,Moving Backward,na,na,na,na,Driver,,Not a Pedestrian,No distancing,Slight Injury
13:45:00,Thursday,Unknown,Male,Elementary school,Employee,Above 10yr,Lorry (11?40Q),Governmental,,No defect,School areas,Undivided Two way,Tangent road with flat terrain,Crossing,Asphalt roads,Dry,Daylight,Normal,Vehicle with vehicle collision,2,1,Unknown,na,na,na,na,Driver,Normal,Not a Pedestrian,No distancing,Slight Injury
21:15:00,Sunday,31-50,Male,Junior high school,Employee,5-10yr,Pick up upto 10Q,Owner,Unknown,,Office areas,Undivided Two way,Tangent road with flat terrain,No junction,Asphalt roads,Dry,Darkness - lights lit,Normal,Collision with roadside objects,2,4,Going straight,na,na,na,na,,,Not a Pedestrian,Driving carelessly,Fatal injury
05:24:00,Friday,31-50,Male,Junior high school,Employee,2-5yr,Lorry (41?100Q),Owner,1-2yr,,School areas,other,Steep grade downward with mountainous terrain,No junction,Asphalt roads,Wet or damp,Darkness - no lighting,Normal,Vehicle with vehicle collision,1,1,Going straight,Driver or rider,Male,Over 51,3,Driver,Normal,Not a Pedestrian,Moving Backward,Serious Injury
18:15:00,Thursday,Over 51,Male,Junior high school,Employee,Above 10yr,Automobile,Owner,1-2yr,No defect, Hospital areas,Undivided Two way,Tangent road with flat terrain,Y Shape,Asphalt roads,Wet or damp,Darkness - lights lit,Raining,Vehicle with vehicle collision,1,1,Reversing,Driver or rider,Male,18-30,3,,Normal,Not a Pedestrian,Other,Slight Injury
07:10:00,Friday,18-30,Male,Junior high school,Employee,1-2yr,Public (12 seats),Owner,,,  Recreational areas,Two-way (divided with broken lines road marking),Tangent road with flat terrain,Y Shape,Asphalt roads,Dry,Daylight,Normal,Vehicle with vehicle collision,2,1,Going straight,Driver or rider,Male,Over 51,3,Driver,Normal,Not a Pedestrian,Changing lane to the right,Slight Injury
21:05:00,Thursday,31-50,Male,Junior high school,Employee,Above 10yr,Public (13?45 seats),Owner,5-10yrs,,Office areas,Two-way (divided with broken lines road marking),Tangent road with flat terrain,No junction,Asphalt roads,Wet or damp,Darkness - lights lit,Raining,Vehicle with vehicle collision,1,2,Turnover,Passenger,Female,Over 51,2,Driver,Normal,Not a Pedestrian,Driving carelessly,Serious Injury
15:50:00,Saturday,18-30,Male,Above high school,Employee,1-2yr,Automobile,Owner,,No defect,Other,Two-way (divided with broken lines road marking),Tangent road with flat terrain,Y Shape,Asphalt roads,Dry,Daylight,Normal,Vehicle with vehicle collision,1,1,Going straight,Driver or rider,Male,18-30,3,Driver,Normal,Not a Pedestrian,No distancing,Serious Injury
15:30:00,Thursday,Unknown,Male,Junior high school,Employee,5-10yr,Lorry (41?100Q),Owner,2-5yrs,No defect,Office areas,Two-way (divided with broken lines road marking),Tangent road with mild grade and flat terrain,No junction,Asphalt roads,Dry,Daylight,Normal,Vehicle with vehicle collision,2,5,Other,na,na,na,na,,Normal,Not a Pedestrian,Driving carelessly,Slight Injury
12:14:00,Saturday,31-50,Male,Junior high school,Employee,1-2yr,Automobile,Owner,,No defect, Industrial areas,Unknown,Tangent road with flat terrain,No junction,Asphalt roads,Dry,Daylight,Normal,Vehicle with vehicle collision,2,3,Going straight,na,na,na,na,,,Not a Pedestrian,Moving Backward,Serious Injury
17:05:00,Monday,Unknown,Male,Junior high school,Employee,Above 10yr,Lorry (41?100Q),Owner,2-5yrs,No defect,Residential areas,Undivided Two way,Tangent road with flat terrain,Y Shape,Asphalt roads,Dry,Daylight,Normal,Vehicle with vehicle collision,2,1,Going straight,Driver or rider,Female,18-30,3,,Normal,Not a Pedestrian,Changing lane to the left,Serious Injury
15:40:00,Sunday,31-50,Male,Junior high school,Owner,1-2yr,Automobile,Owner,1-2yr,,School areas,Undivided Two way,Tangent road with flat terrain,No junction,Asphalt roads,Dry,Daylight,Normal,Collision with roadside objects,3,1,Other,na,na,na,na,,,Not a Pedestrian,Changing lane to the right,Slight Injury
10:40:00,Friday,Over 51,Male,Elementary school,Owner,Above 10yr,Stationwagen,Owner,Unknown,No defect,Office areas,,Tangent road with flat terrain,Y Shape,Asphalt roads,Dry,Daylight,Normal,Vehicle with vehicle collision,2,1,Going straight,Passenger,Male,31-50,3,Driver,Normal,Not a Pedestrian,No distancing,Slight Injury
23:35:00,Saturday,Under 18,Male,Junior high school,Employee,Above 10yr,Lorry (41?100Q),Owner,5-10yrs,No defect,Residential areas,Undivided Two way,Tangent road with flat terrain,,Asphalt roads,Dry,Daylight,Normal,Collision with roadside objects,1,1,Turnover,na,na,na,na,Self-employed,Normal,Not a Pedestrian,No priority to vehicle,Serious Injury
12:51:00,Wednesday,31-50,Male,High school,Owner,2-5yr,Automobile,Owner,2-5yrs,No defect,Residential areas,Undivided Two way,Tangent road with flat terrain,Crossing,Asphalt roads,Dry,Daylight,Normal,Vehicle with vehicle collision,3,2,Going straight,Driver or rider,Male,18-30,3,,Normal,Not a Pedestrian,Changing lane to the right,Slight Injury
08:55:00,Monday,18-30,Male,Junior high school,Employee,Above 10yr,Public (13?45 seats),Owner,,No defect,  Recreational areas,other,,No junction,Asphalt roads,Wet or damp,Daylight,Normal,Vehicle with vehicle collision,2,1,Going straight,Passenger,Female,18-30,3,Driver,Normal,Not a Pedestrian,No distancing,Slight Injury
23:39:00,Sunday,18-30,Male,Junior high school,,,Stationwagen,Owner,,No defect,Office areas,Two-way (divided with broken lines road marking),Tangent road with mild grade and flat terrain,No junction,Asphalt roads,Dry,Darkness - lights lit,Normal,Vehicle with vehicle collision,2,1,,na,na,na,na,Driver,Normal,Not a Pedestrian,No priority to vehicle,Serious Injury
11:30:00,Tuesday,18-30,Male,Junior high school,Employee,1-2yr,Lorry (41?100Q),Owner,Unknown,,Office areas,Two-way (divided with broken lines road marking),Tangent road with mild grade and flat terrain,Crossing,Gravel roads,Wet or damp,Daylight,Normal,Vehicle with vehicle collision,4,6,Going straight,na,na,na,na,Driver,Normal,Not a Pedestrian,Changing lane to the left,Serious Injury
10:41:00,Wednesday,31-50,Male,Junior high school,Employee,Below 1yr,Lorry (41?100Q),Owner,Unknown,,Office areas,Undivided Two way,Tangent road with flat terrain,,Asphalt roads,Dry,Darkness - lights lit,Normal,Collision with roadside objects,2,1,Going straight,Pedestrian,Female,Under 18,3,Driver,Normal,Not a Pedestrian,Driving carelessly,Slight Injury
12:44:00,Thursday,18-30,Male,Junior high school,Employee,No Licence,Public (12 seats),Owner,Unknown,No defect,Other,Two-way (divided with broken lines road marking),Tangent road with flat terrain,No junction,Asphalt roads,Dry,Daylight,Normal,Collision with roadside objects,2,2,Going straight,Pedestrian,Male,18-30,3,Other,Normal,Crossing from nearside - masked by parked or statioNot a Pedestrianry vehicle,No priority to pedestrian,Slight Injury
17:02:00,Monday,18-30,Male,Above high school,Employee,1-2yr,Automobile,Owner,Above 10yr,No defect,Residential areas,,Tangent road with flat terrain,No junction,Asphalt roads,Dry,Daylight,Normal,Collision with roadside-parked vehicles,2,2,Going straight,na,na,na,na,,,Not a Pedestrian,Moving Backward,Slight Injury
15:10:00,Wednesday,Over 51,Male,Elementary school,Employee,2-5yr,Automobile,Owner,1-2yr,No defect, Industrial areas,One way,Tangent road with flat terrain,Y Shape,Asphalt roads,Dry,Daylight,Normal,Collision with roadside objects,2,1,Going straight,Passenger,Male,Over 51,3,,,Not a Pedestrian,No priority to pedestrian,Serious Injury
16:40:00,Monday,31-50,Male,Junior high school,Employee,Below 1yr,Lorry (41?100Q),Governmental,,,Office areas,Two-way (divided with broken lines road marking),Tangent road with flat terrain,Y Shape,Gravel roads,Dry,Daylight,Normal,Collision with pedestrians,2,1,Going straight,Pedestrian,Male,Under 18,3,Driver,Normal,Crossing from driver's nearside,Driving carelessly,Slight Injury
10:39:00,Wednesday,Over 51,Male,Above high school,Employee,1-2yr,Lorry (41?100Q),Owner,Unknown,No defect,Office areas,One way,Tangent road with flat terrain,No junction,Asphalt roads,Wet or damp,Daylight,Raining,Vehicle with vehicle collision,1,1,Going straight,Driver or rider,Male,18-30,3,Self-employed,Normal,Not a Pedestrian,No distancing,Slight Injury
12:50:00,Monday,18-30,Male,Junior high school,Employee,Below 1yr,Automobile,Owner,,No defect,Office areas,Undivided Two way,Tangent road with flat terrain,No junction,Asphalt roads,Wet or damp,Daylight,Raining,Vehicle with vehicle collision,1,1,Going straight,na,na,na,na,Driver,Normal,Not a Pedestrian,No distancing,Slight Injury
15:00:00,Thursday,18-30,Male,Elementary school,Employee,5-10yr,Pick up upto 10Q,Owner,,,Other,Double carriageway (median),Tangent road with flat terrain,No junction,Asphalt roads,Dry,Daylight,Normal,Vehicle with vehicle collision,2,1,Unknown,Driver or rider,Male,18-30,2,Driver,Normal,Not a Pedestrian,Changing lane to the right,Slight Injury
20:10:00,Saturday,Under 18,Male,Elementary school,Employee,Below 1yr,Automobile,Owner,5-10yrs,No defect,School areas,other,Tangent road with flat terrain,Y Shape,Asphalt roads,Dry,Darkness - lights lit,Normal,Collision with roadside objects,1,1,Other,na,na,na,na,Driver,Normal,Not a Pedestrian,Moving Backward,Serious Injury
21:15:00,Sunday,31-50,Male,Junior high school,Employee,Above 10yr,Automobile,Owner,Unknown,,Office areas,One way,Tangent road with flat terrain,No junction,Asphalt roads,Dry,Darkness - lights lit,Normal,Collision with roadside objects,2,4,Going straight,na,na,na,na,,,Not a Pedestrian,Changing lane to the left,Fatal injury
20:50:00,Thursday,31-50,Male,Junior high school,Employee,1-2yr,Public (12 seats),Owner,Unknown,No defect, Church areas,Two-way (divided with broken lines road marking),Tangent road with flat terrain,Y Shape,Asphalt roads,Dry,Daylight,Normal,Vehicle with vehicle collision,2,1,Turnover,Driver or rider,Female,18-30,3,,,Not a Pedestrian,Driving at high speed,Slight Injury
19:35:00,Thursday,Under 18,Male,Junior high school,Employee,Above 10yr,,Owner,5-10yrs,No defect,Other,One way,Tangent road with flat terrain,No junction,Asphalt roads,Dry,Daylight,Normal,Collision with roadside objects,3,4,Moving Backward,Passenger,Male,Over 51,3,Driver,Normal,Not a Pedestrian,Overtaking,Serious Injury
22:10:00,Monday,Over 51,Male,Junior high school,Employee,Below 1yr,Bicycle,Owner,,No defect,Other,One way,Tangent road with flat terrain,Y Shape,Asphalt roads,Dry,Darkness - lights lit,Normal,Vehicle with vehicle collision,2,1,Other,na,na,na,na,Self-employed,Normal,Not a Pedestrian,Driving carelessly,Slight Injury
19:20:00,Wednesday,Unknown,Male,High school,Employee,Above 10yr,Lorry (41?100Q),Owner,2-5yrs,No defect,Other,Undivided Two way,Tangent road with flat terrain,Y Shape,Asphalt roads,Wet or damp,Daylight,Windy,Vehicle with vehicle collision,2,1,Going straight,na,na,na,na,,,Not a Pedestrian,No priority to pedestrian,Slight Injury
17:10:00,Thursday,18-30,Male,Junior high school,Employee,1-2yr,Stationwagen,Owner,2-5yrs,,Other,Undivided Two way,Tangent road with flat terrain,No junction,Asphalt roads,Dry,Daylight,Normal,Vehicle with vehicle collision,2,1,Going straight,Driver or rider,Female,Over 51,2,,,Not a Pedestrian,Other,Fatal injury
18:49:00,Thursday,31-50,Male,Junior high school,Employee,,Automobile,Owner,1-2yr,No defect,Other,Double carriageway (median),Tangent road with flat terrain,No junction,Asphalt roads,Dry,Daylight,Normal,Vehicle with vehicle collision,2,1,Going straight,na,na,na,na,,,Not a Pedestrian,Moving Backward,Slight Injury
15:10:00,Thursday,Over 51,Male,Junior high school,Employee,Above 10yr,Automobile,Owner,,, Industrial areas,Undivided Two way,Tangent road with flat terrain,Crossing,Asphalt roads with some distress,Dry,Daylight,Normal,Vehicle with vehicle collision,2,1,Other,na,na,na,na,,,Not a Pedestrian,No distancing,Slight Injury
09:57:00,Wednesday,31-50,Male,,Owner,5-10yr,Lorry (11?40Q),Owner,Above 10yr,No defect,Office areas,Two-way (divided with broken lines road marking),Tangent road with flat terrain,No junction,Asphalt roads,Dry,Daylight,Normal,Vehicle with vehicle collision,2,1,Going straight,Pedestrian,Male,18-30,2,Driver,,Unknown or other,Changing lane to the left,Slight Injury
12:00:00,Saturday,Over 51,Male,Junior high school,Employee,2-5yr,Pick up upto 10Q,Owner,,,Residential areas,Undivided Two way,Tangent road with flat terrain,,Asphalt roads,Dry,Daylight,Normal,Collision with roadside objects,2,2,Going straight,Driver or rider,Male,Under 18,3,,,Not a Pedestrian,Moving Backward,Slight Injury
20:15:00,Tuesday,18-30,Male,High school,Employee,Above 10yr,Pick up upto 10Q,Owner,2-5yrs,No defect,Other,Double carriageway (median),Tangent road with mild grade and flat terrain,,Asphalt roads,Wet or damp,Darkness - lights lit,Raining and Windy,Vehicle with vehicle collision,2,1,Going straight,Driver or rider,Male,18-30,3,Driver,Normal,Not a Pedestrian,Changing lane to the right,Slight Injury
14:00:00,Saturday,31-50,Male,High school,Owner,2-5yr,Lorry (41?100Q),Owner,,No defect,Other,Undivided Two way,Tangent road with flat terrain,O Shape,Asphalt roads,Dry,Daylight,Normal,Vehicle with vehicle collision,1,1,Other,na,na,na,na,Employee,Normal,Not a Pedestrian,Changing lane to the left,Slight Injury
15:17:00,Sunday,31-50,Male,Junior high school,Employee,5-10yr,Automobile,Owner,2-5yrs,No defect,Office areas,Double carriageway (median),Tangent road with flat terrain,No junction,Asphalt roads,Dry,Daylight,Normal,Vehicle with vehicle collision,2,1,Reversing,Driver or rider,Male,18-30,3,Self-employed,Normal,Not a Pedestrian,Moving Backward,Fatal injury
02:47:00,Friday,31-50,Male,High school,Employee,5-10yr,Automobile,Owner,,No defect,  Recreational areas,Undivided Two way,Tangent road with flat terrain,No junction,Asphalt roads,Dry,Darkness - lights lit,Normal,Vehicle with vehicle collision,1,1,Going straight,na,na,na,na,Driver,Normal,Not a Pedestrian,No priority to pedestrian,Fatal injury
18:47:00,Friday,Unknown,Male,,,,Lorry (41?100Q),Owner,,No defect,Office areas,other,Tangent road with mountainous terrain and,Y Shape,Asphalt roads,Dry,Daylight,Normal,Vehicle with vehicle collision,2,1,Going straight,na,na,na,na,,,Not a Pedestrian,No priority to vehicle,Slight Injury
20:39:00,Saturday,18-30,Male,Junior high school,Owner,5-10yr,Public (12 seats),Owner,Above 10yr,,  Market areas,other,Steep grade downward with mountainous terrain,Y Shape,Asphalt roads,Dry,Darkness - lights lit,Normal,Vehicle with vehicle collision,3,2,Going straight,na,na,na,na,,,Not a Pedestrian,Moving Backward,Slight Injury
12:25:00,Tuesday,18-30,Male,Elementary school,Employee,2-5yr,Public (12 seats),Owner,,No defect,Other,Two-way (divided with broken lines road marking),Tangent road with flat terrain,No junction,Asphalt roads,Dry,Daylight,Normal,Vehicle with vehicle collision,2,1,Going straight,na,na,na,na,,Normal,Not a Pedestrian,No distancing,Slight Injury
15:30:00,Monday,Over 51,Male,High school,Employee,2-5yr,Public (> 45 seats),Owner,Unknown,No defect,School areas,Two-way (divided with broken lines road marking),Tangent road with flat terrain,No junction,Asphalt roads,Dry,Daylight,Normal,Collision with roadside objects,2,1,Getting off,na,na,na,na,Driver,Normal,Not a Pedestrian,Other,Slight Injury
13:45:00,Sunday,Under 18,Male,Elementary school,Employee,Above 10yr,Pick up upto 10Q,Owner,2-5yrs,No defect,Other,other,Tangent road with flat terrain,No junction,Asphalt roads,Wet or damp,Daylight,Snow,Vehicle with vehicle collision,2,1,Other,na,na,na,na,Driver,Normal,Not a Pedestrian,Driving carelessly,Slight Injury
20:30:00,Sunday,Unknown,Male,Junior high school,Owner,5-10yr,Other,Owner,Above 10yr,No defect,Residential areas,Two-way (divided with broken lines road marking),Tangent road with flat terrain,No junction,Asphalt roads,Dry,Daylight,Normal,,1,1,Going straight,Driver or rider,Female,18-30,3,Driver,Normal,Not a Pedestrian,Driving carelessly,Slight Injury
16:20:00,Friday,31-50,Male,Elementary school,Employee,Below 1yr,Stationwagen,Owner,5-10yrs,,Other,Two-way (divided with broken lines road marking),Tangent road with flat terrain,No junction,Asphalt roads,Dry,Daylight,Normal,Vehicle with vehicle collision,1,1,Going straight,na,na,na,na,,,Not a Pedestrian,No distancing,Slight Injury
13:10:00,Sunday,Under 18,Male,,Employee,5-10yr,Stationwagen,Owner,,No defect,Office areas,Double carriageway (median),Tangent road with flat terrain,No junction,Earth roads,Dry,Daylight,Normal,Collision with pedestrians,2,4,Going straight,Pedestrian,Male,18-30,3,Driver,Normal,Unknown or other,No distancing,Slight Injury
15:45:00,Thursday,Under 18,Male,Junior high school,Employee,Above 10yr,Lorry (41?100Q),Owner,,,Other,Undivided Two way,Tangent road with flat terrain,Y Shape,Asphalt roads,Dry,Daylight,Normal,Vehicle with vehicle collision,2,1,Going straight,na,na,na,na,Other,Normal,Not a Pedestrian,Changing lane to the left,Serious Injury
11:00:00,Wednesday,31-50,Male,Junior high school,Employee,2-5yr,,Owner,,No defect,Other,Undivided Two way,Tangent road with flat terrain,Crossing,Asphalt roads,Dry,Daylight,Normal,Vehicle with vehicle collision,2,1,Going straight,Driver or rider,Male,18-30,3,Driver,Normal,Not a Pedestrian,No distancing,Slight Injury
07:16:00,Monday,Under 18,Male,High school,Owner,5-10yr,Lorry (41?100Q),Organization,Above 10yr,No defect,Other,Two-way (divided with broken lines road marking),Tangent road with flat terrain,No junction,Asphalt roads,Wet or damp,Darkness - lights lit,Other,Collision with roadside objects,2,1,,Driver or rider,Male,Under 18,3,Driver,Normal,Not a Pedestrian,Driving carelessly,Slight Injury
15:06:00,Wednesday,Over 51,Male,Elementary school,Employee,1-2yr,Pick up upto 10Q,Owner,2-5yrs,No defect, Outside rural areas,Undivided Two way,Tangent road with flat terrain,O Shape,Asphalt roads,Dry,Daylight,Normal,Collision with roadside objects,2,1,Moving Backward,Driver or rider,Male,31-50,3,,,Not a Pedestrian,Changing lane to the left,Serious Injury
15:33:00,Tuesday,31-50,Male,Elementary school,Employee,5-10yr,Pick up upto 10Q,Owner,Above 10yr,No defect,Office areas,other,Tangent road with flat terrain,,Asphalt roads,Dry,Daylight,Normal,Collision with pedestrians,2,1,Going straight,Passenger,Female,31-50,3,Self-employed,Normal,Not a Pedestrian,Changing lane to the right,Slight Injury
01:20:00,Sunday,31-50,Male,Junior high school,Employee,5-10yr,Lorry (41?100Q),Owner,2-5yrs,No defect,Residential areas,Undivided Two way,Tangent road with flat terrain,Y Shape,Asphalt roads,Wet or damp,Darkness - lights lit,Raining,Vehicle with vehicle collision,1,1,Reversing,Driver or rider,Male,31-50,3,Self-employed,Normal,Not a Pedestrian,No distancing,Slight Injury
12:00:00,Thursday,Unknown,Female,Junior high school,Employee,5-10yr,Automobile,Owner,Above 10yr,No defect,Office areas,Undivided Two way,Gentle horizontal curve,No junction,Asphalt roads,Dry,Daylight,Normal,Collision with roadside objects,2,1,Going straight,na,na,na,na,Self-employed,Normal,Not a Pedestrian,No distancing,Slight Injury
16:55:00,Friday,31-50,Male,High school,Owner,5-10yr,Lorry (41?100Q),Governmental,2-5yrs,,Other,Two-way (divided with broken lines road marking),Tangent road with flat terrain,No junction,Asphalt roads,Dry,Daylight,Normal,Rollover,2,3,Going straight,Pedestrian,Female,18-30,3,Driver,Normal,Crossing from nearside - masked by parked or statioNot a Pedestrianry vehicle,Changing lane to the right,Slight Injury
17:55:00,Thursday,18-30,Male,,,,,,,,Other,Undivided Two way,Tangent road with flat terrain,Y Shape,Asphalt roads,Dry,Daylight,Normal,Collision with pedestrians,2,1,Going straight,Driver or rider,Male,31-50,3,,,Not a Pedestrian,Changing lane to the right,Slight Injury
15:00:00,Saturday,31-50,Male,Junior high school,Employee,5-10yr,Public (> 45 seats),Owner,Unknown,No defect,  Recreational areas,One way,Tangent road with flat terrain,No junction,Asphalt roads,Dry,Daylight,Other,Vehicle with vehicle collision,2,1,Moving Backward,na,na,na,na,,Normal,Not a Pedestrian,No priority to vehicle,Slight Injury
10:40:00,Sunday,31-50,Male,Elementary school,Employee,Above 10yr,Other,Owner,Unknown,No defect,,other,Tangent road with flat terrain,No junction,Asphalt roads,Dry,Daylight,Normal,Vehicle with vehicle collision,2,2,Going straight,Driver or rider,Male,31-50,3,,Normal,Not a Pedestrian,No distancing,Slight Injury
15:46:00,Thursday,31-50,Male,Junior high school,Employee,5-10yr,Motorcycle,Owner,Unknown,No defect,Rural village areasOffice areas,other,Tangent road with flat terrain,Y Shape,Asphalt roads,Dry,Daylight,Normal,Collision with pedestrians,2,1,Going straight,Driver or rider,Male,18-30,3,,,Not a Pedestrian,Overloading,Serious Injury
21:30:00,Sunday,31-50,Male,Elementary school,Employee,Below 1yr,Lorry (41?100Q),Owner,,,Other,Two-way (divided with broken lines road marking),Tangent road with flat terrain,Y Shape,Asphalt roads,Wet or damp,Daylight,Normal,,2,2,Going straight,Driver or rider,Male,18-30,3,Driver,Normal,Not a Pedestrian,Changing lane to the left,Serious Injury
12:48:00,Sunday,18-30,Male,Junior high school,Employee,Below 1yr,Automobile,Owner,5-10yrs,No defect,Residential areas,Undivided Two way,Tangent road with flat terrain,Y Shape,Asphalt roads,Wet or damp,Daylight,Raining,Collision with pedestrians,2,4,Getting off,Passenger,Male,Over 51,3,Driver,Normal,Not a Pedestrian,Changing lane to the right,Slight Injury
10:31:00,Sunday,31-50,Male,,,,,,,, Church areas,Two-way (divided with broken lines road marking),Tangent road with flat terrain,Other,Asphalt roads,Dry,Daylight,Normal,Vehicle with vehicle collision,2,1,Going straight,Driver or rider,Male,18-30,3,,,Not a Pedestrian,Overtaking,Slight Injury
08:21:00,Thursday,18-30,Male,Junior high school,Employee,2-5yr,Automobile,Owner,,No defect,Residential areas,Two-way (divided with broken lines road marking),Tangent road with flat terrain,Y Shape,Earth roads,Wet or damp,Daylight,Raining,Collision with roadside objects,2,1,Going straight,Driver or rider,Male,Under 18,3,,,Not a Pedestrian,Changing lane to the left,Slight Injury
17:24:00,Tuesday,18-30,Male,Junior high school,Employee,5-10yr,Lorry (41?100Q),Owner,2-5yrs,No defect,Other,Undivided Two way,Steep grade downward with mountainous terrain,Y Shape,Asphalt roads,Dry,Daylight,Normal,Vehicle with vehicle collision,1,1,Going straight,Passenger,Male,31-50,3,Driver,Normal,Not a Pedestrian,Changing lane to the right,Slight Injury
16:31:00,Wednesday,31-50,Male,Junior high school,Employee,Above 10yr,Automobile,Organization,5-10yrs,No defect, Hospital areas,Undivided Two way,Tangent road with mountainous terrain and,Unknown,Asphalt roads,Wet or damp,Darkness - lights lit,Raining,Vehicle with vehicle collision,1,1,Going straight,na,na,na,na,Driver,Normal,Not a Pedestrian,No distancing,Slight Injury
09:09:00,Monday,18-30,Female,Junior high school,Employee,2-5yr,Automobile,Owner,Unknown,No defect,Residential areas,Two-way (divided with broken lines road marking),Tangent road with flat terrain,Y Shape,Asphalt roads,Dry,Daylight,Raining,Vehicle with vehicle collision,4,3,Other,Driver or rider,Male,18-30,3,,Normal,Not a Pedestrian,Changing lane to the right,Slight Injury
08:32:00,Sunday,18-30,Male,High school,Employee,Below 1yr,Stationwagen,Owner,Unknown,No defect,  Recreational areas,One way,Tangent road with flat terrain,Crossing,Gravel roads,Dry,Daylight,Normal,Vehicle with vehicle collision,1,3,Going straight,Driver or rider,Male,18-30,3,Student,Normal,Not a Pedestrian,No distancing,Slight Injury
12:15:00,Tuesday,31-50,Male,Junior high school,Owner,2-5yr,Other,Owner,2-5yrs,,Office areas,Double carriageway (median),Tangent road with flat terrain,Y Shape,Asphalt roads,Wet or damp,Daylight,Normal,Collision with pedestrians,2,3,Turnover,na,na,na,na,Driver,Normal,Not a Pedestrian,Moving Backward,Fatal injury
07:30:00,Tuesday,31-50,Male,Junior high school,Employee,1-2yr,Pick up upto 10Q,Owner,,No defect,Office areas,Double carriageway (median),Tangent road with flat terrain,Y Shape,Asphalt roads,Wet or damp,Daylight,Normal,Vehicle with vehicle collision,2,1,Going straight,Passenger,Female,Under 18,3,Self-employed,Normal,Not a Pedestrian,No distancing,Slight Injury
15:17:00,Sunday,31-50,Male,Junior high school,Employee,5-10yr,Automobile,Owner,2-5yrs,No defect,Office areas,Double carriageway (median),Tangent road with flat terrain,No junction,Asphalt roads,Dry,Daylight,Normal,Vehicle with vehicle collision,2,1,Reversing,Driver or rider,Male,18-30,3,Self-employed,Normal,Not a Pedestrian,Moving Backward,Fatal injury
07:23:00,Wednesday,Unknown,Male,Junior high school,Employee,,Lorry (11?40Q),Governmental,Unknown,No defect,School areas,Double carriageway (median),Tangent road with flat terrain,Y Shape,Asphalt roads,Dry,Daylight,Normal,Vehicle with vehicle collision,2,1,Other,na,na,na,na,Other,Normal,Not a Pedestrian,No distancing,Slight Injury
08:43:00,Wednesday,31-50,Male,Junior high school,Employee,2-5yr,Automobile,Owner,,No defect,Office areas,Double carriageway (median),Tangent road with flat terrain,,Gravel roads,Wet or damp,Darkness - no lighting,Normal,Vehicle with vehicle collision,1,1,Going straight,na,na,na,na,,,Not a Pedestrian,Changing lane to the right,Serious Injury
09:45:00,Wednesday,Over 51,Male,Junior high school,Employee,5-10yr,Pick up upto 10Q,Owner,,,Office areas,Two-way (divided with broken lines road marking),Tangent road with flat terrain,Crossing,Asphalt roads,Dry,Daylight,Normal,Vehicle with vehicle collision,2,1,Going straight,Driver or rider,Female,31-50,3,Self-employed,Normal,Not a Pedestrian,No priority to vehicle,Slight Injury
13:45:00,Thursday,Unknown,Male,Junior high school,Employee,Below 1yr,Other,Owner,2-5yrs,No defect, Outside rural areas,Undivided Two way,Tangent road with flat terrain,No junction,Asphalt roads,Dry,Daylight,Normal,Collision with roadside objects,2,1,Going straight,Driver or rider,Male,31-50,3,Self-employed,Normal,Not a Pedestrian,No distancing,Slight Injury
09:35:00,Monday,31-50,Male,Junior high school,Employee,1-2yr,Public (12 seats),Owner,Unknown,No defect,Other,Undivided Two way,Tangent road with flat terrain,No junction,Asphalt roads,Dry,Daylight,Normal,Vehicle with vehicle collision,2,2,,na,na,na,na,,,Not a Pedestrian,No priority to pedestrian,Fatal injury
19:35:00,Thursday,Unknown,Male,Junior high school,Owner,5-10yr,Other,Owner,2-5yrs,No defect,Residential areas,Undivided Two way,Tangent road with flat terrain,No junction,Asphalt roads,Dry,Daylight,Normal,Vehicle with vehicle collision,3,4,Going straight,Driver or rider,Male,31-50,3,,Normal,Not a Pedestrian,No distancing,Serious Injury
15:43:00,Monday,Over 51,Male,Elementary school,Owner,Above 10yr,Automobile,Owner,1-2yr,No defect,Other,other,Tangent road with flat terrain,No junction,Asphalt roads,Dry,Daylight,Normal,Vehicle with vehicle collision,2,3,Going straight,Driver or rider,Male,31-50,3,Unemployed,Normal,Not a Pedestrian,Changing lane to the left,Serious Injury