Time,Day_of_week,Age_band_of_driver,Sex_of_driver,Educational_level,Vehicle_driver_relation,Driving_experience,Type_of_vehicle,Owner_of_vehicle,Service_year_of_vehicle,Defect_of_vehicle,Area_accident_occured,Lanes_or_Medians,Road_allignment,Types_of_Junction,Road_surface_type,Road_surface_conditions,Light_conditions,Weather_conditions,Type_of_collision,Number_of_vehicles_involved,Number_of_casualties,Vehicle_movement,Casualty_class,Sex_of_casualty,Age_band_of_casualty,Casualty_severity,Work_of_casuality,Fitness_of_casuality,Pedestrian_movement,Cause_of_accident,Accident_severity
20:15:00,Tuesday,18-30,Female,Junior high school,Employee,Above 10yr,Public (13?45 seats),Organization,5-10yrs,,Residential areas,Two-way (divided with broken lines road marking),Tangent road with flat terrain,,Asphalt roads,Dry,Daylight,Normal,Rollover,2,2,Going straight,na,na,na,na,Driver,Normal,Not a Pedestrian,No distancing,Serious Injury
15:40:00,Monday,18-30,Male,Junior high school,Employee,5-10yr,Automobile,Owner,Above 10yr,,School areas,other,Tangent road with flat terrain,Y Shape,Asphalt roads,Dry,Daylight,Normal,Vehicle with vehicle collision,4,1,Unknown,na,na,na,na,,,Not a Pedestrian,No distancing,Slight Injury
22:10:00,Sunday,Under 18,Male,Elementary school,Employee,2-5yr,Automobile,Owner,,,Other,Double carriageway (median),Tangent road with flat terrain,No junction,Asphalt roads,Dry,Darkness - lights lit,Normal,Vehicle with vehicle collision,2,1,Going straight,Passenger,Male,18-30,3,,Normal,Not a Pedestrian,No priority to vehicle,Slight Injury
15:00:00,Wednesday,31-50,Male,Junior high school,Employee,1-2yr,Automobile,Owner,2-5yrs,No defect,Office areas,Double carriageway (median),Tangent road with flat terrain,No junction,Asphalt roads,Dry,Daylight,Normal,Vehicle with vehicle collision,1,1,Going straight,na,na,na,na,Driver,Normal,Not a Pedestrian,Changing lane to the right,Slight Injury
16:46:00,Thursday,18-30,Male,Elementary school,Employee,5-10yr,Other,Owner,Unknown,,Residential areas,Two-way (divided with broken lines road marking),Tangent road with flat terrain,Y Shape,Gravel roads,Wet or damp,Darkness - lights lit,Cloudy,Vehicle with vehicle collision,3,2,Other,Passenger,Female,18-30,3,Student,Normal,Not a Pedestrian,Changing lane to the left,Slight Injury
06:11:00,Wednesday,Over 51,Male,Elementary school,Employee,5-10yr,Automobile,Governmental,,No defect,Office areas,Double carriageway (median),Tangent road with flat terrain,Unknown,Asphalt roads,Wet or damp,Darkness - lights lit,Raining,Vehicle with vehicle collision,2,2,Going straight,Pedestrian,Male,Over 51,2,Driver,Normal,Crossing from driver's nearside,Moving Backward,Slight Injury
08:05:00,Monday,Unknown,Male,Junior high school,Employee,5-10yr,Automobile,Owner,Above 10yr,No defect, Outside rural areas,Two-way (divided with broken lines road marking),Tangent road with mountainous terrain and,No junction,Asphalt roads,Dry,Daylight,Normal,Vehicle with vehicle collision,1,1,Going straight,na,na,na,na,Driver,Normal,Not a Pedestrian,Overtaking,Serious Injury
18:24:00,Thursday,Over 51,Male,Elementary school,Owner,5-10yr,,Owner,Unknown,No defect,Other,Undivided Two way,Tangent road with flat terrain,No junction,Asphalt roads,Dry,Daylight,Other,Vehicle with vehicle collision,2,1,Going straight,na,na,na,na,Employee,Normal,Not a Pedestrian,Changing lane to the right,Slight Injury
14:55:00,Tuesday,18-30,Male,Writing & reading,Owner,5-10yr,Lorry (41?100Q),,,,,other,Tangent road with flat terrain,Crossing,Asphalt roads,Dry,Daylight,Normal,Vehicle with vehicle collision,3,3,Going straight,na,na,na,na,Driver,Normal,Not a Pedestrian,Changing lane to the left,Slight Injury
20:40:00,Monday,18-30,Male,Junior high school,Employee,1-2yr,Automobile,Owner,2-5yrs,No defect,Office areas,Two-way (divided with broken lines road marking),Tangent road with mild grade and flat terrain,No junction,Asphalt roads,Wet or damp,Darkness - lights lit,Raining,Collision with roadside objects,2,1,Going straight,Driver or rider,Male,18-30,3,,,Not a Pedestrian,Driving carelessly,Serious Injury
19:23:00,Wednesday,Over 51,Male,,Employee,2-5yr,Taxi,Governmental,,No defect,Office areas,Double carriageway (median),Tangent road with flat terrain,No junction,Asphalt roads,Dry,Darkness - lights lit,Normal,Vehicle with vehicle collision,2,1,Going straight,Driver or rider,Male,31-50,3,Driver,Normal,Not a Pedestrian,No priority to pedestrian,Slight Injury
20:50:00,Tuesday,18-30,Male,Elementary school,Owner,2-5yr,Public (> 45 seats),Owner,2-5yrs,No defect,  Market areas,Undivided Two way,Tangent road with flat terrain,Crossing,Asphalt roads,Dry,Darkness - lights lit,Normal,Vehicle with vehicle collision,2,1,Entering a junction,na,na,na,na,,,Not a Pedestrian,Overtaking,Slight Injury
06:26:00,Friday,31-50,Male,Junior high school,Employee,Below 1yr,Pick up upto 10Q,,,,Office areas,other,Tangent road with flat terrain,No junction,Asphalt roads,Wet or damp,Darkness - lights lit,Normal,Vehicle with vehicle collision,3,1,Going straight,Driver or rider,Male,31-50,3,,Normal,Not a Pedestrian,Driving at high speed,Slight Injury
19:15:00,Thursday,18-30,Male,Junior high school,Owner,2-5yr,Public (> 45 seats),Governmental,1-2yr,No defect,Other,Two-way (divided with broken lines road marking),Tangent road with flat terrain,Y Shape,Asphalt roads,Dry,Darkness - lights lit,Unknown,Collision with pedestrians,2,1,Going straight,Pedestrian,Female,31-50,3,Driver,Normal,Unknown or other,Changing lane to the right,Slight Injury
15:20:00,Sunday,31-50,Male,Junior high school,Employee,5-10yr,,Owner,Above 10yr,No defect,Residential areas,Two-way (divided with broken lines road marking),Tangent road with flat terrain,,Asphalt roads,Dry,Daylight,Normal,Vehicle with vehicle collision,2,1,Going straight,Driver or rider,Male,31-50,3,Self-employed,Normal,Not a Pedestrian,Moving Backward,Slight Injury
15:15:00,Friday,Under 18,Male,High school,Owner,5-10yr,Automobile,Owner,,No defect,Office areas,Undivided Two way,Tangent road with flat terrain,No junction,Asphalt roads,Dry,Daylight,Normal,Collision with roadside objects,2,1,Going straight,na,na,na,na,Self-employed,Normal,Not a Pedestrian,Changing lane to the left,Serious Injury
13:22:00,Sunday,18-30,Male,Junior high school,Owner,1-2yr,Pick up upto 10Q,Owner,5-10yrs,7,,Two-way (divided with broken lines road marking),Tangent road with flat terrain,Crossing,Asphalt roads,Wet or damp,Daylight,Raining,Vehicle with vehicle collision,2,3,Getting off,Driver or rider,Female,Over 51,3,Driver,Normal,Not a Pedestrian,No priority to vehicle,Slight Injury
14:04:00,Saturday,Over 51,Male,Junior high school,Owner,2-5yr,Public (13?45 seats),Owner,1-2yr,No defect,Residential areas,Undivided Two way,Tangent road with flat terrain,Y Shape,Asphalt roads,Wet or damp,Daylight,Raining,Vehicle with vehicle collision,3,2,Going straight,Driver or rider,Male,31-50,3,Self-employed,Normal,Not a Pedestrian,No distancing,Slight Injury
19:10:00,Thursday,18-30,Male,High school,Employee,2-5yr,Long lorry,Owner,,,Other,Two-way (divided with broken lines road marking),Tangent road with mild grade and flat terrain,Y Shape,Asphalt roads,Dry,Daylight,Normal,Vehicle with vehicle collision,2,1,Other,Driver or rider,Male,18-30,3,Driver,Normal,Not a Pedestrian,Driving carelessly,Slight Injury
18:15:00,Thursday,18-30,Male,Above high school,Owner,1-2yr,Motorcycle,Owner,Unknown,No defect,Office areas,Undivided Two way,Tangent road with flat terrain,Y Shape,Asphalt roads,Dry,Daylight,Normal,Vehicle with vehicle collision,2,1,Other,Passenger,Male,Over 51,3,Driver,Normal,Not a Pedestrian,Getting off the vehicle improperly,Slight Injury
17:45:00,Tuesday,Unknown,Female,Junior high school,Employee,5-10yr,Automobile,Governmental,,No defect,Office areas,other,Tangent road with mild grade and flat terrain,No junction,Asphalt roads,Dry,Daylight,Normal,Vehicle with vehicle collision,3,1,Going straight,na,na,na,na,Self-employed,Normal,Not a Pedestrian,Other,Slight Injury
23:52:00,Tuesday,31-50,Male,Junior high school,Employee,2-5yr,Public (> 45 seats),Owner,5-10yrs,No defect, Church areas,other,Tangent road with flat terrain,Y Shape,Asphalt roads,Dry,Darkness - lights lit,Normal,Vehicle with vehicle collision,1,1,Reversing,na,na,na,na,Driver,Normal,Not a Pedestrian,No priority to pedestrian,Slight Injury
09:00:00,Thursday,18-30,Male,Elementary school,Owner,2-5yr,Lorry (41?100Q),Owner,Unknown,No defect,Office areas,Double carriageway (median),Tangent road with flat terrain,Crossing,Asphalt roads,Wet or damp,Daylight,Other,Vehicle with vehicle collision,2,1,Going straight,na,na,na,na,Driver,Normal,Not a Pedestrian,Changing lane to the right,Slight Injury
14:55:00,Saturday,Unknown,Male,Junior high school,Employee,Above 10yr,Lorry (41?100Q),Owner,5-10yrs,No defect,Office areas,Undivided Two way,Tangent road with flat terrain,Crossing,Asphalt roads,Dry,Daylight,Normal,Vehicle with vehicle collision,2,2,Going straight,Driver or rider,Male,Over 51,3,,,Not a Pedestrian,Driving carelessly,Slight Injury
22:00:00,Friday,18-30,Male,Junior high school,Employee,5-10yr,,Owner,,No defect,Other,Two-way (divided with broken lines road marking),Tangent road with flat terrain,Crossing,Asphalt roads,Wet or damp,Darkness - lights lit,Unknown,Collision with pedestrians,1,1,Going straight,Driver or rider,Male,18-30,3,Driver,Normal,Not a Pedestrian,Driving carelessly,Serious Injury
12:27:00,Sunday,Under 18,Male,Elementary school,Employee,2-5yr,Lorry (41?100Q),Governmental,,No defect,Office areas,Two-way (divided with broken lines road marking),Escarpments,Crossing,Asphalt roads,Dry,Daylight,Normal,Collision with roadside objects,1,2,Moving Backward,Passenger,Female,31-50,3,Self-employed,Normal,Not a Pedestrian,Moving Backward,Slight Injury
10:00:00,Monday,Over 51,Male,Junior high school,Employee,5-10yr,Automobile,Owner,1-2yr,No defect,Office areas,Undivided Two way,Escarpments,Y Shape,Asphalt roads,Dry,Daylight,Normal,Vehicle with vehicle collision,2,3,Other,Pedestrian,Female,31-50,3,,,Unknown or other,No priority to pedestrian,Slight Injury
15:27:00,Monday,31-50,Male,Junior high school,Employee,2-5yr,Automobile,Owner,Unknown,No defect,Office areas,Undivided Two way,Tangent road with flat terrain,Crossing,Asphalt roads,Dry,Daylight,Normal,Vehicle with vehicle collision,2,1,Moving Backward,na,na,na,na,Other,Normal,Not a Pedestrian,Moving Backward,Slight Injury
12:00:00,Saturday,18-30,Male,Junior high school,Employee,2-5yr,,Owner,Above 10yr,No defect, Outside rural areas,Two-way (divided with broken lines road marking),Tangent road with mountainous terrain and,,Asphalt roads,Dry,Daylight,Normal,Vehicle with vehicle collision,6,2,Other,na,na,na,na,Driver,Normal,Not a Pedestrian,No priority to pedestrian,Serious Injury
16:30:00,Tuesday,31-50,Male,Elementary school,Employee,5-10yr,Lorry (41?100Q),Owner,Above 10yr,No defect, Church areas,Undivided Two way,Sharp reverse curve,,Asphalt roads,Dry,Daylight,Normal,Vehicle with vehicle collision,2,1,Going straight,Driver or rider,Male,31-50,3,Driver,Normal,Not a Pedestrian,No priority to pedestrian,Slight Injury
20:45:00,Thursday,31-50,Male,Junior high school,Employee,5-10yr,Automobile,Owner,,No defect,Office areas,One way,Tangent road with flat terrain,Crossing,Asphalt roads,Wet or damp,Darkness - lights lit,Raining,Vehicle with vehicle collision,2,1,Going straight,Driver or rider,Male,Over 51,3,Driver,Normal,Not a Pedestrian,Overturning,Slight Injury
14:00:00,Saturday,18-30,Male,High school,Employee,1-2yr,Automobile,Owner,,,Other,Two-way (divided with broken lines road marking),Tangent road with flat terrain,Y Shape,Asphalt roads,Dry,Daylight,Normal,Collision with roadside objects,2,1,Going straight,Driver or rider,Male,Under 18,2,,,Not a Pedestrian,Changing lane to the right,Slight Injury
15:05:00,Saturday,18-30,Male,Elementary school,Employee,Below 1yr,Public (> 45 seats),Owner,,, Industrial areas,Undivided Two way,Tangent road with flat terrain,Y Shape,Asphalt roads,Wet or damp,Daylight,Normal,Vehicle with vehicle collision,1,1,Entering a junction,Driver or rider,Male,31-50,3,,,Not a Pedestrian,Changing lane to the right,Slight Injury
13:00:00,Friday,Over 51,Male,Elementary school,Employee,5-10yr,Lorry (41?100Q),Owner,2-5yrs,No defect,Office areas,Double carriageway (median),Tangent road with flat terrain,No junction,Asphalt roads,Dry,Daylight,Normal,Vehicle with vehicle collision,3,2,Turnover,Driver or rider,Male,18-30,3,Employee,Normal,Not a Pedestrian,Changing lane to the right,Fatal injury
14:25:00,Monday,18-30,Male,High school,Employee,Above 10yr,Automobile,Owner,1-2yr,No defect, Industrial areas,One way,Tangent road with flat terrain,Crossing,Asphalt roads,Dry,Daylight,Normal,Collision with roadside objects,2,1,Going straight,na,na,na,na,Driver,Normal,Not a Pedestrian,Changing lane to the left,Slight Injury
22:35:00,Monday,Under 18,Male,Junior high school,Employee,2-5yr,Automobile,Owner,,No defect, Outside rural areas,Two-way (divided with broken lines road marking),Escarpments,No junction,Asphalt roads,Wet or damp,Darkness - lights lit,Raining,Vehicle with vehicle collision,2,1,Other,Pedestrian,Female,31-50,3,Driver,Normal,Unknown or other,Driving carelessly,Serious Injury
18:40:00,Friday,18-30,Male,Junior high school,Employee,5-10yr,Automobile,Governmental,2-5yrs,No defect,Residential areas,Two-way (divided with broken lines road marking),Tangent road with flat terrain,No junction,Asphalt roads,Dry,Darkness - lights lit,Normal,Vehicle with vehicle collision,2,1,Going straight,na,na,na,na,Driver,Normal,Not a Pedestrian,No priority to vehicle,Serious Injury
22:35:00,Monday,18-30,Male,High school,Owner,,Other,Owner,,No defect, Outside rural areas,Undivided Two way,Tangent road with flat terrain,No junction,Asphalt roads,Wet or damp,Darkness - lights lit,Raining,Collision with pedestrians,2,1,Moving Backward,Driver or rider,Male,18-30,3,Driver,Normal,Not a Pedestrian,Moving Backward,Serious Injury
12:30:00,Friday,Unknown,Male,Junior high school,Owner,5-10yr,Other,Owner,,,Office areas,Two-way (divided with broken lines road marking),Tangent road with flat terrain,No junction,Asphalt roads,Dry,Daylight,Normal,Vehicle with vehicle collision,2,2,Going straight,na,na,na,na,Self-employed,Normal,Not a Pedestrian,No distancing,Slight Injury
18:20:00,Monday,18-30,Male,Junior high school,Employee,5-10yr,Public (> 45 seats),Owner,5-10yrs,No defect,Residential areas,One way,Tangent road with flat terrain,Y Shape,Earth roads,Dry,Daylight,Normal,Vehicle with vehicle collision,2,1,Reversing,na,na,na,na,,,Not a Pedestrian,No priority to pedestrian,Slight Injury
18:40:00,Thursday,18-30,Male,Junior high school,Employee,2-5yr,Automobile,Owner,,,Other,,Tangent road with flat terrain,,Asphalt roads,Wet or damp,Daylight,Raining,Vehicle with vehicle collision,2,2,Other,Driver or rider,Female,Over 51,3,Driver,Normal,Not a Pedestrian,Moving Backward,Slight Injury
14:30:00,Friday,31-50,Male,High school,Employee,5-10yr,Lorry (41?100Q),Owner,Unknown,No defect,Office areas,other,Tangent road with flat terrain,No junction,Asphalt roads,Dry,Daylight,Normal,Vehicle with vehicle collision,2,1,Reversing,Driver or rider,Male,18-30,3,Self-employed,Normal,Not a Pedestrian,No distancing,Slight Injury
14:45:00,Saturday,31-50,Male,Junior high school,Employee,Above 10yr,Long lorry,Owner,Unknown,,Office areas,Undivided Two way,Tangent road with flat terrain,Y Shape,Asphalt roads,Dry,Daylight,Normal,Vehicle with vehicle collision,2,2,Going straight,Driver or rider,Male,31-50,3,Driver,Normal,Not a Pedestrian,Driving carelessly,Slight Injury
02:42:00,Saturday,18-30,Male,Junior high school,Employee,1-2yr,Automobile,Owner,,,Office areas,other,Tangent road with flat terrain,Y Shape,Asphalt roads,Dry,Darkness - lights lit,Unknown,Vehicle with vehicle collision,2,1,Going straight,na,na,na,na,Driver,Normal,Not a Pedestrian,Changing lane to the left,Slight Injury
18:30:00,Sunday,31-50,Male,Junior high school,Employee,2-5yr,,Owner,2-5yrs,No defect,Office areas,Two-way (divided with broken lines road marking),Tangent road with flat terrain,Y Shape,Asphalt roads,Dry,Daylight,Normal,Vehicle with vehicle collision,2,1,Going straight,na,na,na,na,Self-employed,Normal,Not a Pedestrian,Changing lane to the right,Slight Injury
18:43:00,Wednesday,31-50,Male,Junior high school,Employee,5-10yr,Special vehicle,Owner,,,Office areas,Two-way (divided with broken lines road marking),Tangent road with flat terrain,No junction,Asphalt roads,Wet or damp,Daylight,Raining,Vehicle with vehicle collision,1,1,Going straight,na,na,na,na,Driver,Normal,Not a Pedestrian,Changing lane to the left,Serious Injury
17:21:00,Thursday,31-50,Male,Elementary school,Employee,1-2yr,Automobile,Owner,Unknown,,Other,Undivided Two way,Tangent road with flat terrain,No junction,Asphalt roads,Wet or damp,Darkness - lights lit,Normal,Vehicle with vehicle collision,4,2,Reversing,Passenger,Male,5,3,Driver,Normal,Not a Pedestrian,No distancing,Slight Injury
17:20:00,Friday,18-30,Male,Junior high school,Employee,1-2yr,Automobile,Owner,2-5yrs,No defect,Residential areas,Undivided Two way,Tangent road with flat terrain,Y Shape,Asphalt roads,Dry,Daylight,Normal,Collision with roadside-parked vehicles,2,1,U-Turn,Passenger,Male,18-30,3,Driver,Normal,Not a Pedestrian,Moving Backward,Serious Injury
14:40:00,Saturday,Unknown,Male,Junior high school,Employee,Above 10yr,Public (13?45 seats),Owner,Unknown,No defect,Office areas,Two-way (divided with broken lines road marking),Tangent road with flat terrain,Y Shape,Asphalt roads,Dry,Daylight,Normal,Collision with roadside objects,2,1,Reversing,na,na,na,na,Driver,Deaf,Not a Pedestrian,Driving under the influence of drugs,Serious Injury
15:25:00,Tuesday,31-50,Male,Junior high school,Employee,2-5yr,Automobile,Owner,,No defect,Other,Undivided Two way,Tangent road with flat terrain,No junction,Asphalt roads,Dry,Daylight,Normal,Vehicle with vehicle collision,2,1,Going straight,Passenger,Male,18-30,2,Driver,Normal,Not a Pedestrian,Changing lane to the left,Slight Injury
17:10:00,Thursday,18-30,Male,Junior high school,Employee,5-10yr,Lorry (11?40Q),Owner,2-5yrs,,Other,Undivided Two way,Tangent road with mountainous terrain and,No junction,Asphalt roads,Dry,Daylight,Normal,Vehicle with vehicle collision,2,1,Moving Backward,na,na,na,na,Self-employed,Normal,Not a Pedestrian,Improper parking,Fatal injury
15:30:00,Monday,Under 18,Male,Junior high school,Employee,5-10yr,Motorcycle,Owner,,No defect,Office areas,Two-way (divided with broken lines road marking),Tangent road with flat terrain,Crossing,Asphalt roads,Wet or damp,Daylight,Raining,Collision with pedestrians,2,1,,Driver or rider,Male,18-30,3,Driver,Normal,Not a Pedestrian,Driving carelessly,Serious Injury
00:50:00,Saturday,31-50,Male,Junior high school,Owner,Above 10yr,Lorry (41?100Q),Owner,5-10yrs,No defect,Residential areas,One way,Tangent road with flat terrain,O Shape,Asphalt roads,Dry,Darkness - lights lit,Normal,Vehicle with vehicle collision,2,1,Going straight,na,na,na,na,,,Not a Pedestrian,Changing lane to the right,Slight Injury
12:29:00,Tuesday,31-50,Female,High school,Owner,Above 10yr,Public (13?45 seats),Owner,Unknown,,Office areas,Two-way (divided with broken lines road marking),Tangent road with flat terrain,,Asphalt roads,Dry,Darkness - lights lit,Normal,Collision with animals,6,2,Other,Driver or rider,Female,31-50,3,Driver,Normal,Not a Pedestrian,Overturning,Slight Injury
17:46:00,Thursday,Over 51,Male,Elementary school,Employee,Above 10yr,Other,Organization,1-2yr,No defect,Office areas,other,Tangent road with flat terrain,Y Shape,Earth roads,Snow,Darkness - lights lit,Other,Vehicle with vehicle collision,2,3,Going straight,Driver or rider,Female,18-30,3,Driver,Normal,Not a Pedestrian,Moving Backward,Slight Injury
12:05:00,Friday,Over 51,Male,Elementary school,Employee,1-2yr,Lorry (41?100Q),Owner,Unknown,No defect,Office areas,One way,Tangent road with flat terrain,No junction,Asphalt roads,Wet or damp,Darkness - lights lit,Windy,Vehicle with vehicle collision,1,1,Going straight,Driver or rider,Female,18-30,3,,Normal,Not a Pedestrian,Other,Slight Injury
16:30:00,Tuesday,31-50,Male,Junior high school,Employee,Above 10yr,Automobile,Owner,,,Other,Double carriageway (median),Tangent road with flat terrain,No junction,Asphalt roads,Snow,Daylight,Snow,Vehicle with vehicle collision,3,2,Going straight,Driver or rider,Male,18-30,3,Self-employed,NormalNormal,Not a Pedestrian,Changing lane to the right,Slight Injury
17:21:00,Thursday,31-50,Male,Elementary school,Employee,1-2yr,Other,Owner,Unknown,No defect,Office areas,,Tangent road with flat terrain,No junction,Asphalt roads,Wet or damp,Darkness - lights lit,Normal,Vehicle with vehicle collision,4,2,Turnover,Passenger,Female,5,3,,,Not a Pedestrian,Driving carelessly,Slight Injury
13:46:00,Thursday,Over 51,Male,High school,Employee,1-2yr,,Owner,2-5yrs,No defect,Other,Undivided Two way,Tangent road with flat terrain,Y Shape,Asphalt roads,Dry,Daylight,Normal,Vehicle with vehicle collision,2,3,Going straight,na,na,na,na,,,Not a Pedestrian,Moving Backward,Serious Injury
18:32:00,Tuesday,31-50,Male,Junior high school,Employee,5-10yr,,Governmental,Below 1yr,No defect,  Recreational areas,Two-way (divided with broken lines road marking),Tangent road with flat terrain,No junction,Asphalt roads,Wet or damp,Daylight,Snow,Collision with pedestrians,2,1,Going straight,Pedestrian,Male,31-50,3,Other,Normal,Not a Pedestrian,Other,Slight Injury
16:25:00,Sunday,18-30,Male,Junior high school,Employee,2-5yr,Automobile,Owner,Unknown,No defect,Office areas,Undivided Two way,Tangent road with flat terrain,No junction,Asphalt roads,Wet or damp,Daylight,Raining,Collision with pedestrians,2,4,Overtaking,Driver or rider,Male,18-30,3,Driver,Normal,Not a Pedestrian,Driving carelessly,Fatal injury
13:41:00,Tuesday,Unknown,Female,High school,Employee,Above 10yr,Public (12 seats),Governmental,,No defect,Office areas,Double carriageway (median),Tangent road with flat terrain,Crossing,Asphalt roads,Dry,Daylight,Normal,Vehicle with vehicle collision,4,2,Other,Driver or rider,Female,18-30,3,,,Not a Pedestrian,Driving under the influence of drugs,Slight Injury
18:08:00,Saturday,18-30,Male,Junior high school,Employee,1-2yr,Pick up upto 10Q,Owner,Unknown,No defect,School areas,Undivided Two way,Tangent road with flat terrain,Y Shape,Asphalt roads,Dry,Daylight,Normal,Vehicle with vehicle collision,2,1,Other,Passenger,Male,Under 18,3,Driver,Normal,Not a Pedestrian,No priority to vehicle,Slight Injury
21:11:00,Thursday,18-30,Male,Junior high school,Employee,2-5yr,Pick up upto 10Q,Owner,Above 10yr,, Industrial areas,,Tangent road with flat terrain,No junction,Asphalt roads,Dry,Darkness - lights lit,Normal,Collision with roadside objects,3,3,Going straight,Passenger,Male,18-30,3,,,Not a Pedestrian,Driving carelessly,Slight Injury
22:48:00,Monday,31-50,Unknown,High school,Employee,Above 10yr,Automobile,Owner,Unknown,No defect, Industrial areas,Two-way (divided with broken lines road marking),,Y Shape,Asphalt roads,Wet or damp,Darkness - lights lit,Raining,Vehicle with vehicle collision,2,1,Moving Backward,Driver or rider,Male,18-30,3,Self-employed,Normal,Not a Pedestrian,Changing lane to the right,Fatal injury
15:30:00,Friday,31-50,Male,Junior high school,,5-10yr,Automobile,Governmental,2-5yrs,,  Recreational areas,Undivided Two way,Tangent road with flat terrain,No junction,Asphalt roads,Wet or damp,Daylight,Normal,Vehicle with vehicle collision,2,1,Going straight,na,na,na,na,Self-employed,Normal,Not a Pedestrian,Changing lane to the right,Slight Injury
09:15:00,Tuesday,Unknown,Male,Junior high school,Owner,Above 10yr,Public (> 45 seats),Owner,2-5yrs,,Other,Undivided Two way,Tangent road with flat terrain,No junction,Asphalt roads,Dry,Daylight,Normal,Vehicle with vehicle collision,2,1,Going straight,na,na,na,na,Driver,Normal,Not a Pedestrian,Changing lane to the left,Slight Injury
12:00:00,Saturday,18-30,Male,Junior high school,Employee,2-5yr,,Owner,Above 10yr,No defect, Outside rural areas,Two-way (divided with broken lines road marking),Tangent road with mountainous terrain and,,Asphalt roads,Dry,Daylight,Normal,Vehicle with vehicle collision,6,2,Other,na,na,na,na,Driver,Normal,Not a Pedestrian,No priority to pedestrian,Serious Injury
18:15:00,Tuesday,18-30,Male,Junior high school,Employee,2-5yr,Pick up upto 10Q,Owner,,No defect,Office areas,Double carriageway (median),Tangent road with flat terrain,Y Shape,Asphalt roads,Dry,Darkness - lights lit,Normal,Vehicle with vehicle collision,2,1,Going straight,Driver or rider,Male,31-50,3,,,Not a Pedestrian,Changing lane to the right,Slight Injury
09:00:00,Friday,Over 51,Male,Elementary school,Employee,5-10yr,Other,Owner,Unknown,, Church areas,other,Tangent road with flat terrain,No junction,Asphalt roads,Dry,Daylight,Normal,Vehicle with vehicle collision,1,1,Going straight,Passenger,Female,18-30,3,Driver,Normal,Not a Pedestrian,Changing lane to the right,Slight Injury
18:31:00,Tuesday,18-30,Male,,,,Automobile,Owner,2-5yrs,,Office areas,Two-way (divided with broken lines road marking),Tangent road with flat terrain,Y Shape,Asphalt roads,Dry,Daylight,Normal,Vehicle with vehicle collision,2,2,Overtaking,Driver or rider,Female,18-30,3,Student,Normal,Not a Pedestrian,No priority to vehicle,Serious Injury
13:35:00,Tuesday,31-50,Male,Junior high school,Employee,5-10yr,Other,Owner,5-10yrs,No defect,Other,Two-way (divided with broken lines road marking),Tangent road with flat terrain,No junction,Gravel roads,Dry,Daylight,Normal,Vehicle with vehicle collision,2,5,Other,Passenger,Male,18-30,3,,,Not a Pedestrian,Changing lane to the right,Slight Injury
19:00:00,Thursday,31-50,Male,High school,Employee,5-10yr,Automobile,Governmental,,No defect,Other,Two-way (divided with solid lines road marking),Tangent road with flat terrain,No junction,Asphalt roads,Dry,Darkness - lights unlit,Normal,Vehicle with vehicle collision,2,1,Going straight,Driver or rider,Male,18-30,3,Driver,Normal,Not a Pedestrian,Moving Backward,Slight Injury
20:40:00,Tuesday,31-50,Male,Junior high school,Employee,5-10yr,Other,Owner,1-2yr,No defect,Other,other,Steep grade downward with mountainous terrain,Y Shape,Asphalt roads,Wet or damp,Darkness - lights lit,Raining,Collision with pedestrians,2,1,Moving Backward,na,na,na,na,Self-employed,Normal,Not a Pedestrian,Other,Slight Injury
16:22:00,Thursday,Under 18,Male,Junior high school,Employee,Below 1yr,,Owner,Above 10yr,No defect,Office areas,Undivided Two way,Gentle horizontal curve,Unknown,Asphalt roads,Dry,Daylight,Normal,Collision with roadside objects,2,1,Going straight,na,na,na,na,Self-employed,NormalNormal,Not a Pedestrian,Overtaking,Serious Injury
08:20:00,Sunday,18-30,Male,Junior high school,Employee,Above 10yr,Other,Owner,,No defect,Residential areas,Undivided Two way,Tangent road with flat terrain,Y Shape,Asphalt roads,Dry,Daylight,Unknown,Vehicle with vehicle collision,1,1,Reversing,Driver or rider,Male,Over 51,3,Driver,Normal,Not a Pedestrian,No priority to vehicle,Slight Injury
16:30:00,Thursday,31-50,Male,Junior high school,Employee,5-10yr,Public (13?45 seats),Owner,,No defect,Other,Undivided Two way,Tangent road with flat terrain,No junction,Asphalt roads,Wet or damp,Daylight,Raining,Vehicle with vehicle collision,2,2,Going straight,Pedestrian,Female,18-30,3,Driver,Normal,Crossing from nearside - masked by parked or statioNot a Pedestrianry vehicle,Changing lane to the left,Fatal injury
07:30:00,Monday,Under 18,Male,High school,Owner,5-10yr,Lorry (41?100Q),Governmental,1-2yr,No defect, Industrial areas,One way,Tangent road with flat terrain,No junction,Asphalt roads,Dry,Daylight,Normal,Vehicle with vehicle collision,2,1,Going straight,Driver or rider,Male,Under 18,3,Driver,Normal,Not a Pedestrian,No priority to pedestrian,Slight Injury
13:19:00,Monday,18-30,Male,Writing & reading,Employee,5-10yr,Long lorry,Governmental,1-2yr,No defect,Other,Double carriageway (median),Tangent road with flat terrain,Y Shape,Asphalt roads,Dry,Daylight,Normal,Vehicle with vehicle collision,2,4,Going straight,na,na,na,na,Driver,Normal,Not a Pedestrian,Changing lane to the right,Serious Injury