Time,Day_of_week,Age_band_of_driver,Sex_of_driver,Educational_level,Vehicle_driver_relation,Driving_experience,Type_of_vehicle,Owner_of_vehicle,Service_year_of_vehicle,Defect_of_vehicle,Area_accident_occured,Lanes_or_Medians,Road_allignment,Types_of_Junction,Road_surface_type,Road_surface_conditions,Light_conditions,Weather_conditions,Type_of_collision,Number_of_vehicles_involved,Number_of_casualties,Vehicle_movement,Casualty_class,Sex_of_casualty,Age_band_of_casualty,Casualty_severity,Work_of_casuality,Fitness_of_casuality,Pedestrian_movement,Cause_of_accident,Accident_severity
07:50:00,Friday,18-30,Male,Junior high school,Employee,2-5yr,Taxi,Owner,,No defect, Church areas,One way,Tangent road with flat terrain,Y Shape,Asphalt roads,Dry,Daylight,Normal,Vehicle with vehicle collision,2,1,Going straight,na,na,na,na,,,Not a Pedestrian,Changing lane to the right,Slight Injury
19:40:00,Friday,31-50,Male,Junior high school,Employee,2-5yr,Automobile,Owner,Unknown,No defect,Other,Undivided Two way,Tangent road with flat terrain,Crossing,Asphalt roads,Dry,Daylight,Normal,Vehicle with vehicle collision,2,1,Going straight,Pedestrian,Female,31-50,2,Self-employed,Normal,Not a Pedestrian,Changing lane to the left,Slight Injury
09:34:00,Wednesday,31-50,Male,Junior high school,Employee,1-2yr,Automobile,Owner,Unknown,No defect,Other,Two-way (divided with broken lines road marking),Tangent road with flat terrain,No junction,Asphalt roads,Dry,Daylight,Normal,Vehicle with vehicle collision,3,1,Stopping,Pedestrian,Female,18-30,3,Driver,Normal,Not a Pedestrian,No priority to vehicle,Slight Injury
18:57:00,Tuesday,Over 51,Male,Junior high school,Employee,2-5yr,Public (13?45 seats),Owner,,No defect,Other,Two-way (divided with broken lines road marking),Tangent road with flat terrain,Y Shape,Asphalt roads,Dry,Daylight,Normal,Vehicle with vehicle collision,2,2,Going straight,na,na,na,na,,,Not a Pedestrian,Moving Backward,Fatal injury
02:20:00,Friday,Over 51,Male,Junior high school,Employee,Above 10yr,Stationwagen,Owner,Above 10yr,,Other,other,Tangent road with flat terrain,No junction,Other,Dry,Darkness - lights lit,Normal,Vehicle with vehicle collision,1,1,Going straight,Driver or rider,Female,31-50,2,,Normal,Not a Pedestrian,Changing lane to the left,Serious Injury
12:29:00,Tuesday,31-50,Male,Junior high school,,5-10yr,,Owner,5-10yrs,No defect,Other,Two-way (divided with broken lines road marking),Tangent road with flat terrain,No junction,Asphalt roads,Wet or damp,Darkness - lights lit,Raining,Vehicle with vehicle collision,1,1,Moving Backward,Driver or rider,Male,18-30,2,Self-employed,Normal,Not a Pedestrian,Driving at high speed,Fatal injury
22:31:00,Tuesday,Under 18,Male,Writing & reading,Employee,5-10yr,Other,Owner,5-10yrs,,Office areas,Undivided Two way,Tangent road with mountainous terrain and,Y Shape,Asphalt roads,Dry,Darkness - lights lit,Normal,,2,1,Moving Backward,Driver or rider,Female,18-30,3,Driver,Normal,Not a Pedestrian,Driving at high speed,Serious Injury
17:06:00,Tuesday,18-30,Male,Writing & reading,Employee,Below 1yr,Pick up upto 10Q,Owner,Unknown,No defect,Office areas,Undivided Two way,Tangent road with flat terrain,Y Shape,Asphalt roads,Dry,Daylight,Normal,Collision with pedestrians,2,1,Getting off,na,na,na,na,,,Not a Pedestrian,Driving under the influence of drugs,Slight Injury
21:15:00,Sunday,18-30,Male,Elementary school,Employee,1-2yr,Pick up upto 10Q,Owner,,,Other,Two-way (divided with broken lines road marking),Tangent road with flat terrain,No junction,Asphalt roads,Dry,Daylight,Normal,,4,1,Turnover,Pedestrian,Female,5,3,,Normal,Not a Pedestrian,Changing lane to the right,Slight Injury
18:12:00,Tuesday,31-50,Male,Junior high school,Employee,5-10yr,Other,Owner,,No defect, Church areas,One way,Tangent road with flat terrain,Crossing,Asphalt roads,Dry,Daylight,Normal,Vehicle with vehicle collision,2,1,,na,na,na,na,Driver,Normal,Not a Pedestrian,Turnover,Slight Injury
18:15:00,Friday,31-50,Male,Junior high school,Employee,5-10yr,,Owner,,No defect,Office areas,Two-way (divided with broken lines road marking),Tangent road with flat terrain,Y Shape,Asphalt roads,Dry,Daylight,Normal,Vehicle with vehicle collision,2,1,Going straight,Driver or rider,Male,Over 51,3,Other,Normal,Not a Pedestrian,Driving to the left,Serious Injury
15:40:00,Monday,18-30,Male,Junior high school,Employee,1-2yr,Public (12 seats),Owner,,No defect,Office areas,,Tangent road with flat terrain,,Gravel roads,Dry,Darkness - lights lit,Normal,Collision with roadside objects,1,2,Going straight,Pedestrian,Female,18-30,3,,,Crossing from nearside - masked by parked or statioNot a Pedestrianry vehicle,Changing lane to the right,Serious Injury
11:16:00,Sunday,18-30,Male,Junior high school,Owner,2-5yr,Public (12 seats),Owner,,No defect,Other,Two-way (divided with broken lines road marking),Tangent road with flat terrain,No junction,Asphalt roads,Dry,Daylight,Normal,Vehicle with vehicle collision,2,5,Going straight,Driver or rider,Male,31-50,3,Driver,,Not a Pedestrian,Changing lane to the right,Fatal injury
11:30:00,Tuesday,Under 18,Male,,Owner,5-10yr,Automobile,Owner,Unknown,No defect,Office areas,Undivided Two way,Tangent road with flat terrain,Crossing,Gravel roads,Wet or damp,Daylight,Normal,Vehicle with vehicle collision,4,6,Moving Backward,Pedestrian,Male,5,3,Self-employed,Normal,Not a Pedestrian,Changing lane to the right,Serious Injury
02:49:00,Sunday,Unknown,Male,Junior high school,Employee,Below 1yr,Public (12 seats),Owner,Unknown,No defect,Office areas,One way,Tangent road with flat terrain,No junction,Asphalt roads,Dry,Darkness - lights lit,Normal,Vehicle with vehicle collision,2,1,Going straight,na,na,na,na,Self-employed,Normal,Not a Pedestrian,No distancing,Slight Injury
03:55:00,Monday,18-30,Male,Junior high school,Employee,2-5yr,Stationwagen,Owner,Unknown,,Office areas,Two-way (divided with broken lines road marking),Tangent road with flat terrain,No junction,Asphalt roads,Wet or damp,Darkness - lights lit,Raining and Windy,Vehicle with vehicle collision,2,2,Going straight,Driver or rider,Male,18-30,3,,Normal,Not a Pedestrian,Changing lane to the right,Slight Injury
18:23:00,Friday,18-30,Male,Above high school,Owner,5-10yr,Lorry (41?100Q),Owner,Unknown,No defect,Office areas,Double carriageway (median),Tangent road with mild grade and flat terrain,Y Shape,Asphalt roads,Dry,Daylight,Normal,Vehicle with vehicle collision,1,1,Other,Pedestrian,Female,Under 18,3,Driver,Normal,Crossing from driver's nearside,Changing lane to the left,Slight Injury
22:20:00,Wednesday,Unknown,Female,Junior high school,Employee,2-5yr,,Owner,,No defect, Outside rural areas,Undivided Two way,Tangent road with flat terrain,Crossing,Asphalt roads,Wet or damp,Darkness - lights lit,Normal,Vehicle with vehicle collision,2,1,Moving Backward,Driver or rider,Male,31-50,3,Driver,Normal,Not a Pedestrian,No distancing,Slight Injury
08:25:00,Wednesday,18-30,Male,Elementary school,Employee,5-10yr,Special vehicle,Owner,2-5yrs,,Office areas,Two-way (divided with broken lines road marking),Tangent road with mountainous terrain and,No junction,Asphalt roads,Dry,Daylight,Normal,Vehicle with vehicle collision,1,1,Other,na,na,na,na,Self-employed,Normal,Not a Pedestrian,No priority to pedestrian,Slight Injury
05:50:00,Tuesday,Unknown,Female,Junior high school,Employee,Above 10yr,Automobile,Owner,,No defect, Church areas,Double carriageway (median),Tangent road with flat terrain,No junction,Asphalt roads,Wet or damp,Darkness - lights lit,Other,Vehicle with vehicle collision,2,1,Going straight,Pedestrian,Male,18-30,3,Driver,Normal,Not a Pedestrian,No priority to vehicle,Serious Injury
18:32:00,Tuesday,Over 51,Male,Unknown,Other,,Other,Owner,Unknown,No defect, Church areas,Double carriageway (median),Tangent road with flat terrain,No junction,Other,Dry,Darkness - no lighting,Snow,Vehicle with vehicle collision,2,2,Going straight,na,na,na,na,Driver,Normal,Not a Pedestrian,Changing lane to the right,Slight Injury
18:45:00,Tuesday,18-30,Male,Junior high school,Owner,Below 1yr,,Owner,Unknown,No defect,Residential areas,Undivided Two way,Tangent road with flat terrain,O Shape,Asphalt roads,Wet or damp,Darkness - lights lit,Raining,Collision with roadside objects,2,1,Moving Backward,Passenger,Male,18-30,3,,,Not a Pedestrian,Driving carelessly,Serious Injury
13:58:00,Thursday,18-30,Male,Junior high school,Employee,5-10yr,Other,Governmental,,No defect,Other,Two-way (divided with broken lines road marking),Tangent road with flat terrain,Crossing,Asphalt roads,Dry,Daylight,Normal,Vehicle with vehicle collision,1,1,Going straight,Driver or rider,Male,18-30,3,Driver,Normal,Not a Pedestrian,Other,Slight Injury
09:40:00,Thursday,18-30,Male,Junior high school,Employee,5-10yr,Public (13?45 seats),Owner,Unknown,7,Other,other,Tangent road with flat terrain,No junction,Asphalt roads,Dry,Daylight,Unknown,Vehicle with vehicle collision,2,1,Going straight,Driver or rider,Male,18-30,3,,Normal,Not a Pedestrian,Changing lane to the left,Serious Injury
08:20:00,Tuesday,18-30,Male,Junior high school,Employee,1-2yr,Lorry (41?100Q),Owner,2-5yrs,No defect,Rural village areas,Undivided Two way,Gentle horizontal curve,No junction,Asphalt roads,Dry,Daylight,Normal,Vehicle with vehicle collision,2,1,Going straight,Passenger,Female,18-30,3,,,Not a Pedestrian,Overloading,Slight Injury
15:20:00,Wednesday,31-50,Male,Elementary school,Owner,1-2yr,Stationwagen,Owner,2-5yrs,, Church areas,other,Tangent road with flat terrain,Crossing,Asphalt roads,Dry,Daylight,Normal,Vehicle with vehicle collision,1,1,Turnover,na,na,na,na,Driver,Normal,Not a Pedestrian,No priority to pedestrian,Slight Injury
06:44:00,Tuesday,31-50,Male,High school,Employee,Above 10yr,Automobile,Owner,Unknown,No defect,Office areas,Two-way (divided with broken lines road marking),Tangent road with flat terrain,Y Shape,Asphalt roads,Dry,Darkness - lights lit,Normal,,1,1,,Driver or rider,Female,18-30,3,Driver,Normal,Not a Pedestrian,No distancing,Slight Injury
11:29:00,Saturday,Over 51,Male,Junior high school,Owner,1-2yr,Taxi,Owner,,No defect, Church areas,Undivided Two way,Tangent road with flat terrain,Y Shape,Asphalt roads,Dry,Daylight,Normal,Collision with roadside objects,2,3,Going straight,Driver or rider,Male,Under 18,2,,,Not a Pedestrian,Turnover,Slight Injury
11:36:00,Wednesday,Unknown,Female,Junior high school,Employee,1-2yr,Public (13?45 seats),Governmental,,,Office areas,other,Tangent road with flat terrain,No junction,Asphalt roads,Dry,Daylight,Normal,Vehicle with vehicle collision,2,1,Going straight,na,na,na,na,Driver,Normal,Not a Pedestrian,No priority to vehicle,Slight Injury
12:48:00,Friday,31-50,Male,Junior high school,Employee,Below 1yr,Other,Owner,Unknown,No defect, Church areas,Double carriageway (median),Tangent road with mild grade and flat terrain,,Asphalt roads,Dry,Darkness - lights lit,Normal,Collision with pedestrians,1,1,Going straight,na,na,na,na,Driver,Normal,Not a Pedestrian,No priority to pedestrian,Slight Injury
16:00:00,Wednesday,18-30,Male,Junior high school,Employee,Above 10yr,Other,Owner,Unknown,,Residential areas,Two-way (divided with broken lines road marking),Tangent road with flat terrain,,Asphalt roads,Dry,Daylight,Normal,Vehicle with vehicle collision,3,2,Other,Pedestrian,Male,18-30,3,Self-employed,Normal,Unknown or other,No priority to pedestrian,Fatal injury
07:56:00,Thursday,18-30,Male,Junior high school,Employee,Above 10yr,Automobile,Owner,Unknown,,Residential areas,Two-way (divided with broken lines road marking),Tangent road with flat terrain,No junction,Asphalt roads,Dry,Daylight,Normal,Vehicle with vehicle collision,2,1,Moving Backward,Pedestrian,Female,Over 51,3,Driver,Normal,Not a Pedestrian,Driving carelessly,Slight Injury
17:52:00,Monday,31-50,Male,Junior high school,Employee,2-5yr,Automobile,Owner,Above 10yr,No defect, Outside rural areas,Two-way (divided with broken lines road marking),Tangent road with flat terrain,No junction,Asphalt roads,Wet or damp,Daylight,Normal,Vehicle with vehicle collision,2,1,Going straight,Driver or rider,Male,Under 18,3,Driver,,Not a Pedestrian,Changing lane to the right,Slight Injury
13:03:00,Friday,18-30,Male,Junior high school,Employee,1-2yr,Other,Owner,,,Office areas,Undivided Two way,Tangent road with flat terrain,No junction,Asphalt roads,Dry,Daylight,Normal,Vehicle with vehicle collision,2,1,Turnover,Driver or rider,Male,18-30,3,,,Not a Pedestrian,Changing lane to the left,Slight Injury
07:20:00,Wednesday,31-50,Male,High school,Employee,1-2yr,Automobile,Owner,Unknown,No defect,Other,Undivided Two way,Tangent road with flat terrain,No junction,Asphalt roads,Dry,Daylight,Normal,Collision with roadside objects,2,1,Getting off,Pedestrian,Female,31-50,3,Driver,Normal,Not a Pedestrian,Changing lane to the left,Slight Injury
12:55:00,Monday,18-30,Female,Junior high school,Employee,1-2yr,Motorcycle,Owner,,,Residential areas,One way,Tangent road with flat terrain,Y Shape,Asphalt roads,Dry,Daylight,Normal,Vehicle with vehicle collision,3,1,Going straight,Driver or rider,Male,18-30,3,Employee,Normal,Not a Pedestrian,Changing lane to the right,Slight Injury
01:50:00,Friday,18-30,Male,Above high school,Employee,5-10yr,Automobile,Owner,,,Other,Undivided Two way,Tangent road with flat terrain,Crossing,Asphalt roads,Dry,Darkness - lights lit,Normal,Vehicle with vehicle collision,2,1,Going straight,Driver or rider,Male,18-30,3,Driver,Normal,Not a Pedestrian,Changing lane to the left,Slight Injury
14:50:00,Thursday,31-50,Male,Above high school,Employee,Above 10yr,Automobile,Owner,2-5yrs,,Other,Undivided Two way,Tangent road with flat terrain,Other,Earth roads,Dry,Daylight,Normal,Vehicle with vehicle collision,2,2,Going straight,na,na,na,na,Driver,Normal,Not a Pedestrian,Getting off the vehicle improperly,Serious Injury
18:03:00,Thursday,18-30,Male,Junior high school,Employee,Below 1yr,Automobile,Owner,2-5yrs,,Residential areas,Two-way (divided with broken lines road marking),Tangent road with flat terrain,No junction,Asphalt roads,Dry,Daylight,Normal,Vehicle with vehicle collision,1,2,Going straight,na,na,na,na,,Normal,Not a Pedestrian,Changing lane to the left,Slight Injury
21:20:00,Wednesday,18-30,Male,Junior high school,Employee,5-10yr,Lorry (41?100Q),Governmental,,No defect,Office areas,Undivided Two way,Tangent road with flat terrain,Crossing,Gravel roads,Dry,Darkness - lights lit,Normal,Collision with pedestrians,2,1,Going straight,na,na,na,na,Driver,Normal,Not a Pedestrian,Driving carelessly,Serious Injury
18:00:00,Saturday,Over 51,Male,Elementary school,Employee,Below 1yr,Public (13?45 seats),Governmental,,No defect,Residential areas,Two-way (divided with broken lines road marking),Tangent road with flat terrain,Y Shape,Asphalt roads,Dry,Daylight,Normal,Vehicle with vehicle collision,2,3,Going straight,Passenger,Female,Over 51,3,Driver,Normal,Not a Pedestrian,Moving Backward,Fatal injury
16:10:00,Sunday,Over 51,Male,Elementary school,Employee,2-5yr,Automobile,Owner,5-10yrs,,Office areas,Undivided Two way,Tangent road with flat terrain,Crossing,Asphalt roads,Dry,Daylight,Normal,Vehicle with vehicle collision,2,1,Going straight,na,na,na,na,Driver,Normal,Not a Pedestrian,Changing lane to the right,Slight Injury
13:00:00,Saturday,18-30,Male,Junior high school,Owner,2-5yr,Automobile,Owner,5-10yrs,No defect,Other,Two-way (divided with broken lines road marking),Tangent road with flat terrain,Y Shape,Asphalt roads,Wet or damp,Daylight,Normal,Vehicle with vehicle collision,1,1,Going straight,Passenger,Female,31-50,3,Driver,Normal,Not a Pedestrian,Changing lane to the right,Slight Injury
15:08:00,Monday,18-30,Male,Junior high school,Employee,Above 10yr,Stationwagen,Owner,Above 10yr,,Other,Two-way (divided with broken lines road marking),Tangent road with mountainous terrain and,Y Shape,Asphalt roads,Dry,Daylight,Unknown,Vehicle with vehicle collision,3,4,Going straight,na,na,na,na,Driver,Normal,Not a Pedestrian,No distancing,Serious Injury
08:22:00,Saturday,31-50,Male,Junior high school,Employee,1-2yr,Automobile,Owner,5-10yrs,,Residential areas,Undivided Two way,Tangent road with flat terrain,No junction,Asphalt roads,Dry,Daylight,Normal,Vehicle with vehicle collision,2,1,Going straight,na,na,na,na,Driver,Normal,Not a Pedestrian,No priority to pedestrian,Slight Injury
09:55:00,Monday,Over 51,Male,Elementary school,Employee,1-2yr,Public (12 seats),Owner,Above 10yr,, Church areas,Two-way (divided with broken lines road marking),Steep grade downward with mountainous terrain,No junction,Asphalt roads,Wet or damp,Daylight,Normal,Vehicle with vehicle collision,2,1,Going straight,Driver or rider,Male,18-30,3,Employee,,Not a Pedestrian,No priority to vehicle,Slight Injury
07:35:00,Thursday,18-30,Male,Junior high school,Employee,Above 10yr,,Owner,5-10yrs,,Other,Undivided Two way,Tangent road with flat terrain,,Asphalt roads,Dry,Daylight,Normal,Vehicle with vehicle collision,3,2,Going straight,Driver or rider,Male,Over 51,3,,,Not a Pedestrian,Driving carelessly,Slight Injury
17:06:00,Thursday,18-30,Male,Junior high school,Owner,5-10yr,Automobile,Owner,Above 10yr,No defect,School areas,other,Tangent road with flat terrain,No junction,Asphalt roads,Wet or damp,Darkness - lights lit,Raining,Vehicle with vehicle collision,1,1,Going straight,na,na,na,na,Driver,Normal,Not a Pedestrian,Changing lane to the right,Slight Injury
20:30:00,Sunday,Over 51,Male,Above high school,Employee,5-10yr,Automobile,Owner,,No defect,Other,One way,Tangent road with flat terrain,,Asphalt roads,Dry,Daylight,Normal,Vehicle with vehicle collision,1,1,Going straight,Driver or rider,Female,Over 51,3,Driver,Normal,Not a Pedestrian,No distancing,Slight Injury
14:21:00,Friday,31-50,Male,Junior high school,Employee,Below 1yr,Lorry (11?40Q),Owner,2-5yrs,,Other,One way,Tangent road with flat terrain,Crossing,Asphalt roads,Dry,Daylight,Normal,Vehicle with vehicle collision,1,1,Turnover,Driver or rider,Male,31-50,3,Employee,Normal,Not a Pedestrian,Changing lane to the left,Slight Injury
15:36:00,Tuesday,Under 18,Male,Junior high school,Employee,5-10yr,Other,Owner,Above 10yr,No defect,Office areas,Two-way (divided with broken lines road marking),Sharp reverse curve,Crossing,Asphalt roads,Dry,Daylight,Normal,Collision with roadside objects,2,1,Other,Driver or rider,Female,18-30,3,Self-employed,Normal,Not a Pedestrian,Moving Backward,Serious Injury
19:20:00,Wednesday,18-30,Male,Junior high school,Employee,5-10yr,Long lorry,Owner,1-2yr,No defect,Residential areas,Undivided Two way,Tangent road with flat terrain,Y Shape,Asphalt roads,Wet or damp,Daylight,Windy,Vehicle with vehicle collision,2,1,Going straight,Driver or rider,Male,18-30,3,Self-employed,Normal,Not a Pedestrian,Driving carelessly,Slight Injury
00:10:00,Sunday,18-30,Male,Junior high school,Employee,1-2yr,Automobile,Owner,Unknown,No defect,Office areas,,Steep grade downward with mountainous terrain,No junction,Asphalt roads,Wet or damp,Darkness - lights lit,Raining and Windy,Collision with roadside objects,2,1,Reversing,na,na,na,na,,,Not a Pedestrian,Other,Slight Injury
11:50:00,Wednesday,18-30,Male,Elementary school,Employee,Below 1yr,Other,Owner,2-5yrs,,Office areas,Double carriageway (median),Tangent road with flat terrain,Y Shape,Asphalt roads,Dry,Daylight,Normal,Vehicle with vehicle collision,2,1,Going straight,Driver or rider,Male,31-50,2,Driver,Normal,Not a Pedestrian,No distancing,Slight Injury
07:50:00,Tuesday,18-30,Male,Junior high school,Owner,Below 1yr,Taxi,Owner,2-5yrs,No defect,Residential areas,Two-way (divided with broken lines road marking),Gentle horizontal curve,Y Shape,Asphalt roads,Dry,Daylight,Normal,Collision with roadside objects,2,2,Going straight,Passenger,Male,18-30,3,,,Not a Pedestrian,Changing lane to the right,Slight Injury
14:57:00,Friday,18-30,Male,Junior high school,Employee,5-10yr,,Owner,,,Other,other,Tangent road with flat terrain,No junction,Asphalt roads,Wet or damp,Daylight,Normal,Vehicle with vehicle collision,2,3,Going straight,na,na,na,na,Other,Normal,Not a Pedestrian,Driving under the influence of drugs,Slight Injury
20:13:00,Tuesday,31-50,Male,High school,Employee,No Licence,Lorry (41?100Q),Owner,5-10yrs,,Other,One way,Tangent road with flat terrain,No junction,Asphalt roads,Wet or damp,Darkness - lights lit,Raining,Vehicle with vehicle collision,1,1,Going straight,na,na,na,na,Other,Normal,Not a Pedestrian,Moving Backward,Serious Injury
13:15:00,Friday,Over 51,Male,High school,Owner,Above 10yr,Other,Owner,Unknown,No defect,Office areas,,Tangent road with flat terrain,Y Shape,Asphalt roads,Dry,Daylight,Normal,Vehicle with vehicle collision,2,1,Turnover,Driver or rider,Male,31-50,3,Self-employed,Normal,Not a Pedestrian,Driving at high speed,Slight Injury
07:00:00,Thursday,31-50,Male,Junior high school,Owner,2-5yr,Lorry (41?100Q),Owner,5-10yrs,No defect,Other,Two-way (divided with broken lines road marking),Tangent road with flat terrain,Y Shape,Asphalt roads,Wet or damp,Darkness - lights lit,Windy,Vehicle with vehicle collision,2,1,Turnover,na,na,na,na,,,Not a Pedestrian,Overtaking,Slight Injury
11:41:00,Saturday,18-30,Male,Writing & reading,Employee,Below 1yr,Lorry (11?40Q),Owner,,,Residential areas,One way,Tangent road with flat terrain,O Shape,Asphalt roads,Dry,Daylight,Normal,Vehicle with vehicle collision,2,1,Getting off,na,na,na,na,Driver,Normal,Not a Pedestrian,No distancing,Slight Injury
04:00:00,Friday,18-30,Male,Junior high school,Owner,Below 1yr,Pick up upto 10Q,Owner,2-5yrs,No defect,Other,Two-way (divided with broken lines road marking),Tangent road with flat terrain,Y Shape,Asphalt roads,Wet or damp,Darkness - lights lit,Raining,Vehicle with vehicle collision,1,4,Going straight,na,na,na,na,Driver,Normal,Not a Pedestrian,Driving under the influence of drugs,Slight Injury
19:12:00,Tuesday,31-50,Male,High school,Employee,2-5yr,Lorry (11?40Q),Owner,Unknown,No defect,Other,Two-way (divided with broken lines road marking),Tangent road with flat terrain,,Asphalt roads,Dry,Darkness - lights lit,Normal,Collision with pedestrians,2,3,Going straight,Driver or rider,Male,18-30,3,Driver,Normal,Not a Pedestrian,Changing lane to the right,Serious Injury
20:30:00,Wednesday,18-30,Male,Junior high school,Employee,2-5yr,Automobile,,1-2yr,No defect,Other,Two-way (divided with broken lines road marking),Tangent road with flat terrain,,Asphalt roads,Wet or damp,Darkness - lights lit,Raining,Vehicle with vehicle collision,2,1,Going straight,na,na,na,na,,,Not a Pedestrian,Moving Backward,Slight Injury
21:51:00,Wednesday,31-50,Male,Junior high school,Owner,Above 10yr,Automobile,Owner,,,Office areas,Two-way (divided with broken lines road marking),Tangent road with flat terrain,Y Shape,Asphalt roads,Dry,Darkness - lights lit,Normal,Vehicle with vehicle collision,2,1,Going straight,Driver or rider,Male,Under 18,3,Self-employed,Normal,Not a Pedestrian,Driving carelessly,Slight Injury
06:05:00,Tuesday,31-50,Male,High school,Owner,2-5yr,Other,Owner,,No defect,Other,Two-way (divided with broken lines road marking),Tangent road with flat terrain,Y Shape,Asphalt roads,Dry,Daylight,Normal,Collision with roadside objects,1,2,Going straight,Driver or rider,Male,Over 51,3,,,Not a Pedestrian,Driving carelessly,Slight Injury
20:14:00,Wednesday,18-30,Male,Junior high school,Owner,2-5yr,Taxi,Owner,5-10yrs,, Church areas,Two-way (divided with broken lines road marking),Tangent road with flat terrain,Crossing,Asphalt roads,Dry,Darkness - lights lit,Normal,Collision with pedestrians,2,1,Reversing,Driver or rider,Male,Over 51,3,Other,Normal,Not a Pedestrian,No distancing,Slight Injury
00:10:00,Sunday,18-30,Male,Junior high school,Employee,5-10yr,Other,Owner,Unknown,,School areas,Undivided Two way,Tangent road with flat terrain,No junction,Other,Wet or damp,Darkness - lights lit,Raining and Windy,Vehicle with vehicle collision,2,1,Overtaking,Driver or rider,Male,18-30,3,Driver,Normal,Not a Pedestrian,Changing lane to the left,Slight Injury
19:55:00,Sunday,31-50,Male,,Owner,5-10yr,Other,Owner,,No defect,Residential areas,Undivided Two way,Tangent road with flat terrain,,Asphalt roads,Wet or damp,Daylight,Raining,Vehicle with vehicle collision,2,4,Getting off,na,na,na,na,Driver,Normal,Not a Pedestrian,Driving to the left,Fatal injury
12:00:00,Saturday,18-30,Male,Junior high school,Employee,5-10yr,Other,Owner,2-5yrs,,Other,,Tangent road with flat terrain,No junction,Asphalt roads,Dry,Daylight,Normal,Collision with roadside objects,1,1,Going straight,na,na,na,na,,Normal,Not a Pedestrian,Changing lane to the left,Serious Injury
20:50:00,Sunday,31-50,Male,Junior high school,Employee,Above 10yr,Other,Owner,Above 10yr,, Industrial areas,Undivided Two way,Tangent road with flat terrain,Y Shape,Asphalt roads,Dry,Darkness - lights lit,Normal,Vehicle with vehicle collision,1,1,Entering a junction,na,na,na,na,Driver,Normal,Not a Pedestrian,No distancing,Serious Injury
16:50:00,Thursday,18-30,Male,Junior high school,Employee,Above 10yr,Automobile,Owner,Unknown,No defect,Office areas,Double carriageway (median),Tangent road with flat terrain,No junction,Other,Dry,Daylight,Normal,Vehicle with vehicle collision,2,1,Going straight,na,na,na,na,Driver,Normal,Not a Pedestrian,No priority to vehicle,Serious Injury
15:20:00,Saturday,31-50,Male,Elementary school,Employee,Below 1yr,Automobile,Owner,,,Other,Two-way (divided with broken lines road marking),Tangent road with flat terrain,,Asphalt roads,Dry,Daylight,Normal,Collision with roadside objects,3,2,Moving Backward,Passenger,Female,31-50,3,Employee,Normal,Not a Pedestrian,No distancing,Slight Injury
22:05:00,Monday,Unknown,Female,Junior high school,,1-2yr,,Owner,Unknown,,Residential areas,Two-way (divided with broken lines road marking),Tangent road with flat terrain,Y Shape,Asphalt roads,Dry,Darkness - no lighting,Cloudy,Vehicle with vehicle collision,2,1,Going straight,Pedestrian,Female,Under 18,3,Driver,Normal,Not a Pedestrian,No distancing,Slight Injury
13:43:00,Monday,Under 18,Male,Junior high school,Employee,5-10yr,Automobile,Owner,Above 10yr,No defect, Church areas,Two-way (divided with broken lines road marking),Tangent road with flat terrain,Y Shape,Asphalt roads,Wet or damp,Daylight,Raining,Vehicle with vehicle collision,3,5,Other,Driver or rider,Male,18-30,3,Self-employed,Normal,Not a Pedestrian,No priority to pedestrian,Slight Injury
00:10:00,Saturday,31-50,Male,Elementary school,Employee,5-10yr,Lorry (41?100Q),Governmental,1-2yr,No defect,Other,Undivided Two way,Tangent road with flat terrain,No junction,Asphalt roads,Dry,Darkness - lights lit,Normal,Rollover,3,3,Going straight,na,na,na,na,,Normal,Not a Pedestrian,Driving carelessly,Serious Injury
07:15:00,Tuesday,Unknown,Male,High school,Employee,5-10yr,Other,,,,Office areas,other,Tangent road with flat terrain,Crossing,Asphalt roads,Dry,Daylight,Normal,Vehicle with vehicle collision,2,1,Other,Passenger,Female,Under 18,3,Driver,Normal,Not a Pedestrian,Moving Backward,Slight Injury
19:30:00,Monday,Unknown,Male,Junior high school,Employee,1-2yr,Public (> 45 seats),Owner,,No defect,Office areas,Two-way (divided with broken lines road marking),Tangent road with mild grade and flat terrain,No junction,Asphalt roads,Wet or damp,Darkness - lights lit,Raining,Vehicle with vehicle collision,2,1,Going straight,na,na,na,na,Driver,Normal,Not a Pedestrian,Changing lane to the right,Slight Injury
07:58:00,Thursday,18-30,Male,Junior high school,Employee,5-10yr,Lorry (11?40Q),Owner,,No defect,  Recreational areas,Undivided Two way,Tangent road with flat terrain,Y Shape,Asphalt roads,Wet or damp,Daylight,Raining,Vehicle with vehicle collision,2,2,Going straight,na,na,na,na,,,Not a Pedestrian,No distancing,Slight Injury
10:23:00,Thursday,Over 51,Male,,,,Lorry (41?100Q),Owner,Unknown,No defect,Office areas,Undivided Two way,Tangent road with flat terrain,Y Shape,Asphalt roads,Dry,Daylight,Normal,Collision with roadside objects,2,1,Going straight,Driver or rider,Male,31-50,3,Driver,Normal,Not a Pedestrian,Changing lane to the left,Serious Injury
23:00:00,Thursday,18-30,Male,Junior high school,Employee,2-5yr,Pick up upto 10Q,Owner,2-5yrs,No defect,Other,Undivided Two way,Tangent road with flat terrain,No junction,Asphalt roads,Dry,Darkness - lights lit,Normal,Collision with roadside objects,2,4,Entering a junction,na,na,na,na,Student,Normal,Not a Pedestrian,Driving carelessly,Slight Injury