Time,Day_of_week,Age_band_of_driver,Sex_of_driver,Educational_level,Vehicle_driver_relation,Driving_experience,Type_of_vehicle,Owner_of_vehicle,Service_year_of_vehicle,Defect_of_vehicle,Area_accident_occured,Lanes_or_Medians,Road_allignment,Types_of_Junction,Road_surface_type,Road_surface_conditions,Light_conditions,Weather_conditions,Type_of_collision,Number_of_vehicles_involved,Number_of_casualties,Vehicle_movement,Casualty_class,Sex_of_casualty,Age_band_of_casualty,Casualty_severity,Work_of_casuality,Fitness_of_casuality,Pedestrian_movement,Cause_of_accident,Accident_severity
11:04:00,Wednesday,31-50,Male,High school,Employee,5-10yr,Automobile,Owner,2-5yrs,No defect,Office areas,Two-way (divided with broken lines road marking),Tangent road with flat terrain,No junction,Asphalt roads,Dry,Daylight,Normal,Vehicle with vehicle collision,1,2,Going straight,na,na,na,na,,Normal,Not a Pedestrian,Other,Serious Injury
15:35:00,Tuesday,31-50,Male,,Employee,5-10yr,,Owner,Above 10yr,,Office areas,Two-way (divided with broken lines road marking),Tangent road with flat terrain,Y Shape,Asphalt roads,Wet or damp,Darkness - lights lit,Raining,Vehicle with vehicle collision,2,2,Going straight,na,na,na,na,Driver,Normal,Not a Pedestrian,Other,Slight Injury
10:55:00,Sunday,18-30,Male,Elementary school,Other,5-10yr,Other,Owner,,,Other,Double carriageway (median),Tangent road with flat terrain,No junction,Asphalt roads,Dry,Daylight,Normal,Vehicle with vehicle collision,2,2,Going straight,Driver or rider,Male,18-30,3,,,Not a Pedestrian,Changing lane to the left,Slight Injury
18:40:00,Saturday,18-30,Male,Junior high school,Owner,1-2yr,,Owner,1-2yr,No defect,Office areas,Undivided Two way,Tangent road with flat terrain,Y Shape,Asphalt roads,Dry,Daylight,Normal,Vehicle with vehicle collision,2,1,Going straight,Passenger,Male,Under 18,3,Driver,Normal,Not a Pedestrian,Changing lane to the right,Slight Injury
10:12:00,Saturday,18-30,Male,Junior high school,Employee,2-5yr,,Owner,,,Office areas,,Tangent road with flat terrain,Y Shape,,Dry,Daylight,Normal,Vehicle with vehicle collision,2,1,Going straight,na,na,na,na,,Normal,Not a Pedestrian,No distancing,Slight Injury
20:00:00,Friday,Unknown,Female,Junior high school,Employee,5-10yr,Lorry (41?100Q),,,,School areas,Two-way (divided with broken lines road marking),Tangent road with flat terrain,No junction,Asphalt roads,Dry,Daylight,Normal,Vehicle with vehicle collision,1,3,Reversing,Passenger,Female,Under 18,3,Self-employed,Normal,Not a Pedestrian,Changing lane to the right,Serious Injury
12:00:00,Saturday,Over 51,Male,Junior high school,Employee,Above 10yr,Public (> 45 seats),Owner,2-5yrs,,Office areas,Double carriageway (median),Tangent road with flat terrain,Crossing,Asphalt roads,Dry,Daylight,Normal,Vehicle with vehicle collision,2,2,Other,na,na,na,na,,,Not a Pedestrian,No priority to vehicle,Slight Injury
11:10:00,Sunday,18-30,Male,Junior high school,Employee,Below 1yr,Public (> 45 seats),Owner,Unknown,No defect,School areas,,Tangent road with flat terrain,,,Wet or damp,Darkness - lights lit,Raining,Vehicle with vehicle collision,2,1,Going straight,Driver or rider,Female,18-30,3,Self-employed,Normal,Not a Pedestrian,Changing lane to the right,Slight Injury
10:30:00,Monday,31-50,Male,Junior high school,Employee,2-5yr,Lorry (41?100Q),Owner,,No defect, Church areas,Undivided Two way,Tangent road with flat terrain,Other,Asphalt roads,Dry,Daylight,Normal,Vehicle with vehicle collision,2,1,Moving Backward,Pedestrian,Female,18-30,3,Driver,Normal,Not a Pedestrian,Overturning,Slight Injury
13:05:00,Friday,Unknown,Male,Junior high school,Employee,5-10yr,Lorry (41?100Q),Owner,,,Office areas,Two-way (divided with broken lines road marking),Tangent road with flat terrain,No junction,Asphalt roads,Dry,Daylight,Unknown,Vehicle with vehicle collision,2,2,Moving Backward,na,na,na,na,Driver,Normal,Not a Pedestrian,Moving Backward,Slight Injury
15:50:00,Saturday,18-30,Male,Junior high school,Employee,5-10yr,Other,Owner,2-5yrs,,Other,Undivided Two way,Tangent road with mountainous terrain and,Y Shape,Asphalt roads,Dry,Daylight,Normal,Vehicle with vehicle collision,1,1,Going straight,Driver or rider,Male,Under 18,1,Driver,,Not a Pedestrian,No distancing,Slight Injury
14:30:00,Monday,Unknown,Male,Junior high school,Employee,Above 10yr,Lorry (41?100Q),Owner,Above 10yr,,Office areas,Undivided Two way,Tangent road with flat terrain,Crossing,Asphalt roads,Dry,Daylight,Normal,Vehicle with vehicle collision,2,1,Other,Pedestrian,Female,18-30,2,Driver,Normal,Crossing from driver's nearside,Changing lane to the right,Slight Injury
11:45:00,Saturday,Unknown,Female,Junior high school,Employee,Above 10yr,Ridden horse,,,,Other,Two-way (divided with broken lines road marking),Tangent road with flat terrain,Y Shape,Asphalt roads,Snow,Daylight,Snow,Vehicle with vehicle collision,3,2,Turnover,Pedestrian,Male,18-30,2,Driver,Normal,Not a Pedestrian,No distancing,Slight Injury
05:10:00,Monday,31-50,Male,Junior high school,Employee,1-2yr,Pick up upto 10Q,Governmental,,No defect,Residential areas,Double carriageway (median),Tangent road with flat terrain,Crossing,Asphalt roads,Dry,Darkness - lights lit,Normal,Vehicle with vehicle collision,1,1,Going straight,na,na,na,na,Driver,Normal,Not a Pedestrian,Driving under the influence of drugs,Slight Injury
12:30:00,Sunday,18-30,Male,High school,Employee,1-2yr,Pick up upto 10Q,Owner,Above 10yr,,Other,other,Steep grade downward with mountainous terrain,Y Shape,Asphalt roads,Dry,Daylight,Normal,Vehicle with vehicle collision,4,1,Unknown,Driver or rider,Male,Over 51,3,Driver,Normal,Not a Pedestrian,No priority to vehicle,Slight Injury
11:15:00,Friday,Over 51,Male,Junior high school,Employee,2-5yr,Lorry (11?40Q),Owner,Unknown,,Office areas,Two-way (divided with broken lines road marking),Tangent road with flat terrain,No junction,Asphalt roads,Wet or damp,Daylight,Normal,Vehicle with vehicle collision,4,6,Entering a junction,na,na,na,na,Employee,Normal,Not a Pedestrian,Overtaking,Serious Injury
16:40:00,Thursday,31-50,Male,Junior high school,Employee,Above 10yr,Public (12 seats),Owner,,No defect,Office areas,Undivided Two way,Tangent road with flat terrain,Unknown,Asphalt roads,Dry,Daylight,Normal,Vehicle with vehicle collision,2,1,Going straight,Driver or rider,Female,Under 18,3,,,Not a Pedestrian,No priority to pedestrian,Slight Injury
17:43:00,Wednesday,18-30,Male,Junior high school,Employee,5-10yr,Public (13?45 seats),Owner,Unknown,No defect,Residential areas,Undivided Two way,Tangent road with flat terrain,Y Shape,Asphalt roads,Dry,Darkness - lights lit,Normal,Collision with pedestrians,2,2,Waiting to go,na,na,na,na,Self-employed,Normal,Not a Pedestrian,No distancing,Slight Injury
10:42:00,Monday,31-50,Male,Junior high school,Owner,5-10yr,Pick up upto 10Q,Owner,2-5yrs,,Office areas,Undivided Two way,Tangent road with flat terrain,Y Shape,Asphalt roads,Dry,Daylight,Normal,Vehicle with vehicle collision,2,1,Moving Backward,Passenger,Male,18-30,2,Driver,Normal,Not a Pedestrian,Driving carelessly,Serious Injury
12:08:00,Friday,18-30,Female,Unknown,Employee,Below 1yr,Lorry (41?100Q),Owner,Unknown,,Residential areas,Undivided Two way,Tangent road with flat terrain,No junction,Other,Dry,Daylight,Normal,Vehicle with vehicle collision,3,2,Going straight,na,na,na,na,Driver,Normal,Not a Pedestrian,Moving Backward,Slight Injury
15:45:00,Tuesday,31-50,Male,Junior high school,Employee,1-2yr,Automobile,Owner,Unknown,No defect,Office areas,other,Tangent road with flat terrain,Y Shape,Asphalt roads,Wet or damp,Daylight,Raining,Vehicle with vehicle collision,1,1,Turnover,na,na,na,na,Employee,Normal,Not a Pedestrian,No priority to vehicle,Slight Injury
13:05:00,Saturday,31-50,Male,High school,Employee,2-5yr,Lorry (41?100Q),Owner,Unknown,,Other,Two-way (divided with broken lines road marking),Tangent road with flat terrain,No junction,Asphalt roads,Dry,Daylight,Normal,Collision with roadside objects,1,1,Turnover,Driver or rider,Male,31-50,3,,,Not a Pedestrian,Changing lane to the left,Serious Injury
15:30:00,Thursday,31-50,Male,Elementary school,Employee,5-10yr,,Owner,,No defect,Office areas,Double carriageway (median),Tangent road with flat terrain,Crossing,Asphalt roads,Dry,Daylight,Normal,Vehicle with vehicle collision,2,1,Going straight,Passenger,Female,18-30,2,Driver,Normal,Not a Pedestrian,No priority to vehicle,Slight Injury
09:55:00,Wednesday,18-30,Male,Junior high school,Employee,Above 10yr,Automobile,Governmental,Unknown,No defect, Church areas,Two-way (divided with broken lines road marking),Tangent road with flat terrain,No junction,Asphalt roads,Dry,Daylight,Normal,Vehicle with vehicle collision,2,1,Going straight,Passenger,Female,Under 18,3,Driver,Normal,Not a Pedestrian,No distancing,Serious Injury
14:17:00,Saturday,Over 51,Male,Junior high school,Employee,2-5yr,Lorry (41?100Q),Owner,,, Church areas,Undivided Two way,Tangent road with flat terrain,Other,Asphalt roads,Dry,Daylight,Normal,Collision with roadside objects,3,1,Going straight,na,na,na,na,Driver,Normal,Not a Pedestrian,Overtaking,Slight Injury
11:29:00,Saturday,Over 51,Male,Elementary school,Employee,2-5yr,Long lorry,Owner,,No defect,  Recreational areas,Two-way (divided with broken lines road marking),Tangent road with flat terrain,Y Shape,Asphalt roads,Dry,Daylight,Normal,Collision with roadside objects,2,3,Going straight,Driver or rider,Male,31-50,3,Driver,Normal,Not a Pedestrian,No distancing,Slight Injury
19:02:00,Thursday,18-30,Male,Junior high school,Employee,,,Owner,Unknown,No defect,School areas,Undivided Two way,Tangent road with flat terrain,Y Shape,Asphalt roads,Dry,Darkness - lights lit,Normal,Vehicle with vehicle collision,1,1,Going straight,Pedestrian,Male,18-30,3,Driver,Normal,Unknown or other,Other,Slight Injury
19:30:00,Saturday,Unknown,Male,Junior high school,Employee,Below 1yr,Lorry (41?100Q),Owner,5-10yrs,No defect,Other,Undivided Two way,Tangent road with flat terrain,No junction,Asphalt roads,Dry,Daylight,Normal,Vehicle with vehicle collision,2,1,Going straight,na,na,na,na,,Normal,Not a Pedestrian,Driving carelessly,Slight Injury
19:28:00,Sunday,18-30,Male,Junior high school,Employee,1-2yr,Automobile,Owner,Unknown,No defect,Residential areas,Two-way (divided with broken lines road marking),Tangent road with flat terrain,Crossing,Asphalt roads,Dry,Darkness - no lighting,Normal,Collision with roadside objects,2,2,Going straight,Pedestrian,Female,18-30,3,Self-employed,Normal,Not a Pedestrian,Changing lane to the right,Slight Injury
21:15:00,Sunday,18-30,Male,Junior high school,Employee,5-10yr,Automobile,Owner,1-2yr,No defect,Other,other,Tangent road with flat terrain,No junction,Asphalt roads,Dry,Darkness - lights lit,Normal,Vehicle with vehicle collision,2,4,Going straight,Driver or rider,Male,Under 18,3,Driver,Normal,Not a Pedestrian,Driving carelessly,Fatal injury
13:01:00,Saturday,Over 51,Male,Junior high school,Employee,Above 10yr,Automobile,Owner,Above 10yr,,Residential areas,Undivided Two way,Tangent road with flat terrain,No junction,Asphalt roads,Wet or damp,Daylight,Raining,Vehicle with vehicle collision,2,3,Going straight,na,na,na,na,,,Not a Pedestrian,No distancing,Slight Injury
18:20:00,Thursday,31-50,Male,Junior high school,Employee,5-10yr,Long lorry,Owner,Above 10yr,,Other,Two-way (divided with broken lines road marking),Tangent road with mountainous terrain and,Crossing,Asphalt roads,Dry,Darkness - lights lit,Normal,Vehicle with vehicle collision,4,2,Going straight,Driver or rider,Female,31-50,3,Driver,,Not a Pedestrian,Drunk driving,Slight Injury
18:45:00,Wednesday,Unknown,Female,Elementary school,Employee,5-10yr,Turbo,Owner,1-2yr,No defect,Office areas,Undivided Two way,Escarpments,Y Shape,Asphalt roads,Dry,Darkness - lights lit,Cloudy,Vehicle with vehicle collision,2,1,Going straight,Driver or rider,Male,18-30,3,,,Not a Pedestrian,Driving to the left,Serious Injury
17:41:00,Wednesday,18-30,Male,Junior high school,Other,No Licence,Long lorry,Owner,Unknown,No defect,Office areas,,Tangent road with flat terrain,Crossing,Asphalt roads,Wet or damp,Darkness - lights unlit,Normal,Rollover,2,1,Going straight,na,na,na,na,Self-employed,Normal,Not a Pedestrian,Changing lane to the right,Slight Injury
17:25:00,Thursday,31-50,Male,Elementary school,Employee,1-2yr,Motorcycle,Owner,2-5yrs,No defect,Office areas,Two-way (divided with broken lines road marking),Tangent road with flat terrain,Y Shape,Asphalt roads,Dry,Darkness - lights lit,Normal,Vehicle with vehicle collision,1,2,Getting off,Driver or rider,Male,18-30,3,Driver,Normal,Not a Pedestrian,No priority to pedestrian,Slight Injury
19:00:00,Monday,31-50,Male,Junior high school,Employee,Above 10yr,Other,Owner,Unknown,No defect,Office areas,Two-way (divided with broken lines road marking),Tangent road with flat terrain,No junction,Asphalt roads,Dry,Daylight,Normal,Vehicle with vehicle collision,2,1,Other,na,na,na,na,Driver,Normal,Not a Pedestrian,No distancing,Slight Injury
16:01:00,Sunday,Over 51,Male,Junior high school,Employee,Below 1yr,Turbo,Organization,Above 10yr,, Hospital areas,Two-way (divided with broken lines road marking),Tangent road with flat terrain,Y Shape,Asphalt roads,Wet or damp,Darkness - lights lit,Raining,Collision with animals,3,3,Going straight,Passenger,Female,31-50,3,Student,Normal,Not a Pedestrian,Changing lane to the left,Slight Injury
12:05:00,Sunday,18-30,Male,High school,Employee,Below 1yr,Automobile,Owner,Unknown,,Other,Two-way (divided with broken lines road marking),Tangent road with flat terrain,No junction,Asphalt roads,Dry,Daylight,Normal,Collision with pedestrians,2,2,Turnover,Driver or rider,Male,Under 18,3,Self-employed,Normal,Not a Pedestrian,Unknown,Slight Injury
04:48:00,Wednesday,31-50,Male,Elementary school,Employee,5-10yr,Lorry (41?100Q),Owner,5-10yrs,,Residential areas,Undivided Two way,Tangent road with flat terrain,No junction,Asphalt roads,Dry,Darkness - lights lit,Normal,Vehicle with vehicle collision,2,1,Going straight,Passenger,Female,18-30,3,,,Not a Pedestrian,No distancing,Slight Injury
11:16:00,Sunday,18-30,Male,Junior high school,Employee,2-5yr,Public (12 seats),Owner,5-10yrs,, Church areas,One way,Tangent road with flat terrain,No junction,Asphalt roads,Dry,Daylight,Normal,Collision with roadside objects,2,5,,Driver or rider,Male,Under 18,3,Driver,Normal,Not a Pedestrian,Changing lane to the left,Fatal injury
19:39:00,Thursday,Unknown,Female,Above high school,Owner,1-2yr,Lorry (41?100Q),Owner,5-10yrs,No defect,Other,Undivided Two way,Tangent road with flat terrain,Y Shape,Asphalt roads,Wet or damp,Darkness - lights lit,Normal,Collision with roadside objects,3,1,Going straight,Pedestrian,Male,5,3,Self-employed,Normal,Not a Pedestrian,Moving Backward,Fatal injury
00:28:00,Saturday,18-30,Male,Junior high school,Owner,5-10yr,Public (> 45 seats),Owner,,No defect,Office areas,other,Tangent road with flat terrain,Y Shape,Asphalt roads,Dry,Darkness - lights lit,Normal,Vehicle with vehicle collision,2,2,Other,na,na,na,na,,,Not a Pedestrian,Overtaking,Slight Injury
16:25:00,Tuesday,18-30,Male,Junior high school,Employee,Above 10yr,,Owner,Above 10yr,No defect,Residential areas,Two-way (divided with broken lines road marking),Tangent road with flat terrain,Crossing,Asphalt roads with some distress,Dry,Daylight,Normal,Rollover,2,1,Going straight,Passenger,Female,31-50,3,Unemployed,Normal,Not a Pedestrian,No priority to vehicle,Serious Injury
21:55:00,Saturday,18-30,Male,Junior high school,Owner,Below 1yr,,Governmental,,,Office areas,Two-way (divided with broken lines road marking),Tangent road with flat terrain,,Asphalt roads,Dry,Daylight,Normal,Vehicle with vehicle collision,2,1,Going straight,Driver or rider,Male,18-30,3,Driver,,Not a Pedestrian,No distancing,Slight Injury
04:00:00,Saturday,18-30,Male,Junior high school,Owner,Below 1yr,Taxi,Owner,,7, Outside rural areas,other,Tangent road with flat terrain,No junction,Asphalt roads,Wet or damp,Darkness - lights lit,Other,Vehicle with vehicle collision,2,1,Moving Backward,na,na,na,na,Driver,Normal,Not a Pedestrian,No distancing,Slight Injury
10:30:00,Tuesday,Unknown,Female,Above high school,Employee,1-2yr,Lorry (11?40Q),Owner,,No defect,Office areas,other,Tangent road with mountainous terrain and,No junction,Asphalt roads,Dry,Daylight,Normal,Vehicle with vehicle collision,1,1,Going straight,Driver or rider,Male,18-30,2,Driver,Normal,Not a Pedestrian,Changing lane to the left,Slight Injury
18:15:00,Thursday,Over 51,Male,Junior high school,Employee,Above 10yr,Lorry (41?100Q),Organization,1-2yr,, Church areas,,Tangent road with flat terrain,Unknown,Asphalt roads,Wet or damp,Darkness - lights lit,Raining,Collision with roadside objects,2,1,Going straight,na,na,na,na,Driver,Normal,Not a Pedestrian,No distancing,Serious Injury
07:01:00,Thursday,31-50,Male,Junior high school,Employee,Above 10yr,Automobile,,,, Church areas,Two-way (divided with broken lines road marking),Tangent road with flat terrain,Unknown,Asphalt roads,Wet or damp,Darkness - lights lit,Raining,Vehicle with vehicle collision,1,1,Going straight,Driver or rider,Male,31-50,3,Other,Normal,Not a Pedestrian,No distancing,Serious Injury
16:10:00,Monday,31-50,Male,Junior high school,Owner,2-5yr,Pick up upto 10Q,Owner,5-10yrs,No defect,Other,Double carriageway (median),Gentle horizontal curve,Y Shape,Asphalt roads,Dry,Daylight,Normal,Vehicle with vehicle collision,2,5,Reversing,Driver or rider,Male,31-50,3,Driver,Normal,Not a Pedestrian,No distancing,Slight Injury
13:23:00,Sunday,Under 18,Male,Junior high school,,,Pick up upto 10Q,Owner,5-10yrs,No defect,Residential areas,One way,Tangent road with flat terrain,No junction,Asphalt roads,Dry,Daylight,Other,Vehicle with vehicle collision,2,1,Going straight,Driver or rider,Male,18-30,3,,Normal,Not a Pedestrian,Changing lane to the left,Serious Injury
15:34:00,Monday,31-50,Male,Junior high school,Employee,Above 10yr,Lorry (41?100Q),,,,,Two-way (divided with broken lines road marking),Tangent road with flat terrain,Crossing,Gravel roads,Dry,Daylight,Normal,Vehicle with vehicle collision,3,1,Going straight,Driver or rider,Male,18-30,3,,,Not a Pedestrian,Changing lane to the right,Serious Injury
17:00:00,Monday,18-30,Male,Junior high school,Employee,2-5yr,Automobile,Owner,,No defect,Office areas,Two-way (divided with broken lines road marking),Tangent road with mild grade and flat terrain,Y Shape,Asphalt roads,Wet or damp,Darkness - lights lit,Other,Collision with roadside objects,2,1,Going straight,Passenger,Male,Under 18,3,Driver,Normal,Not a Pedestrian,Changing lane to the left,Slight Injury
13:07:00,Monday,Over 51,Male,Junior high school,Employee,1-2yr,Automobile,Owner,2-5yrs,,Other,Undivided Two way,Tangent road with mountainous terrain and,Crossing,Asphalt roads,Dry,Daylight,Normal,Vehicle with vehicle collision,2,3,Going straight,na,na,na,na,Driver,Normal,Not a Pedestrian,Moving Backward,Slight Injury
13:45:00,Thursday,31-50,Male,Junior high school,Employee,2-5yr,Stationwagen,Owner,Above 10yr,No defect,Residential areas,other,Tangent road with flat terrain,Crossing,Asphalt roads,Wet or damp,Daylight,Raining,Vehicle with vehicle collision,2,1,Going straight,na,na,na,na,Other,Normal,Not a Pedestrian,No distancing,Serious Injury
15:30:00,Friday,31-50,Male,Junior high school,Owner,2-5yr,Automobile,Owner,Unknown,No defect,Office areas,Two-way (divided with broken lines road marking),Tangent road with flat terrain,No junction,Asphalt roads,Dry,Daylight,Normal,Vehicle with vehicle collision,4,5,Turnover,na,na,na,na,Self-employed,NormalNormal,Not a Pedestrian,Changing lane to the right,Slight Injury
17:00:00,Friday,31-50,Male,Junior high school,Employee,Above 10yr,Public (12 seats),Owner,,,Office areas,Two-way (divided with broken lines road marking),Tangent road with flat terrain,Crossing,Asphalt roads,Dry,Daylight,Normal,Vehicle with vehicle collision,2,6,Going straight,Passenger,Female,Under 18,3,Self-employed,Normal,Not a Pedestrian,Changing lane to the right,Slight Injury
12:07:00,Wednesday,31-50,Male,Junior high school,Owner,2-5yr,Other,Owner,2-5yrs,,Other,Undivided Two way,Tangent road with flat terrain,Crossing,Asphalt roads,Wet or damp,Daylight,Raining,Vehicle with vehicle collision,2,1,Going straight,Driver or rider,Female,18-30,3,,,Not a Pedestrian,No priority to vehicle,Slight Injury
17:30:00,Wednesday,Under 18,Male,Elementary school,Owner,5-10yr,Long lorry,Governmental,Unknown,,Office areas,One way,Tangent road with flat terrain,Y Shape,Asphalt roads,Dry,Daylight,Normal,Vehicle with vehicle collision,2,1,,Driver or rider,Male,31-50,3,Employee,Normal,Not a Pedestrian,Overspeed,Serious Injury
11:00:00,Monday,31-50,Male,Elementary school,Employee,5-10yr,Lorry (41?100Q),Owner,,No defect,Other,Undivided Two way,Tangent road with flat terrain,Y Shape,Asphalt roads,Wet or damp,Daylight,Normal,Vehicle with vehicle collision,1,1,Going straight,na,na,na,na,Driver,Normal,Not a Pedestrian,No priority to pedestrian,Slight Injury
20:05:00,Friday,18-30,Male,Writing & reading,Employee,5-10yr,Lorry (41?100Q),Owner,5-10yrs,No defect, Industrial areas,Two-way (divided with broken lines road marking),Tangent road with mild grade and flat terrain,Y Shape,Asphalt roads,Dry,Darkness - lights lit,Normal,Collision with roadside objects,2,1,Turnover,na,na,na,na,,,Not a Pedestrian,No distancing,Slight Injury
17:22:00,Monday,31-50,Male,Junior high school,Employee,1-2yr,Lorry (41?100Q),Owner,5-10yrs,,Other,Two-way (divided with broken lines road marking),Tangent road with flat terrain,Unknown,Asphalt roads,Dry,Darkness - lights lit,Normal,Collision with pedestrians,1,1,Overtaking,na,na,na,na,Driver,Normal,Not a Pedestrian,No distancing,Slight Injury
10:50:00,Monday,Unknown,Male,Elementary school,Employee,5-10yr,Stationwagen,Owner,Above 10yr,No defect,Other,Two-way (divided with broken lines road marking),Tangent road with flat terrain,Y Shape,Asphalt roads,Dry,Daylight,Normal,Vehicle with vehicle collision,2,1,Moving Backward,Driver or rider,Male,18-30,3,Driver,Normal,Not a Pedestrian,Driving carelessly,Slight Injury
22:00:00,Wednesday,Under 18,Male,Junior high school,Employee,Above 10yr,Public (> 45 seats),Owner,2-5yrs,No defect,Other,other,Tangent road with flat terrain,No junction,Asphalt roads,Dry,Darkness - lights lit,Unknown,Collision with pedestrians,2,1,Getting off,Pedestrian,Male,18-30,3,Driver,Normal,"Walking along in carriageway, back to traffic",No distancing,Serious Injury
15:40:00,Sunday,Unknown,Female,Junior high school,Employee,Above 10yr,Lorry (41?100Q),Owner,Above 10yr,,Office areas,Undivided Two way,Tangent road with flat terrain,No junction,Asphalt roads,Dry,Daylight,Normal,Vehicle with vehicle collision,3,1,Turnover,Passenger,Female,18-30,3,Driver,Normal,Not a Pedestrian,No distancing,Slight Injury
08:20:00,Wednesday,Under 18,Male,Junior high school,Employee,5-10yr,Automobile,Owner,,No defect,Other,Two-way (divided with broken lines road marking),Tangent road with flat terrain,Crossing,Asphalt roads,Dry,Daylight,Normal,Vehicle with vehicle collision,2,1,Going straight,Driver or rider,Male,31-50,3,Driver,Normal,Not a Pedestrian,Changing lane to the right,Slight Injury
10:45:00,Friday,Over 51,Male,Elementary school,Employee,5-10yr,Special vehicle,Owner,,No defect,Office areas,Two-way (divided with broken lines road marking),Tangent road with flat terrain,No junction,Asphalt roads,Dry,Daylight,Normal,Vehicle with vehicle collision,2,1,Turnover,Driver or rider,Male,Over 51,3,Driver,Normal,Not a Pedestrian,Moving Backward,Slight Injury
16:20:00,Wednesday,18-30,Male,Junior high school,Employee,Above 10yr,Other,Owner,2-5yrs,,Other,Undivided Two way,Tangent road with flat terrain,No junction,Asphalt roads,Wet or damp,Daylight,Raining,Vehicle with vehicle collision,3,1,Going straight,na,na,na,na,,,Not a Pedestrian,Changing lane to the left,Slight Injury
17:45:00,Tuesday,Over 51,Male,,,,Automobile,Owner,Unknown,No defect,Other,Two-way (divided with broken lines road marking),Tangent road with flat terrain,No junction,Asphalt roads,Dry,Daylight,Normal,Vehicle with vehicle collision,2,1,Moving Backward,na,na,na,na,Self-employed,Normal,Not a Pedestrian,Moving Backward,Slight Injury
14:20:00,Friday,31-50,Male,Illiterate,Owner,1-2yr,Automobile,Owner,2-5yrs,No defect,Other,other,Tangent road with flat terrain,Y Shape,Asphalt roads,Dry,Daylight,Normal,Vehicle with vehicle collision,2,1,Moving Backward,na,na,na,na,Driver,Normal,Not a Pedestrian,Driving at high speed,Slight Injury
14:56:00,Tuesday,Over 51,Male,Junior high school,Owner,5-10yr,Other,Owner,Below 1yr,,Office areas,Undivided Two way,Tangent road with flat terrain,Y Shape,Asphalt roads,Dry,Daylight,Normal,Vehicle with vehicle collision,2,1,Getting off,na,na,na,na,Driver,Normal,Not a Pedestrian,Overtaking,Serious Injury
10:36:00,Friday,31-50,Male,Unknown,Employee,Below 1yr,Ridden horse,Owner,Unknown,No defect,Residential areas,Two-way (divided with broken lines road marking),Tangent road with flat terrain,Crossing,Asphalt roads,Dry,Daylight,Normal,Vehicle with vehicle collision,2,1,Going straight,Driver or rider,Female,18-30,3,Self-employed,Normal,Not a Pedestrian,No distancing,Slight Injury
18:40:00,Friday,18-30,Male,Junior high school,Owner,5-10yr,Other,Owner,,,Other,Two-way (divided with broken lines road marking),Tangent road with flat terrain,Y Shape,Asphalt roads,Dry,Daylight,Normal,Vehicle with vehicle collision,2,1,Going straight,na,na,na,na,Self-employed,Normal,Not a Pedestrian,No priority to pedestrian,Serious Injury
18:30:00,Sunday,31-50,Male,Junior high school,Employee,,,Other,Unknown,,Other,Two-way (divided with broken lines road marking),Tangent road with flat terrain,,Asphalt roads,Dry,Daylight,Normal,Vehicle with vehicle collision,1,1,Going straight,na,na,na,na,Driver,Normal,Not a Pedestrian,No priority to pedestrian,Slight Injury
15:17:00,Wednesday,Unknown,Female,Junior high school,Employee,Below 1yr,Lorry (41?100Q),Owner,Above 10yr,,Other,Undivided Two way,Tangent road with flat terrain,Crossing,Earth roads,Dry,Daylight,Normal,Collision with roadside objects,1,1,Going straight,Passenger,Female,18-30,3,,,Not a Pedestrian,No priority to vehicle,Slight Injury
10:13:00,Thursday,Over 51,Male,Junior high school,Employee,5-10yr,Public (12 seats),Owner,5-10yrs,,Other,Undivided Two way,Tangent road with flat terrain,Y Shape,Asphalt roads,Dry,Daylight,Normal,Vehicle with vehicle collision,2,1,Going straight,na,na,na,na,Driver,Normal,Not a Pedestrian,Driving carelessly,Serious Injury
13:00:00,Tuesday,18-30,Male,Elementary school,Owner,5-10yr,Stationwagen,Owner,,No defect,Office areas,Undivided Two way,Tangent road with flat terrain,,Asphalt roads,Dry,Daylight,Normal,Vehicle with vehicle collision,1,2,Going straight,na,na,na,na,,,Not a Pedestrian,Changing lane to the left,Serious Injury
15:16:00,Thursday,Under 18,Male,,,,Automobile,Owner,5-10yrs,No defect, Church areas,Unknown,Tangent road with mountainous terrain and,Y Shape,Asphalt roads,Wet or damp,Daylight,Normal,Collision with pedestrians,2,1,Going straight,Pedestrian,Male,Over 51,2,Driver,Normal,Not a Pedestrian,Other,Slight Injury
16:00:00,Wednesday,18-30,Male,Junior high school,Employee,Above 10yr,Other,Owner,Unknown,,Residential areas,Two-way (divided with broken lines road marking),Tangent road with flat terrain,,Asphalt roads,Dry,Daylight,Normal,Vehicle with vehicle collision,3,2,Other,Pedestrian,Male,18-30,3,Self-employed,Normal,Unknown or other,No priority to pedestrian,Fatal injury
13:29:00,Saturday,18-30,Male,Junior high school,Employee,Above 10yr,Lorry (41?100Q),Owner,Above 10yr,,Office areas,other,Tangent road with mountainous terrain and,,,Dry,Daylight,Normal,Vehicle with vehicle collision,2,1,Other,Driver or rider,Female,18-30,3,Driver,Normal,Not a Pedestrian,No priority to vehicle,Slight Injury