Time,Day_of_week,Age_band_of_driver,Sex_of_driver,Educational_level,Vehicle_driver_relation,Driving_experience,Type_of_vehicle,Owner_of_vehicle,Service_year_of_vehicle,Defect_of_vehicle,Area_accident_occured,Lanes_or_Medians,Road_allignment,Types_of_Junction,Road_surface_type,Road_surface_conditions,Light_conditions,Weather_conditions,Type_of_collision,Number_of_vehicles_involved,Number_of_casualties,Vehicle_movement,Casualty_class,Sex_of_casualty,Age_band_of_casualty,Casualty_severity,Work_of_casuality,Fitness_of_casuality,Pedestrian_movement,Cause_of_accident,Accident_severity
14:57:00,Sunday,Under 18,Female,High school,Owner,2-5yr,,Owner,,No defect, Church areas,Undivided Two way,Tangent road with flat terrain,Crossing,Asphalt roads,Wet or damp,Darkness - lights lit,Raining,Vehicle with vehicle collision,2,1,Moving Backward,Passenger,Female,5,3,Driver,Normal,Not a Pedestrian,Changing lane to the left,Slight Injury
18:30:00,Wednesday,18-30,Male,Junior high school,Employee,1-2yr,Public (> 45 seats),Owner,Above 10yr,No defect,Residential areas,,Tangent road with flat terrain,Crossing,Asphalt roads,Dry,Daylight,Normal,Collision with roadside objects,1,1,Going straight,Driver or rider,Male,Under 18,3,Other,Normal,Not a Pedestrian,Overloading,Slight Injury
20:10:00,Friday,31-50,Male,Junior high school,Employee,Above 10yr,Lorry (11?40Q),,,,Office areas,,Tangent road with mild grade and flat terrain,Y Shape,Asphalt roads,Dry,Daylight,Normal,Collision with pedestrians,3,3,Going straight,Driver or rider,Male,18-30,3,Unemployed,Normal,Not a Pedestrian,Driving carelessly,Slight Injury
22:00:00,Friday,Unknown,Male,Junior high school,Employee,2-5yr,Lorry (41?100Q),Owner,5-10yrs,,Other,Undivided Two way,Tangent road with flat terrain,Y Shape,Asphalt roads,Dry,Darkness - lights lit,Normal,Collision with roadside objects,2,1,Going straight,Driver or rider,Male,31-50,3,,,Not a Pedestrian,No distancing,Slight Injury
18:05:00,Thursday,31-50,Male,Junior high school,Employee,Above 10yr,Automobile,Owner,,No defect,Office areas,Two-way (divided with broken lines road marking),Tangent road with flat terrain,No junction,Asphalt roads,Dry,Darkness - lights lit,Normal,Vehicle with vehicle collision,2,1,Moving Backward,Driver or rider,Male,18-30,3,,,Not a Pedestrian,Changing lane to the right,Serious Injury
18:40:00,Tuesday,18-30,Male,Elementary school,Employee,5-10yr,Lorry (41?100Q),Owner,5-10yrs,No defect,Residential areas,Undivided Two way,Tangent road with flat terrain,Crossing,Asphalt roads,Dry,Darkness - lights lit,Normal,Vehicle with vehicle collision,2,1,Going straight,Driver or rider,Male,Over 51,3,Self-employed,Normal,Not a Pedestrian,Driving under the influence of drugs,Slight Injury
11:40:00,Sunday,18-30,Male,Elementary school,Employee,1-2yr,,Owner,2-5yrs,No defect,Other,Two-way (divided with broken lines road marking),Tangent road with flat terrain,Y Shape,Asphalt roads,Wet or damp,Daylight,Raining and Windy,Collision with roadside objects,2,1,Going straight,Driver or rider,Male,31-50,3,Driver,,Not a Pedestrian,No distancing,Slight Injury
18:52:00,Tuesday,18-30,Male,Junior high school,Employee,1-2yr,Public (> 45 seats),Governmental,,No defect,Residential areas,other,Tangent road with flat terrain,No junction,Asphalt roads,Dry,Darkness - no lighting,Normal,Vehicle with vehicle collision,1,1,Reversing,Driver or rider,Female,18-30,3,Employee,Normal,Not a Pedestrian,Changing lane to the right,Slight Injury
11:55:00,Friday,31-50,Male,Elementary school,Owner,Above 10yr,Public (13?45 seats),Owner,,No defect,Office areas,Two-way (divided with broken lines road marking),Tangent road with flat terrain,,Asphalt roads,Dry,Daylight,Normal,Vehicle with vehicle collision,1,1,Going straight,Driver or rider,Male,18-30,3,Driver,Normal,Not a Pedestrian,Changing lane to the right,Serious Injury
18:55:00,Friday,31-50,Male,High school,Employee,5-10yr,,Other,Unknown,,Other,Two-way (divided with broken lines road marking),Tangent road with flat terrain,Y Shape,Asphalt roads,Dry,Daylight,Normal,Collision with roadside objects,1,2,Going straight,na,na,na,na,Driver,Normal,Not a Pedestrian,Changing lane to the left,Serious Injury
15:35:00,Sunday,18-30,Male,Elementary school,Employee,1-2yr,Lorry (11?40Q),Owner,Unknown,No defect,Other,Two-way (divided with broken lines road marking),Tangent road with flat terrain,No junction,Asphalt roads,Dry,Daylight,Normal,Vehicle with vehicle collision,1,1,Going straight,na,na,na,na,,,Not a Pedestrian,Overturning,Serious Injury
10:27:00,Monday,31-50,Male,Elementary school,Owner,5-10yr,Motorcycle,Owner,2-5yrs,No defect,Office areas,Two-way (divided with broken lines road marking),Tangent road with flat terrain,Y Shape,Asphalt roads,Dry,Daylight,Normal,Vehicle with vehicle collision,2,6,Going straight,Passenger,Male,18-30,3,Driver,Normal,Not a Pedestrian,No distancing,Slight Injury
15:30:00,Monday,18-30,Male,Elementary school,Employee,2-5yr,Automobile,Governmental,Above 10yr,No defect,Other,Two-way (divided with broken lines road marking),Tangent road with flat terrain,Crossing,Asphalt roads,Wet or damp,Daylight,Raining,Collision with pedestrians,2,1,Going straight,Pedestrian,Female,18-30,3,Self-employed,Normal,Crossing from nearside - masked by parked or statioNot a Pedestrianry vehicle,Driving under the influence of drugs,Serious Injury
19:52:00,Wednesday,18-30,Male,Junior high school,Employee,Below 1yr,Lorry (41?100Q),Owner,,,Office areas,Double carriageway (median),Tangent road with flat terrain,No junction,Asphalt roads,Dry,Daylight,Normal,Vehicle with vehicle collision,2,1,Going straight,na,na,na,na,Driver,Normal,Not a Pedestrian,Driving carelessly,Slight Injury
05:17:00,Wednesday,18-30,Male,High school,Owner,2-5yr,Long lorry,Owner,2-5yrs,,Residential areas,Double carriageway (median),Tangent road with flat terrain,Y Shape,Asphalt roads,Wet or damp,Darkness - lights lit,Other,Vehicle with vehicle collision,2,2,Going straight,Driver or rider,Male,18-30,3,,Normal,Not a Pedestrian,Changing lane to the right,Slight Injury
20:40:00,Friday,31-50,Male,Junior high school,Employee,Above 10yr,Automobile,,,,Office areas,Two-way (divided with broken lines road marking),Tangent road with flat terrain,Y Shape,Asphalt roads,Wet or damp,Daylight,Raining,Collision with roadside objects,2,2,Going straight,Driver or rider,Male,31-50,3,Self-employed,Normal,Not a Pedestrian,No distancing,Slight Injury
17:35:00,Saturday,Over 51,Male,Junior high school,Employee,5-10yr,Lorry (41?100Q),Owner,Above 10yr,No defect,Other,One way,Steep grade downward with mountainous terrain,Crossing,Asphalt roads,Wet or damp,Darkness - lights lit,Raining,Collision with roadside objects,2,2,Going straight,na,na,na,na,Other,Normal,Not a Pedestrian,No priority to vehicle,Slight Injury
12:05:00,Thursday,18-30,Male,Junior high school,Employee,5-10yr,,Owner,Above 10yr,,Residential areas,Undivided Two way,Tangent road with flat terrain,Crossing,Asphalt roads,Dry,Daylight,Normal,Vehicle with vehicle collision,2,2,Going straight,Pedestrian,Male,18-30,3,Driver,Normal,Unknown or other,Moving Backward,Slight Injury
08:35:00,Wednesday,31-50,Male,Above high school,Employee,5-10yr,Public (12 seats),Owner,,No defect,Other,Two-way (divided with broken lines road marking),Tangent road with flat terrain,Y Shape,Gravel roads,Wet or damp,Daylight,Windy,Vehicle with vehicle collision,2,1,Going straight,Passenger,Female,18-30,3,Driver,Normal,Not a Pedestrian,Changing lane to the right,Slight Injury
18:12:00,Wednesday,31-50,Male,Junior high school,,Below 1yr,Lorry (11?40Q),Owner,,No defect,Office areas,Two-way (divided with solid lines road marking),Tangent road with flat terrain,No junction,Asphalt roads,Dry,Daylight,Normal,Collision with roadside objects,2,3,,na,na,na,na,,,Not a Pedestrian,No distancing,Slight Injury
10:00:00,Monday,31-50,Male,Elementary school,Owner,,Public (13?45 seats),Owner,,No defect,Other,Double carriageway (median),Steep grade downward with mountainous terrain,Y Shape,Asphalt roads,Dry,Daylight,Normal,Vehicle with vehicle collision,2,1,Going straight,na,na,na,na,Driver,Normal,Not a Pedestrian,No priority to pedestrian,Slight Injury
18:57:00,Wednesday,18-30,Male,Junior high school,Employee,2-5yr,Lorry (41?100Q),Owner,Unknown,No defect,,other,Tangent road with flat terrain,Crossing,Asphalt roads,Dry,Daylight,Normal,Collision with roadside objects,2,1,Going straight,Driver or rider,Male,31-50,2,,,Not a Pedestrian,No priority to pedestrian,Slight Injury
08:30:00,Wednesday,18-30,Male,Junior high school,Employee,5-10yr,Automobile,Owner,,No defect,Other,Two-way (divided with broken lines road marking),Tangent road with flat terrain,Crossing,Asphalt roads,Dry,Daylight,Normal,Vehicle with vehicle collision,3,1,Going straight,na,na,na,na,,Normal,Not a Pedestrian,Changing lane to the right,Slight Injury
19:35:00,Friday,Over 51,Male,Junior high school,Employee,1-2yr,Automobile,Owner,,,Other,Two-way (divided with broken lines road marking),Tangent road with flat terrain,No junction,Asphalt roads,Wet or damp,Darkness - lights lit,Normal,Vehicle with vehicle collision,1,1,Going straight,na,na,na,na,,,Not a Pedestrian,Other,Serious Injury
01:55:00,Saturday,18-30,Male,Junior high school,Employee,1-2yr,Other,Owner,2-5yrs,No defect,Other,Double carriageway (median),Tangent road with mild grade and flat terrain,Crossing,Asphalt roads,Dry,Darkness - lights lit,Normal,Collision with animals,4,1,Other,na,na,na,na,Employee,Normal,Not a Pedestrian,Drunk driving,Slight Injury
21:15:00,Sunday,31-50,Male,Junior high school,Employee,Above 10yr,Pick up upto 10Q,Governmental,2-5yrs,,  Recreational areas,Undivided Two way,Tangent road with flat terrain,No junction,Asphalt roads,Dry,Darkness - lights lit,Normal,Vehicle with vehicle collision,2,4,Moving Backward,Passenger,Male,Under 18,3,Driver,Normal,Not a Pedestrian,Changing lane to the right,Fatal injury
16:00:00,Wednesday,18-30,Male,Elementary school,Employee,1-2yr,Public (12 seats),Owner,2-5yrs,No defect,Residential areas,Undivided Two way,Tangent road with flat terrain,Y Shape,Asphalt roads,Dry,Daylight,Normal,Vehicle with vehicle collision,3,1,Going straight,na,na,na,na,,,Not a Pedestrian,Changing lane to the right,Slight Injury
18:00:00,Saturday,31-50,Male,Unknown,Employee,Above 10yr,,Owner,Unknown,No defect,Office areas,One way,Tangent road with flat terrain,Y Shape,Asphalt roads,Wet or damp,Darkness - lights lit,Normal,Vehicle with vehicle collision,2,1,Getting off,Pedestrian,Male,31-50,2,Unemployed,Normal,Unknown or other,Changing lane to the right,Slight Injury
13:30:00,Tuesday,18-30,Male,Junior high school,Employee,Below 1yr,,Owner,Above 10yr,,Other,other,Tangent road with flat terrain,Other,Asphalt roads,Dry,Daylight,Normal,Collision with roadside objects,2,1,Going straight,Passenger,Female,Under 18,3,,,Not a Pedestrian,Changing lane to the left,Slight Injury
17:18:00,Sunday,18-30,Male,High school,Employee,2-5yr,,,,,,,,No junction,Asphalt roads,Dry,Daylight,Normal,Collision with roadside objects,2,3,Other,na,na,na,na,Driver,Normal,Not a Pedestrian,Driving under the influence of drugs,Slight Injury
15:20:00,Friday,Unknown,Female,Junior high school,Owner,5-10yr,Other,Owner,1-2yr,No defect,Office areas,Undivided Two way,Tangent road with flat terrain,No junction,Asphalt roads,Dry,Daylight,Unknown,Vehicle with vehicle collision,2,1,Going straight,Passenger,Female,Under 18,3,Self-employed,Normal,Not a Pedestrian,No priority to pedestrian,Slight Injury
22:05:00,Wednesday,Unknown,Female,Junior high school,Employee,,Automobile,Owner,Unknown,No defect,Office areas,Two-way (divided with broken lines road marking),Tangent road with flat terrain,Crossing,Asphalt roads,Dry,Darkness - lights lit,Normal,Vehicle with vehicle collision,2,1,Going straight,na,na,na,na,Driver,Normal,Not a Pedestrian,Moving Backward,Slight Injury
07:20:00,Wednesday,18-30,Male,Elementary school,Employee,Below 1yr,Public (12 seats),Owner,Above 10yr,No defect,Other,other,Tangent road with flat terrain,Y Shape,Asphalt roads,Wet or damp,Daylight,Normal,Collision with animals,1,1,Going straight,Driver or rider,Male,31-50,3,,Normal,Not a Pedestrian,Overloading,Serious Injury
18:57:00,Thursday,18-30,Unknown,Elementary school,Employee,5-10yr,,Owner,Unknown,,Other,,Tangent road with flat terrain,Crossing,Asphalt roads,Dry,Darkness - lights lit,Normal,Vehicle with vehicle collision,2,1,Going straight,na,na,na,na,Driver,Normal,Not a Pedestrian,No priority to vehicle,Slight Injury
19:02:00,Thursday,Over 51,Male,Junior high school,Employee,Below 1yr,Automobile,Owner,Unknown,No defect,  Recreational areas,Two-way (divided with broken lines road marking),Tangent road with flat terrain,Y Shape,Asphalt roads,Wet or damp,Daylight,Raining,Vehicle with vehicle collision,2,1,Reversing,Driver or rider,Male,18-30,3,Self-employed,Normal,Not a Pedestrian,Changing lane to the right,Slight Injury
19:52:00,Wednesday,Over 51,Male,Junior high school,Employee,1-2yr,Public (12 seats),Owner,2-5yrs,,Other,Two-way (divided with broken lines road marking),Tangent road with flat terrain,No junction,Asphalt roads,Dry,Daylight,Normal,Vehicle with vehicle collision,2,1,Other,na,na,na,na,Driver,Normal,Not a Pedestrian,Moving Backward,Slight Injury
15:39:00,Thursday,Unknown,Male,Junior high school,Employee,5-10yr,Public (12 seats),Organization,Unknown,,  Recreational areas,Two-way (divided with broken lines road marking),Tangent road with flat terrain,Y Shape,Asphalt roads,Dry,Daylight,Normal,Vehicle with vehicle collision,2,2,Going straight,Pedestrian,Female,18-30,3,,,Not a Pedestrian,No distancing,Slight Injury
17:35:00,Saturday,18-30,Male,Junior high school,Employee,Above 10yr,Automobile,Owner,Above 10yr,No defect,Residential areas,Undivided Two way,Tangent road with flat terrain,Crossing,Asphalt roads,Wet or damp,Darkness - lights lit,Raining,Collision with roadside objects,2,2,Going straight,Driver or rider,Male,Under 18,3,Driver,Normal,Not a Pedestrian,Overturning,Slight Injury
17:05:00,Tuesday,18-30,Male,Junior high school,Owner,5-10yr,Public (12 seats),Owner,Above 10yr,,  Market areas,other,Steep grade downward with mountainous terrain,Crossing,Asphalt roads,Dry,Darkness - lights lit,Normal,Vehicle with vehicle collision,1,1,Moving Backward,na,na,na,na,,,Not a Pedestrian,No distancing,Slight Injury
22:42:00,Friday,18-30,Male,High school,Owner,Above 10yr,Automobile,Owner,5-10yrs,No defect,Residential areas,Undivided Two way,Tangent road with flat terrain,No junction,Asphalt roads,Dry,Darkness - lights lit,Normal,Collision with pedestrians,1,1,Going straight,Driver or rider,Male,18-30,2,Employee,Normal,Not a Pedestrian,Driving carelessly,Slight Injury
13:50:00,Monday,31-50,Male,Junior high school,Employee,2-5yr,Lorry (41?100Q),Owner,1-2yr,No defect,Other,other,Tangent road with flat terrain,No junction,Asphalt roads,Dry,Daylight,Normal,Collision with pedestrians,2,1,Overtaking,na,na,na,na,Driver,Normal,Not a Pedestrian,Changing lane to the right,Slight Injury
10:43:00,Saturday,18-30,Male,Junior high school,Employee,5-10yr,Long lorry,Owner,5-10yrs,No defect,Office areas,Two-way (divided with broken lines road marking),,O Shape,Asphalt roads,Wet or damp,Daylight,Normal,Vehicle with vehicle collision,2,1,Going straight,Driver or rider,Male,31-50,3,Driver,Normal,Not a Pedestrian,Overtaking,Slight Injury
12:14:00,Saturday,18-30,Male,Elementary school,Employee,2-5yr,Public (12 seats),Governmental,Above 10yr,No defect,Other,Two-way (divided with broken lines road marking),Tangent road with flat terrain,No junction,Asphalt roads,Dry,Daylight,Normal,Vehicle with vehicle collision,2,3,Going straight,Pedestrian,Female,Over 51,3,Driver,Normal,Not a Pedestrian,No distancing,Serious Injury
21:42:00,Saturday,31-50,Male,Junior high school,Employee,2-5yr,Stationwagen,Owner,,,Other,other,Tangent road with flat terrain,Y Shape,Asphalt roads,Wet or damp,Darkness - lights lit,Normal,Vehicle with vehicle collision,1,1,Other,Passenger,Female,Over 51,3,Driver,Normal,Not a Pedestrian,No priority to vehicle,Serious Injury
18:00:00,Friday,31-50,Male,Writing & reading,Employee,5-10yr,Stationwagen,Owner,Above 10yr,No defect, Church areas,other,Tangent road with flat terrain,No junction,Asphalt roads,Dry,Darkness - lights lit,Normal,Vehicle with vehicle collision,2,1,Going straight,na,na,na,na,Self-employed,Normal,Not a Pedestrian,Changing lane to the left,Slight Injury
17:36:00,Friday,18-30,Male,,,,Special vehicle,Owner,Above 10yr,,Other,Undivided Two way,Tangent road with flat terrain,No junction,Asphalt roads,Dry,Daylight,Normal,Vehicle with vehicle collision,2,1,Going straight,Driver or rider,Male,5,3,Driver,Normal,Not a Pedestrian,Driving carelessly,Slight Injury
18:13:00,Tuesday,31-50,Male,Elementary school,Owner,5-10yr,,Owner,1-2yr,,School areas,Undivided Two way,Tangent road with flat terrain,,Asphalt roads,Dry,Daylight,Normal,Rollover,2,2,Going straight,na,na,na,na,,Normal,Not a Pedestrian,Overtaking,Slight Injury
20:30:00,Sunday,Over 51,Male,Junior high school,Employee,Above 10yr,Automobile,Governmental,2-5yrs,,Other,Two-way (divided with broken lines road marking),Tangent road with flat terrain,Y Shape,Asphalt roads,Dry,Daylight,Normal,Vehicle with vehicle collision,3,1,U-Turn,na,na,na,na,,,Not a Pedestrian,Changing lane to the right,Slight Injury
01:55:00,Saturday,Unknown,Male,Junior high school,Employee,5-10yr,Pick up upto 10Q,Owner,,No defect,Other,Two-way (divided with broken lines road marking),Tangent road with flat terrain,Crossing,Gravel roads,Dry,Darkness - lights lit,Normal,Collision with animals,4,1,Going straight,Pedestrian,Male,Under 18,3,Other,Normal,Unknown or other,Moving Backward,Slight Injury
09:09:00,Monday,Over 51,Male,Junior high school,Employee,2-5yr,Public (12 seats),Owner,Unknown,No defect,Residential areas,Undivided Two way,Tangent road with flat terrain,Y Shape,Earth roads,Dry,Daylight,Raining,Collision with roadside objects,4,3,Going straight,Pedestrian,Male,31-50,3,,,Not a Pedestrian,Other,Slight Injury
16:40:00,Tuesday,31-50,Male,Junior high school,Employee,5-10yr,Pick up upto 10Q,Owner,Unknown,,Office areas,Undivided Two way,Tangent road with flat terrain,Y Shape,Asphalt roads,Dry,Daylight,Normal,Rollover,2,1,Reversing,Driver or rider,Male,18-30,3,,,Not a Pedestrian,Turnover,Fatal injury
16:45:00,Tuesday,Under 18,Male,Elementary school,Owner,2-5yr,Automobile,Owner,Above 10yr,No defect,Residential areas,other,Tangent road with flat terrain,Y Shape,Other,Dry,Daylight,Normal,Vehicle with vehicle collision,3,3,Going straight,na,na,na,na,,,Not a Pedestrian,Moving Backward,Serious Injury
17:35:00,Saturday,Over 51,Male,,,,Other,Owner,5-10yrs,,Office areas,Undivided Two way,Tangent road with mountainous terrain and,Crossing,Asphalt roads,Wet or damp,Daylight,Raining,Vehicle with vehicle collision,1,1,Going straight,na,na,na,na,Employee,Normal,Not a Pedestrian,Changing lane to the right,Serious Injury
09:35:00,Monday,31-50,Male,Junior high school,Employee,1-2yr,Public (12 seats),Owner,Unknown,No defect,Other,Undivided Two way,Tangent road with flat terrain,No junction,Asphalt roads,Dry,Daylight,Normal,Vehicle with vehicle collision,2,2,,na,na,na,na,,,Not a Pedestrian,No priority to pedestrian,Fatal injury
09:25:00,Friday,31-50,Male,Illiterate,Employee,2-5yr,Public (13?45 seats),Owner,,,Office areas,,Tangent road with mild grade and flat terrain,,Asphalt roads,Dry,Daylight,Normal,Vehicle with vehicle collision,2,1,Reversing,na,na,na,na,,,Not a Pedestrian,Changing lane to the right,Slight Injury
17:10:00,Thursday,31-50,Male,Junior high school,Employee,1-2yr,Other,Owner,Below 1yr,No defect,Residential areas,Two-way (divided with broken lines road marking),Tangent road with flat terrain,Y Shape,Asphalt roads,Dry,Darkness - lights lit,Normal,Vehicle with vehicle collision,2,1,Going straight,na,na,na,na,Driver,Normal,Not a Pedestrian,Overloading,Fatal injury
10:10:00,Saturday,Over 51,Male,Junior high school,Employee,5-10yr,Automobile,Owner,2-5yrs,,Residential areas,One way,Tangent road with flat terrain,Y Shape,Asphalt roads,Dry,Daylight,Normal,Vehicle with vehicle collision,2,1,Going straight,Passenger,Male,Under 18,3,Driver,Normal,Not a Pedestrian,No priority to pedestrian,Slight Injury
15:00:00,Wednesday,Unknown,Male,Elementary school,Employee,5-10yr,Automobile,Owner,,, Industrial areas,Undivided Two way,Tangent road with flat terrain,No junction,Asphalt roads,Dry,Daylight,Normal,Collision with roadside objects,2,1,Going straight,Driver or rider,Male,Under 18,3,Driver,Normal,Not a Pedestrian,Overturning,Slight Injury
04:00:00,Friday,18-30,Unknown,,Owner,5-10yr,Pick up upto 10Q,Owner,Above 10yr,No defect,Office areas,Two-way (divided with broken lines road marking),Tangent road with flat terrain,Y Shape,Asphalt roads,Wet or damp,Darkness - lights lit,Raining,Vehicle with vehicle collision,1,4,Going straight,Driver or rider,Female,Over 51,3,Driver,,Not a Pedestrian,Changing lane to the right,Slight Injury
14:33:00,Sunday,31-50,Male,Junior high school,Employee,2-5yr,Automobile,Organization,5-10yrs,,Residential areas,Two-way (divided with broken lines road marking),Tangent road with flat terrain,Y Shape,Asphalt roads,Dry,Daylight,Normal,Collision with animals,3,2,Going straight,Passenger,Female,Under 18,3,Driver,Normal,Not a Pedestrian,Moving Backward,Slight Injury
20:51:00,Tuesday,18-30,Male,Junior high school,Employee,5-10yr,Lorry (41?100Q),Owner,2-5yrs,No defect,Residential areas,Two-way (divided with broken lines road marking),Tangent road with flat terrain,Y Shape,Asphalt roads,Wet or damp,Darkness - lights lit,Windy,Vehicle with vehicle collision,1,1,Going straight,na,na,na,na,Driver,Normal,Not a Pedestrian,Driving carelessly,Serious Injury
19:35:00,Friday,Over 51,Male,Junior high school,Employee,1-2yr,Automobile,Owner,,,Other,Two-way (divided with broken lines road marking),Tangent road with flat terrain,No junction,Asphalt roads,Wet or damp,Darkness - lights lit,Normal,Vehicle with vehicle collision,1,1,Going straight,na,na,na,na,,,Not a Pedestrian,Other,Serious Injury
16:00:00,Friday,Under 18,Male,Junior high school,Employee,1-2yr,Lorry (41?100Q),Owner,,No defect,Office areas,Two-way (divided with broken lines road marking),Tangent road with flat terrain,Y Shape,Asphalt roads,Dry,Daylight,Normal,Vehicle with vehicle collision,3,1,Reversing,Driver or rider,Male,Under 18,3,Self-employed,Normal,Not a Pedestrian,Driving carelessly,Serious Injury
12:15:00,Tuesday,Over 51,Male,Junior high school,Employee,Above 10yr,Automobile,Owner,5-10yrs,,Residential areas,Undivided Two way,Tangent road with flat terrain,Y Shape,Asphalt roads,Wet or damp,Daylight,Normal,Collision with roadside objects,2,3,Going straight,Driver or rider,Male,18-30,2,Self-employed,Normal,Not a Pedestrian,Changing lane to the right,Fatal injury
14:35:00,Wednesday,18-30,Male,Junior high school,Employee,Below 1yr,Lorry (41?100Q),Owner,Unknown,, Industrial areas,Two-way (divided with broken lines road marking),Tangent road with flat terrain,Other,Asphalt roads,Dry,Daylight,Normal,Collision with pedestrians,2,2,Going straight,Driver or rider,Female,Under 18,3,,,Not a Pedestrian,No distancing,Serious Injury
14:23:00,Wednesday,31-50,Male,Junior high school,Owner,5-10yr,Lorry (41?100Q),Owner,5-10yrs,No defect,Other,Two-way (divided with broken lines road marking),Tangent road with rolling terrain,Crossing,Asphalt roads,Wet or damp,Daylight,Normal,Vehicle with vehicle collision,1,1,Going straight,Driver or rider,Male,18-30,3,,Normal,Not a Pedestrian,Turnover,Slight Injury
20:36:00,Thursday,18-30,Male,Junior high school,Employee,Above 10yr,Motorcycle,Owner,Unknown,No defect,Office areas,Undivided Two way,Tangent road with flat terrain,No junction,Asphalt roads,Dry,Darkness - lights lit,Normal,Collision with pedestrians,1,1,Entering a junction,Driver or rider,Male,18-30,2,,Normal,Not a Pedestrian,Driving under the influence of drugs,Fatal injury
10:43:00,Saturday,31-50,Male,Junior high school,Employee,2-5yr,Public (12 seats),Owner,2-5yrs,No defect,Other,Two-way (divided with broken lines road marking),Tangent road with flat terrain,O Shape,Asphalt roads,Wet or damp,Daylight,Normal,Vehicle with vehicle collision,2,1,Going straight,Driver or rider,Male,Under 18,2,Driver,Normal,Not a Pedestrian,Other,Slight Injury
13:00:00,Saturday,31-50,Male,Junior high school,Owner,5-10yr,Long lorry,Owner,Above 10yr,,Office areas,other,Tangent road with mountainous terrain and,Y Shape,Asphalt roads,Wet or damp,Daylight,Normal,Collision with roadside objects,3,5,Going straight,na,na,na,na,Other,Normal,Not a Pedestrian,Drunk driving,Slight Injury
17:53:00,Wednesday,Unknown,Female,Junior high school,Employee,1-2yr,Lorry (41?100Q),Governmental,Unknown,No defect,School areas,Double carriageway (median),Tangent road with flat terrain,Y Shape,Asphalt roads,Dry,Darkness - lights lit,Normal,Vehicle with vehicle collision,1,1,Going straight,na,na,na,na,,,Not a Pedestrian,Driving under the influence of drugs,Slight Injury
11:00:00,Saturday,18-30,Male,Junior high school,Employee,5-10yr,Lorry (41?100Q),Governmental,Below 1yr,No defect,Residential areas,other,Steep grade downward with mountainous terrain,Crossing,,Dry,Daylight,Normal,Collision with roadside objects,2,1,Going straight,Driver or rider,Male,18-30,3,Driver,Normal,Not a Pedestrian,Other,Slight Injury
12:15:00,Sunday,18-30,Unknown,Junior high school,Employee,1-2yr,Lorry (41?100Q),Owner,,No defect,Other,Double carriageway (median),Tangent road with flat terrain,Y Shape,Asphalt roads,Dry,Daylight,Normal,Collision with roadside objects,2,1,Going straight,na,na,na,na,,,Not a Pedestrian,No priority to vehicle,Slight Injury
12:25:00,Tuesday,Unknown,Female,High school,Owner,2-5yr,Automobile,Owner,,,Other,Two-way (divided with broken lines road marking),Tangent road with flat terrain,No junction,Asphalt roads,Dry,Daylight,Normal,Vehicle with vehicle collision,2,1,Going straight,Driver or rider,Male,31-50,3,Self-employed,Normal,Not a Pedestrian,Moving Backward,Slight Injury
18:48:00,Wednesday,31-50,Male,Junior high school,Employee,2-5yr,Lorry (11?40Q),Owner,2-5yrs,No defect,Other,Two-way (divided with broken lines road marking),Tangent road with flat terrain,Crossing,Asphalt roads,Wet or damp,Darkness - lights lit,Normal,Rollover,2,1,Reversing,Passenger,Male,5,3,Self-employed,Normal,Not a Pedestrian,Changing lane to the left,Serious Injury
07:25:00,Friday,31-50,Male,Elementary school,Owner,Above 10yr,Other,Owner,1-2yr,No defect,Other,Undivided Two way,Tangent road with flat terrain,,Asphalt roads,Wet or damp,Daylight,Raining,Vehicle with vehicle collision,2,1,Going straight,Pedestrian,Male,18-30,3,Driver,Normal,Unknown or other,Driving under the influence of drugs,Slight Injury
21:55:00,Monday,18-30,Male,Junior high school,Owner,Above 10yr,Automobile,Owner,2-5yrs,,Office areas,Double carriageway (median),Tangent road with flat terrain,No junction,Asphalt roads,Dry,Darkness - lights lit,Normal,Vehicle with vehicle collision,2,1,Going straight,na,na,na,na,,,Not a Pedestrian,No distancing,Slight Injury
11:10:00,Thursday,Over 51,Male,Junior high school,Employee,2-5yr,Public (12 seats),Owner,Unknown,No defect,School areas,,Tangent road with flat terrain,No junction,Asphalt roads,Dry,Daylight,Normal,Vehicle with vehicle collision,1,1,Going straight,na,na,na,na,Driver,Normal,Not a Pedestrian,Driving carelessly,Slight Injury
17:40:00,Thursday,31-50,Male,Junior high school,,Below 1yr,Lorry (11?40Q),Owner,2-5yrs,No defect,Other,other,Tangent road with flat terrain,Y Shape,Asphalt roads,Wet or damp,Darkness - lights lit,Cloudy,Collision with roadside objects,2,1,Other,na,na,na,na,Other,Normal,Not a Pedestrian,No distancing,Slight Injury
16:25:00,Sunday,18-30,Male,Junior high school,Owner,Above 10yr,Public (13?45 seats),Owner,1-2yr,,Office areas,Two-way (divided with broken lines road marking),Tangent road with flat terrain,No junction,Asphalt roads,Wet or damp,Daylight,Raining,Collision with roadside objects,2,4,Reversing,na,na,na,na,Self-employed,Normal,Not a Pedestrian,Moving Backward,Fatal injury
15:03:00,Tuesday,Over 51,Male,Writing & reading,Owner,5-10yr,Lorry (11?40Q),Governmental,Unknown,,Office areas,One way,Tangent road with flat terrain,No junction,Gravel roads,Dry,Daylight,Normal,Vehicle with vehicle collision,3,1,Going straight,Passenger,Male,18-30,3,Driver,Normal,Not a Pedestrian,Changing lane to the left,Slight Injury