Time,Day_of_week,Age_band_of_driver,Sex_of_driver,Educational_level,Vehicle_driver_relation,Driving_experience,Type_of_vehicle,Owner_of_vehicle,Service_year_of_vehicle,Defect_of_vehicle,Area_accident_occured,Lanes_or_Medians,Road_allignment,Types_of_Junction,Road_surface_type,Road_surface_conditions,Light_conditions,Weather_conditions,Type_of_collision,Number_of_vehicles_involved,Number_of_casualties,Vehicle_movement,Casualty_class,Sex_of_casualty,Age_band_of_casualty,Casualty_severity,Work_of_casuality,Fitness_of_casuality,Pedestrian_movement,Cause_of_accident,Accident_severity
03:55:00,Monday,18-30,Male,Junior high school,Employee,2-5yr,,Owner,,No defect,Residential areas,Undivided Two way,Tangent road with flat terrain,,Asphalt roads,Wet or damp,Darkness - lights lit,Normal,Vehicle with vehicle collision,2,1,Going straight,Passenger,Male,18-30,3,Driver,Normal,Not a Pedestrian,Improper parking,Slight Injury
18:03:00,Wednesday,31-50,Male,Junior high school,,1-2yr,Other,,1-2yr,No defect,Other,Two-way (divided with broken lines road marking),Tangent road with flat terrain,Y Shape,Other,Dry,Daylight,Normal,Vehicle with vehicle collision,1,1,Turnover,na,na,na,na,,,Not a Pedestrian,Driving carelessly,Slight Injury
14:30:00,Wednesday,Over 51,Male,Elementary school,Owner,Below 1yr,Bicycle,Owner,,No defect, Industrial areas,Undivided Two way,Tangent road with flat terrain,No junction,Asphalt roads,Dry,Daylight,Normal,Collision with pedestrians,2,2,Going straight,Driver or rider,Male,18-30,3,Other,Normal,Not a Pedestrian,Changing lane to the left,Slight Injury
20:40:00,Saturday,18-30,Male,Junior high school,Employee,Below 1yr,Stationwagen,Owner,,No defect,Office areas,Two-way (divided with broken lines road marking),Tangent road with flat terrain,Crossing,Asphalt roads,Dry,Darkness - lights lit,Normal,Vehicle with vehicle collision,2,1,Going straight,Driver or rider,Male,Over 51,3,,,Not a Pedestrian,Changing lane to the right,Slight Injury
18:08:00,Saturday,18-30,Male,Above high school,Owner,5-10yr,Automobile,Governmental,Below 1yr,No defect,Residential areas,Undivided Two way,Tangent road with flat terrain,Y Shape,Asphalt roads,Dry,Darkness - no lighting,Normal,Vehicle with vehicle collision,2,4,Going straight,Passenger,Female,31-50,3,Driver,Normal,Not a Pedestrian,No priority to pedestrian,Fatal injury
12:10:00,Saturday,18-30,Male,Junior high school,Owner,2-5yr,Stationwagen,Owner,Above 10yr,No defect,Other,Two-way (divided with broken lines road marking),Tangent road with flat terrain,No junction,Asphalt roads,Dry,Daylight,Normal,Collision with roadside objects,1,1,Moving Backward,Pedestrian,Female,Over 51,2,Driver,Normal,Unknown or other,Driving carelessly,Fatal injury
19:33:00,Wednesday,Over 51,Male,,Owner,5-10yr,Public (12 seats),Owner,,No defect,Office areas,Two-way (divided with broken lines road marking),Tangent road with flat terrain,Crossing,Asphalt roads,Dry,Darkness - lights lit,Normal,Vehicle with vehicle collision,2,1,Going straight,Driver or rider,Male,31-50,3,,,Not a Pedestrian,Changing lane to the left,Slight Injury
18:35:00,Wednesday,Under 18,Male,Junior high school,Employee,Above 10yr,Lorry (41?100Q),Governmental,,,Office areas,Two-way (divided with broken lines road marking),Tangent road with flat terrain,Y Shape,Asphalt roads,Wet or damp,Darkness - lights lit,Normal,Vehicle with vehicle collision,2,1,Going straight,Driver or rider,Male,31-50,3,Driver,Normal,Not a Pedestrian,Driving carelessly,Serious Injury
18:25:00,Wednesday,Over 51,Male,High school,Owner,2-5yr,Automobile,Owner,2-5yrs,No defect,Other,Double carriageway (median),Tangent road with mild grade and flat terrain,Crossing,Asphalt roads,Dry,Daylight,Normal,Collision with pedestrians,3,1,Getting off,na,na,na,na,,,Not a Pedestrian,No distancing,Slight Injury
16:50:00,Wednesday,31-50,Male,Elementary school,Employee,2-5yr,Public (13?45 seats),Owner,Unknown,,Office areas,Undivided Two way,Tangent road with flat terrain,No junction,Asphalt roads,Dry,Daylight,Normal,Vehicle with vehicle collision,2,2,Going straight,Driver or rider,Male,31-50,2,,,Not a Pedestrian,Changing lane to the left,Slight Injury
20:35:00,Monday,31-50,Male,Junior high school,Employee,Above 10yr,Public (13?45 seats),,,,Other,Double carriageway (median),Tangent road with flat terrain,Crossing,Asphalt roads,Wet or damp,Darkness - lights lit,Raining,Collision with roadside objects,2,3,Going straight,Driver or rider,Male,31-50,3,Driver,Normal,Not a Pedestrian,No distancing,Slight Injury
11:29:00,Saturday,Over 51,Male,Junior high school,Employee,Above 10yr,Lorry (41?100Q),Owner,Unknown,No defect,Other,Undivided Two way,Tangent road with flat terrain,,,Dry,Daylight,Normal,Collision with roadside objects,2,1,Going straight,na,na,na,na,,Normal,Not a Pedestrian,Driving carelessly,Serious Injury
11:45:00,Saturday,Unknown,Male,Elementary school,Employee,5-10yr,Automobile,Owner,1-2yr,,Office areas,Undivided Two way,Tangent road with mountainous terrain and,,Asphalt roads,Dry,Daylight,Normal,Vehicle with vehicle collision,1,2,Entering a junction,na,na,na,na,Driver,Normal,Not a Pedestrian,No distancing,Serious Injury
19:02:00,Tuesday,18-30,Male,Elementary school,Employee,5-10yr,Long lorry,Owner,2-5yrs,No defect,Residential areas,Double carriageway (median),Tangent road with flat terrain,Other,Asphalt roads,Dry,Daylight,Normal,Vehicle with vehicle collision,2,2,Going straight,Pedestrian,Male,Under 18,3,Self-employed,Normal,Unknown or other,No distancing,Serious Injury
15:30:00,Saturday,18-30,Male,Above high school,Employee,5-10yr,Automobile,Owner,5-10yrs,, Industrial areas,Undivided Two way,Tangent road with flat terrain,,Asphalt roads,Wet or damp,Daylight,Normal,Vehicle with vehicle collision,2,1,Going straight,na,na,na,na,Driver,Normal,Not a Pedestrian,Changing lane to the left,Slight Injury
15:45:00,Thursday,Under 18,Male,Junior high school,Employee,Above 10yr,Lorry (41?100Q),Owner,,,Other,Undivided Two way,Tangent road with flat terrain,Y Shape,Asphalt roads,Dry,Daylight,Normal,Vehicle with vehicle collision,2,1,Going straight,na,na,na,na,Other,Normal,Not a Pedestrian,Changing lane to the left,Serious Injury
18:45:00,Tuesday,18-30,Male,Junior high school,Owner,Below 1yr,,Owner,Unknown,No defect,Residential areas,Undivided Two way,Tangent road with flat terrain,O Shape,Asphalt roads,Wet or damp,Darkness - lights lit,Raining,Collision with roadside objects,2,1,Moving Backward,Passenger,Male,18-30,3,,,Not a Pedestrian,Driving carelessly,Serious Injury
08:50:00,Thursday,18-30,Male,Junior high school,Employee,2-5yr,Long lorry,Owner,Above 10yr,No defect, Church areas,other,Tangent road with flat terrain,,Asphalt roads,Dry,Daylight,Normal,Vehicle with vehicle collision,2,3,Going straight,Driver or rider,Male,Under 18,3,Driver,Normal,Not a Pedestrian,Changing lane to the right,Slight Injury
22:35:00,Thursday,18-30,Male,High school,Employee,Below 1yr,Public (12 seats),Owner,Unknown,,Office areas,Undivided Two way,Tangent road with flat terrain,No junction,Asphalt roads,Dry,Darkness - no lighting,Normal,Vehicle with vehicle collision,1,2,Going straight,Driver or rider,Male,Under 18,3,Employee,Normal,Not a Pedestrian,No priority to vehicle,Serious Injury
14:40:00,Friday,31-50,Male,Junior high school,Employee,5-10yr,Lorry (11?40Q),Owner,2-5yrs,,Other,Undivided Two way,Tangent road with mountainous terrain and,Y Shape,Asphalt roads,Dry,Daylight,Normal,Vehicle with vehicle collision,1,1,Going straight,na,na,na,na,Self-employed,Normal,Not a Pedestrian,Changing lane to the right,Serious Injury
13:18:00,Thursday,Over 51,Male,Junior high school,Employee,2-5yr,Lorry (41?100Q),,,, Church areas,,Tangent road with flat terrain,Unknown,Asphalt roads,Dry,Daylight,Normal,Vehicle with vehicle collision,2,1,Going straight,Pedestrian,Male,18-30,3,Driver,Normal,Unknown or other,No priority to vehicle,Slight Injury
22:50:00,Saturday,Under 18,Male,High school,Employee,2-5yr,Automobile,Owner,Unknown,No defect,School areas,Undivided Two way,Tangent road with flat terrain,No junction,Asphalt roads,Dry,Darkness - lights lit,Normal,Vehicle with vehicle collision,1,2,Going straight,Pedestrian,Female,18-30,3,Driver,Normal,Crossing from nearside - masked by parked or statioNot a Pedestrianry vehicle,No priority to pedestrian,Serious Injury
22:05:00,Friday,18-30,Male,Junior high school,Employee,Above 10yr,Other,Owner,Unknown,No defect,Other,other,Tangent road with flat terrain,Y Shape,Asphalt roads,Wet or damp,Darkness - lights lit,Raining,Vehicle with vehicle collision,2,3,Going straight,na,na,na,na,,,Not a Pedestrian,Driving to the left,Serious Injury
09:19:00,Saturday,18-30,Male,High school,Employee,Below 1yr,Public (12 seats),Owner,1-2yr,,Office areas,Undivided Two way,Tangent road with flat terrain,Y Shape,Asphalt roads,Dry,Daylight,Normal,Collision with roadside-parked vehicles,2,1,Going straight,na,na,na,na,Driver,Normal,Not a Pedestrian,No distancing,Serious Injury
16:55:00,Friday,31-50,Male,Junior high school,Employee,Above 10yr,Automobile,Owner,2-5yrs,No defect,Other,Two-way (divided with broken lines road marking),Tangent road with mild grade and flat terrain,Y Shape,Asphalt roads,Wet or damp,Darkness - lights lit,Normal,Collision with roadside objects,4,2,Moving Backward,Passenger,Female,5,3,Driver,Normal,Not a Pedestrian,Turnover,Slight Injury
21:30:00,Sunday,31-50,Male,Elementary school,Employee,5-10yr,Pick up upto 10Q,Owner,5-10yrs,No defect, Church areas,Unknown,Tangent road with mountainous terrain and,Y Shape,Asphalt roads,Wet or damp,Daylight,Normal,,2,2,Going straight,na,na,na,na,Driver,Normal,Not a Pedestrian,Moving Backward,Serious Injury
17:27:00,Friday,Over 51,Male,Junior high school,Employee,5-10yr,Lorry (41?100Q),Owner,2-5yrs,, Church areas,other,Tangent road with flat terrain,Other,Asphalt roads,Wet or damp,Darkness - lights lit,Normal,Collision with roadside objects,2,2,Going straight,na,na,na,na,Driver,Normal,Not a Pedestrian,Moving Backward,Slight Injury
17:40:00,Saturday,Over 51,Male,Junior high school,Employee,Above 10yr,Public (13?45 seats),Owner,Unknown,No defect, Church areas,One way,Tangent road with flat terrain,Y Shape,Gravel roads,Dry,Daylight,Normal,Vehicle with vehicle collision,2,1,Going straight,Driver or rider,Male,18-30,3,Driver,Normal,Not a Pedestrian,No priority to vehicle,Serious Injury
15:55:00,Thursday,18-30,Male,Writing & reading,Employee,Below 1yr,Lorry (11?40Q),Organization,5-10yrs,No defect, Hospital areas,Undivided Two way,Tangent road with mountainous terrain and,,Asphalt roads,Wet or damp,Darkness - lights lit,Raining,Vehicle with vehicle collision,2,1,Going straight,Driver or rider,Male,31-50,3,Driver,Normal,Not a Pedestrian,Changing lane to the right,Slight Injury
22:05:00,Friday,18-30,Male,Junior high school,Owner,2-5yr,Lorry (11?40Q),Owner,2-5yrs,,Other,Undivided Two way,Tangent road with flat terrain,No junction,Asphalt roads,Dry,Darkness - lights lit,Normal,Vehicle with vehicle collision,2,1,Going straight,Passenger,Female,18-30,3,Driver,Normal,Not a Pedestrian,No distancing,Slight Injury
06:26:00,Friday,18-30,Male,High school,Owner,5-10yr,Other,Owner,Unknown,No defect, Industrial areas,Undivided Two way,Tangent road with flat terrain,No junction,Asphalt roads,Wet or damp,Darkness - lights lit,Normal,Collision with roadside objects,3,1,Going straight,Driver or rider,Male,31-50,3,,,Not a Pedestrian,No priority to vehicle,Slight Injury
18:55:00,Thursday,18-30,Male,Junior high school,Employee,Below 1yr,,Owner,,,Residential areas,One way,Tangent road with flat terrain,No junction,Asphalt roads,Dry,Darkness - lights lit,Normal,Collision with pedestrians,2,2,Going straight,Passenger,Female,Over 51,3,,Normal,Not a Pedestrian,Driving carelessly,Slight Injury
15:30:00,Monday,18-30,Male,,,,Public (12 seats),Governmental,Unknown,,Residential areas,Two-way (divided with broken lines road marking),Tangent road with flat terrain,Crossing,Asphalt roads,Dry,Daylight,Normal,Vehicle with vehicle collision,1,1,Reversing,Driver or rider,Female,18-30,3,,,Not a Pedestrian,No distancing,Slight Injury
11:30:00,Tuesday,18-30,Male,Junior high school,Employee,1-2yr,Lorry (41?100Q),Owner,Unknown,,Office areas,Double carriageway (median),Tangent road with flat terrain,Crossing,Asphalt roads,Wet or damp,Daylight,Normal,Vehicle with vehicle collision,4,6,Going straight,Passenger,Female,18-30,3,Driver,Normal,Not a Pedestrian,No distancing,Serious Injury
09:50:00,Friday,18-30,Male,Junior high school,Owner,5-10yr,Stationwagen,Owner,Above 10yr,No defect,Office areas,Two-way (divided with broken lines road marking),Tangent road with flat terrain,Y Shape,Asphalt roads,Dry,Daylight,Normal,Vehicle with vehicle collision,2,1,Going straight,Driver or rider,Male,18-30,2,Driver,Normal,Not a Pedestrian,Other,Slight Injury
14:50:00,Monday,Unknown,Male,Junior high school,Owner,5-10yr,Public (13?45 seats),Owner,1-2yr,,School areas,other,Steep grade downward with mountainous terrain,No junction,Asphalt roads,Dry,Daylight,Normal,Vehicle with vehicle collision,2,1,Going straight,Driver or rider,Male,31-50,3,Driver,Normal,Not a Pedestrian,Driving under the influence of drugs,Slight Injury
16:25:00,Sunday,18-30,Male,Junior high school,Employee,2-5yr,Lorry (41?100Q),Owner,Below 1yr,,Residential areas,Two-way (divided with broken lines road marking),Tangent road with flat terrain,No junction,Asphalt roads,Wet or damp,Daylight,Raining,,2,4,Going straight,Driver or rider,Male,Over 51,3,,,Not a Pedestrian,Driving carelessly,Fatal injury
20:40:00,Wednesday,31-50,Male,,Owner,Below 1yr,Lorry (41?100Q),Owner,,No defect,Office areas,One way,Tangent road with flat terrain,Crossing,Asphalt roads,Dry,Daylight,Normal,Collision with pedestrians,2,4,Going straight,Pedestrian,Male,5,2,,Normal,Not a Pedestrian,Changing lane to the left,Fatal injury
08:00:00,Tuesday,18-30,Male,Junior high school,Employee,1-2yr,Automobile,Owner,,No defect,Other,Two-way (divided with broken lines road marking),Tangent road with flat terrain,Other,Asphalt roads,Dry,Daylight,Normal,Vehicle with vehicle collision,2,1,Turnover,Pedestrian,Male,18-30,2,Self-employed,Normal,Crossing from nearside - masked by parked or statioNot a Pedestrianry vehicle,No distancing,Slight Injury
17:10:00,Friday,31-50,Male,Junior high school,Employee,1-2yr,Automobile,Governmental,2-5yrs,,  Recreational areas,Undivided Two way,Tangent road with flat terrain,No junction,Asphalt roads,Dry,Daylight,Normal,Collision with roadside objects,2,1,Getting off,Driver or rider,Female,18-30,3,Driver,Normal,Not a Pedestrian,No priority to vehicle,Fatal injury
20:00:00,Friday,31-50,Male,High school,Owner,2-5yr,Automobile,Governmental,,No defect,School areas,Undivided Two way,Tangent road with flat terrain,Y Shape,Other,Wet or damp,Darkness - lights lit,Cloudy,Collision with roadside objects,2,2,Going straight,Pedestrian,Female,Under 18,3,Driver,Normal,Crossing from offside - masked by  parked or statioNot a Pedestrianry vehicle,No distancing,Slight Injury
16:26:00,Tuesday,Over 51,Male,Junior high school,Employee,5-10yr,Lorry (11?40Q),Owner,2-5yrs,,Other,One way,Tangent road with flat terrain,,Asphalt roads,Dry,Darkness - lights lit,Normal,Vehicle with vehicle collision,1,2,Turnover,na,na,na,na,,Normal,Not a Pedestrian,Changing lane to the right,Slight Injury
18:23:00,Wednesday,18-30,Male,,,,,,,,,Two-way (divided with broken lines road marking),Tangent road with flat terrain,No junction,Asphalt roads,Dry,Daylight,Normal,Vehicle with vehicle collision,2,1,Going straight,na,na,na,na,Driver,Normal,Not a Pedestrian,No priority to vehicle,Slight Injury
17:10:00,Tuesday,31-50,Male,Junior high school,Employee,1-2yr,Automobile,Owner,2-5yrs,No defect,Residential areas,Undivided Two way,Gentle horizontal curve,No junction,Asphalt roads,Dry,Daylight,Normal,Vehicle with vehicle collision,3,3,Going straight,na,na,na,na,Driver,Normal,Not a Pedestrian,No priority to vehicle,Serious Injury
13:00:00,Friday,Over 51,Male,Elementary school,Employee,5-10yr,Other,Owner,2-5yrs,No defect,  Market areas,Undivided Two way,Tangent road with flat terrain,No junction,Asphalt roads,Dry,Daylight,Normal,Vehicle with vehicle collision,3,2,Entering a junction,Pedestrian,Male,18-30,3,,,Unknown or other,Moving Backward,Fatal injury
18:04:00,Monday,31-50,Unknown,,Unknown,5-10yr,Other,Owner,Above 10yr,, Industrial areas,,Tangent road with flat terrain,Crossing,Earth roads,Dry,Daylight,Normal,Vehicle with vehicle collision,1,1,Going straight,Passenger,Female,Under 18,3,Self-employed,Normal,Not a Pedestrian,No priority to vehicle,Slight Injury
17:21:00,Thursday,18-30,Male,Junior high school,Employee,2-5yr,Stationwagen,Owner,,No defect,Residential areas,Undivided Two way,Tangent road with flat terrain,No junction,Asphalt roads,Wet or damp,Darkness - lights lit,Normal,Vehicle with vehicle collision,4,2,Going straight,Driver or rider,Female,Over 51,3,Self-employed,Normal,Not a Pedestrian,No distancing,Slight Injury
16:30:00,Sunday,Over 51,Male,High school,Employee,Below 1yr,Automobile,Owner,,7, Outside rural areas,other,Tangent road with flat terrain,No junction,Asphalt roads,Dry,Daylight,Normal,Collision with pedestrians,2,1,Going straight,Driver or rider,Female,18-30,3,Employee,Normal,Not a Pedestrian,Changing lane to the left,Slight Injury
22:55:00,Saturday,18-30,Male,Elementary school,Employee,Above 10yr,Lorry (41?100Q),Owner,2-5yrs,, Industrial areas,One way,,No junction,Asphalt roads,Dry,Darkness - lights lit,Normal,Vehicle with vehicle collision,1,3,Going straight,Pedestrian,Female,18-30,3,,,Crossing from driver's nearside,Changing lane to the left,Serious Injury
16:10:00,Tuesday,18-30,Male,,,,Stationwagen,Owner,Unknown,No defect,School areas,,Tangent road with flat terrain,Crossing,Asphalt roads,Dry,Daylight,Normal,Vehicle with vehicle collision,2,2,Going straight,Pedestrian,Male,18-30,3,Driver,Normal,Not a Pedestrian,Turnover,Serious Injury
17:25:00,Wednesday,31-50,Male,Junior high school,Employee,Below 1yr,Automobile,Owner,2-5yrs,,Other,Two-way (divided with broken lines road marking),Tangent road with flat terrain,Y Shape,Asphalt roads,Wet or damp,Daylight,Other,Vehicle with vehicle collision,2,1,Going straight,na,na,na,na,Other,Normal,Not a Pedestrian,Changing lane to the left,Serious Injury
17:10:00,Wednesday,31-50,Male,Junior high school,Employee,Below 1yr,Public (12 seats),Governmental,Below 1yr,No defect,Residential areas,Two-way (divided with broken lines road marking),Tangent road with flat terrain,Crossing,Asphalt roads,Wet or damp,Darkness - lights lit,Normal,Collision with roadside objects,2,3,Going straight,na,na,na,na,,,Not a Pedestrian,Changing lane to the left,Slight Injury
18:58:00,Sunday,31-50,Male,Elementary school,Employee,1-2yr,Stationwagen,Organization,2-5yrs,,Residential areas,Undivided Two way,Tangent road with flat terrain,Crossing,Asphalt roads,Dry,Daylight,Normal,Vehicle with vehicle collision,1,1,Going straight,na,na,na,na,Driver,Normal,Not a Pedestrian,Driving to the left,Serious Injury
15:46:00,Thursday,31-50,Male,Elementary school,Employee,Below 1yr,Stationwagen,Owner,Unknown,No defect,Other,Two-way (divided with broken lines road marking),Tangent road with flat terrain,Y Shape,Asphalt roads,Dry,Daylight,Normal,Vehicle with vehicle collision,2,1,Going straight,na,na,na,na,Driver,Normal,Not a Pedestrian,Overspeed,Serious Injury
17:18:00,Sunday,31-50,Male,Junior high school,Employee,5-10yr,Public (12 seats),Owner,Unknown,No defect,Office areas,One way,Tangent road with flat terrain,Crossing,Asphalt roads,Dry,Daylight,Normal,Vehicle with vehicle collision,2,2,Getting off,Passenger,Male,Under 18,3,Driver,Normal,Not a Pedestrian,No distancing,Slight Injury
10:40:00,Monday,31-50,Male,Junior high school,,1-2yr,Lorry (41?100Q),Governmental,Unknown,No defect, Church areas,Double carriageway (median),Tangent road with flat terrain,Y Shape,Asphalt roads,Wet or damp,Daylight,Raining,Vehicle with vehicle collision,2,1,Going straight,Driver or rider,Male,31-50,3,,,Not a Pedestrian,Changing lane to the left,Slight Injury
00:01:00,Saturday,18-30,Male,Junior high school,Employee,5-10yr,Lorry (41?100Q),Owner,Above 10yr,No defect, Church areas,Undivided Two way,Sharp reverse curve,Crossing,Asphalt roads,Dry,Darkness - lights lit,Normal,Vehicle with vehicle collision,3,3,Going straight,na,na,na,na,,,Not a Pedestrian,Moving Backward,Slight Injury
09:25:00,Tuesday,Unknown,Male,Elementary school,Employee,1-2yr,,Owner,,,Other,Two-way (divided with broken lines road marking),Tangent road with flat terrain,,Asphalt roads,Dry,Daylight,Normal,Collision with roadside objects,1,2,Other,Driver or rider,Male,18-30,3,,,Not a Pedestrian,Driving carelessly,Serious Injury
16:55:00,Monday,Unknown,Male,Junior high school,Employee,5-10yr,Taxi,Owner,1-2yr,No defect,Office areas,Undivided Two way,Tangent road with flat terrain,No junction,Asphalt roads,Dry,Daylight,Unknown,Vehicle with vehicle collision,1,1,Going straight,Driver or rider,Male,18-30,3,,,Not a Pedestrian,No priority to pedestrian,Slight Injury
14:29:00,Wednesday,Over 51,Male,Junior high school,Employee,Below 1yr,Automobile,Owner,Unknown,No defect,Other,other,Tangent road with flat terrain,Other,Asphalt roads,Dry,Daylight,Normal,Vehicle with vehicle collision,3,2,Going straight,na,na,na,na,,,Not a Pedestrian,Driving at high speed,Slight Injury
22:30:00,Sunday,18-30,Male,,,,Pick up upto 10Q,Owner,,No defect, Church areas,Two-way (divided with broken lines road marking),Tangent road with flat terrain,Crossing,Asphalt roads,Dry,Darkness - lights lit,Normal,Vehicle with vehicle collision,2,4,Going straight,Driver or rider,Female,18-30,3,,,Not a Pedestrian,Driving carelessly,Fatal injury
16:00:00,Saturday,31-50,Male,Junior high school,Employee,1-2yr,Other,,,,,Two-way (divided with broken lines road marking),Tangent road with flat terrain,No junction,Asphalt roads,Dry,Daylight,Normal,Vehicle with vehicle collision,2,1,Going straight,na,na,na,na,,,Not a Pedestrian,Changing lane to the left,Slight Injury
19:40:00,Sunday,18-30,Male,Junior high school,Employee,1-2yr,Lorry (41?100Q),Owner,Unknown,No defect,Office areas,Undivided Two way,Tangent road with flat terrain,Y Shape,Asphalt roads,Wet or damp,Darkness - lights lit,Normal,,2,2,Going straight,Pedestrian,Male,31-50,3,,,"In carriageway, statioNot a Pedestrianry - not crossing  (standing or playing)",Moving Backward,Slight Injury
00:09:00,Monday,31-50,Male,High school,Employee,Above 10yr,Automobile,Owner,5-10yrs,No defect,School areas,other,Tangent road with flat terrain,Y Shape,Asphalt roads,Wet or damp,Darkness - lights lit,Normal,Vehicle with vehicle collision,2,1,Going straight,na,na,na,na,,,Not a Pedestrian,Other,Slight Injury
12:05:00,Friday,31-50,Male,Junior high school,Owner,2-5yr,Automobile,Owner,Unknown,No defect,,other,Tangent road with flat terrain,,Earth roads,Dry,Daylight,Normal,Collision with animals,3,2,U-Turn,na,na,na,na,Self-employed,NormalNormal,Not a Pedestrian,No distancing,Slight Injury
13:53:00,Saturday,18-30,Male,High school,Employee,Below 1yr,Public (13?45 seats),Owner,1-2yr,No defect,Rural village areas,Undivided Two way,Gentle horizontal curve,Y Shape,Asphalt roads,Wet or damp,Daylight,Normal,Vehicle with vehicle collision,2,3,Reversing,na,na,na,na,Driver,Normal,Not a Pedestrian,No distancing,Slight Injury
14:40:00,Saturday,18-30,Male,Junior high school,Employee,5-10yr,Other,Owner,Unknown,No defect,School areas,,Tangent road with flat terrain,Y Shape,Asphalt roads,Dry,Daylight,Normal,Vehicle with vehicle collision,1,1,Stopping,na,na,na,na,Self-employed,Normal,Not a Pedestrian,Changing lane to the left,Serious Injury
12:45:00,Friday,Over 51,Male,,Owner,5-10yr,Automobile,Owner,2-5yrs,No defect,Residential areas,Two-way (divided with broken lines road marking),Gentle horizontal curve,No junction,Asphalt roads,Wet or damp,Daylight,Raining,Collision with pedestrians,2,3,Going straight,na,na,na,na,Driver,Normal,Not a Pedestrian,Other,Serious Injury
00:45:00,Thursday,Over 51,Male,Junior high school,Employee,2-5yr,Lorry (41?100Q),Owner,Above 10yr,,Office areas,Undivided Two way,Tangent road with flat terrain,No junction,Asphalt roads,Wet or damp,Darkness - no lighting,Other,Vehicle with vehicle collision,2,1,Other,Passenger,Male,31-50,3,Other,Normal,Not a Pedestrian,Changing lane to the right,Slight Injury
18:00:00,Monday,18-30,Male,Elementary school,Owner,Below 1yr,Lorry (41?100Q),Owner,2-5yrs,,Other,Undivided Two way,Tangent road with flat terrain,Y Shape,Asphalt roads,Dry,Darkness - lights lit,Normal,Vehicle with vehicle collision,2,1,Going straight,Passenger,Male,18-30,3,Driver,Normal,Not a Pedestrian,Driving to the left,Slight Injury
13:07:00,Sunday,31-50,Male,Junior high school,Employee,,Automobile,Owner,5-10yrs,No defect,Other,Two-way (divided with broken lines road marking),Tangent road with flat terrain,Crossing,Asphalt roads,Wet or damp,Daylight,Raining,Collision with pedestrians,2,2,Reversing,na,na,na,na,Self-employed,Normal,Not a Pedestrian,Changing lane to the right,Slight Injury
18:00:00,Saturday,Unknown,Male,Junior high school,Employee,5-10yr,Public (13?45 seats),Owner,,No defect,Office areas,One way,Tangent road with flat terrain,Y Shape,Asphalt roads,Dry,Daylight,Normal,Vehicle with vehicle collision,2,3,Going straight,na,na,na,na,Driver,Normal,Not a Pedestrian,Changing lane to the left,Fatal injury
07:10:00,Monday,18-30,Male,Junior high school,Employee,Above 10yr,Automobile,Governmental,2-5yrs,,  Recreational areas,Two-way (divided with broken lines road marking),Tangent road with flat terrain,No junction,Asphalt roads,Wet or damp,Daylight,Normal,Vehicle with vehicle collision,2,1,Other,Driver or rider,Male,18-30,3,,,Not a Pedestrian,Getting off the vehicle improperly,Slight Injury
07:15:00,Tuesday,Unknown,Female,High school,Owner,,Automobile,Owner,2-5yrs,No defect, Church areas,Undivided Two way,Tangent road with flat terrain,No junction,Asphalt roads,Dry,Daylight,Normal,Vehicle with vehicle collision,1,1,Turnover,Driver or rider,Male,18-30,3,Employee,Normal,Not a Pedestrian,Driving to the left,Serious Injury
17:10:00,Wednesday,18-30,Male,Junior high school,Employee,5-10yr,Lorry (11?40Q),Owner,2-5yrs,No defect,Residential areas,Undivided Two way,Steep grade downward with mountainous terrain,Y Shape,Asphalt roads,Wet or damp,Darkness - lights lit,Normal,Vehicle with vehicle collision,2,1,Going straight,Passenger,Female,31-50,3,Driver,Normal,Not a Pedestrian,Changing lane to the left,Slight Injury
10:15:00,Friday,Over 51,Male,Above high school,Owner,5-10yr,Pick up upto 10Q,Owner,Unknown,,Residential areas,Two-way (divided with broken lines road marking),Tangent road with flat terrain,Crossing,Asphalt roads,Dry,Daylight,Normal,Collision with roadside objects,3,1,Overtaking,Driver or rider,Male,18-30,3,Self-employed,Normal,Not a Pedestrian,Other,Slight Injury
08:30:00,Thursday,18-30,Male,Junior high school,Owner,2-5yr,Automobile,Owner,,,Office areas,Two-way (divided with broken lines road marking),Tangent road with mild grade and flat terrain,Y Shape,Asphalt roads,Dry,Daylight,Normal,Vehicle with vehicle collision,2,1,Going straight,Pedestrian,Male,Under 18,2,Driver,Normal,Unknown or other,Driving to the left,Slight Injury
12:30:00,Friday,31-50,Male,Junior high school,Employee,Above 10yr,Other,Governmental,,No defect,Residential areas,other,Tangent road with flat terrain,Y Shape,Asphalt roads,Dry,Daylight,Normal,Vehicle with vehicle collision,2,1,Going straight,Driver or rider,Female,18-30,3,Driver,Normal,Not a Pedestrian,No distancing,Slight Injury
12:00:00,Saturday,18-30,Male,,,,Lorry (11?40Q),Owner,1-2yr,No defect,Other,Undivided Two way,Tangent road with flat terrain,No junction,Asphalt roads,Wet or damp,Daylight,Raining,Vehicle with vehicle collision,2,3,Going straight,na,na,na,na,Driver,Normal,Not a Pedestrian,Driving carelessly,Slight Injury
17:00:00,Monday,18-30,Male,Elementary school,Employee,5-10yr,Turbo,Owner,Above 10yr,No defect, Church areas,Two-way (divided with broken lines road marking),Tangent road with flat terrain,Y Shape,Asphalt roads,Wet or damp,Daylight,Raining,Vehicle with vehicle collision,2,1,Going straight,Driver or rider,Male,31-50,3,,,Not a Pedestrian,No priority to pedestrian,Slight Injury