Time,Day_of_week,Age_band_of_driver,Sex_of_driver,Educational_level,Vehicle_driver_relation,Driving_experience,Type_of_vehicle,Owner_of_vehicle,Service_year_of_vehicle,Defect_of_vehicle,Area_accident_occured,Lanes_or_Medians,Road_allignment,Types_of_Junction,Road_surface_type,Road_surface_conditions,Light_conditions,Weather_conditions,Type_of_collision,Number_of_vehicles_involved,Number_of_casualties,Vehicle_movement,Casualty_class,Sex_of_casualty,Age_band_of_casualty,Casualty_severity,Work_of_casuality,Fitness_of_casuality,Pedestrian_movement,Cause_of_accident,Accident_severity
07:51:00,Monday,18-30,Male,Junior high school,Employee,Above 10yr,Public (13?45 seats),Owner,1-2yr,No defect,Other,other,Tangent road with flat terrain,No junction,Asphalt roads,Dry,Daylight,Normal,Vehicle with vehicle collision,1,1,Going straight,Pedestrian,Male,18-30,3,Self-employed,Normal,Crossing from nearside - masked by parked or statioNot a Pedestrianry vehicle,Moving Backward,Serious Injury
17:10:00,Thursday,31-50,Male,Elementary school,Owner,Above 10yr,Bicycle,Owner,5-10yrs,, Church areas,One way,Tangent road with flat terrain,Y Shape,Asphalt roads,Dry,Daylight,Normal,Vehicle with vehicle collision,2,1,Going straight,Driver or rider,Male,31-50,3,Driver,Normal,Not a Pedestrian,Changing lane to the right,Slight Injury
15:27:00,Monday,31-50,Male,Junior high school,Employee,5-10yr,Automobile,Owner,2-5yrs,,Residential areas,other,Tangent road with flat terrain,No junction,Asphalt roads,Wet or damp,Daylight,Normal,Vehicle with vehicle collision,1,1,Going straight,na,na,na,na,Self-employed,Normal,Not a Pedestrian,No distancing,Serious Injury
22:35:00,Monday,Unknown,Female,Junior high school,Employee,5-10yr,Lorry (41?100Q),Owner,Above 10yr,No defect,Residential areas,Undivided Two way,Tangent road with flat terrain,Y Shape,Asphalt roads,Wet or damp,Darkness - lights lit,Raining,Vehicle with vehicle collision,3,1,Entering a junction,Driver or rider,Male,18-30,3,,,Not a Pedestrian,Driving under the influence of drugs,Slight Injury
09:01:00,Wednesday,18-30,Male,Junior high school,Employee,Below 1yr,Lorry (41?100Q),Owner,Unknown,No defect, Church areas,Two-way (divided with broken lines road marking),Tangent road with flat terrain,Y Shape,Asphalt roads,Dry,Darkness - lights lit,Normal,Vehicle with vehicle collision,3,5,Other,na,na,na,na,,,Not a Pedestrian,No distancing,Serious Injury
14:33:00,Sunday,18-30,Male,Above high school,Employee,1-2yr,Lorry (41?100Q),Owner,2-5yrs,No defect, Outside rural areas,Undivided Two way,Tangent road with flat terrain,Crossing,Asphalt roads,Dry,Daylight,Normal,Collision with roadside objects,1,1,Going straight,Pedestrian,Female,5,3,Other,Normal,Not a Pedestrian,Changing lane to the right,Serious Injury
03:40:00,Saturday,18-30,Female,Junior high school,Employee,5-10yr,Taxi,Owner,Above 10yr,No defect,Residential areas,other,Tangent road with rolling terrain,Crossing,Asphalt roads,Dry,Darkness - lights lit,Normal,Vehicle with vehicle collision,2,3,,na,na,na,na,Self-employed,Normal,Not a Pedestrian,Changing lane to the right,Fatal injury
12:17:00,Thursday,31-50,Male,Elementary school,Other,5-10yr,Automobile,Owner,5-10yrs,No defect, Industrial areas,Undivided Two way,Tangent road with flat terrain,Other,Asphalt roads,Wet or damp,Daylight,Normal,Vehicle with vehicle collision,1,2,Going straight,Driver or rider,Male,31-50,3,Self-employed,Normal,Not a Pedestrian,No priority to pedestrian,Slight Injury
16:00:00,Tuesday,31-50,Male,Junior high school,Owner,2-5yr,Automobile,Owner,Below 1yr,,Other,Two-way (divided with broken lines road marking),Tangent road with flat terrain,No junction,Asphalt roads,Dry,Daylight,Normal,Vehicle with vehicle collision,3,1,Going straight,Driver or rider,Male,18-30,3,Driver,Normal,Not a Pedestrian,No priority to vehicle,Slight Injury
20:15:00,Tuesday,18-30,Male,Junior high school,Employee,Above 10yr,Lorry (41?100Q),Governmental,5-10yrs,No defect,Other,Undivided Two way,Tangent road with flat terrain,,Asphalt roads,Dry,Darkness - lights lit,Normal,Vehicle with vehicle collision,2,2,Going straight,na,na,na,na,Driver,Normal,Not a Pedestrian,Changing lane to the left,Slight Injury
07:36:00,Monday,Over 51,Male,Elementary school,Employee,1-2yr,Automobile,Owner,,, Church areas,Undivided Two way,Tangent road with flat terrain,Crossing,Asphalt roads,Dry,Daylight,Normal,Collision with roadside objects,2,1,Going straight,Passenger,Female,18-30,3,Driver,Normal,Not a Pedestrian,Driving carelessly,Slight Injury
19:21:00,Thursday,Under 18,Male,Junior high school,Employee,2-5yr,Lorry (41?100Q),Owner,Unknown,No defect,Office areas,Undivided Two way,Tangent road with flat terrain,No junction,Asphalt roads,Dry,Daylight,Normal,Vehicle with vehicle collision,2,1,Going straight,Pedestrian,Female,31-50,3,Driver,Normal,Not a Pedestrian,Changing lane to the right,Slight Injury
20:58:00,Saturday,Over 51,Male,Junior high school,Employee,2-5yr,Stationwagen,Owner,,No defect,Office areas,Two-way (divided with broken lines road marking),Tangent road with mild grade and flat terrain,Crossing,Asphalt roads,Dry,Darkness - lights lit,Normal,Collision with pedestrians,1,1,Going straight,na,na,na,na,Driver,Normal,Not a Pedestrian,Changing lane to the left,Serious Injury
00:25:00,Monday,Under 18,Male,Junior high school,Owner,Below 1yr,Lorry (11?40Q),,,,Residential areas,other,,Y Shape,Asphalt roads,Wet or damp,Darkness - lights lit,Other,Vehicle with vehicle collision,1,2,Going straight,na,na,na,na,,,Not a Pedestrian,Moving Backward,Slight Injury
20:17:00,Thursday,31-50,Male,Junior high school,Employee,Above 10yr,Lorry (11?40Q),Owner,,,  Recreational areas,Two-way (divided with broken lines road marking),Tangent road with flat terrain,Y Shape,Asphalt roads,Wet or damp,Darkness - lights lit,Raining,Vehicle with vehicle collision,2,2,Getting off,Driver or rider,Male,18-30,2,Driver,Normal,Not a Pedestrian,Changing lane to the right,Slight Injury
05:35:00,Friday,18-30,Male,Junior high school,Employee,2-5yr,Lorry (41?100Q),Owner,5-10yrs,No defect,Office areas,Two-way (divided with broken lines road marking),Tangent road with flat terrain,No junction,Asphalt roads,Wet or damp,Daylight,Raining,Vehicle with vehicle collision,2,1,Going straight,na,na,na,na,,Normal,Not a Pedestrian,No distancing,Slight Injury
21:05:00,Wednesday,18-30,Male,Junior high school,Employee,5-10yr,,Owner,,No defect,Residential areas,Double carriageway (median),Tangent road with flat terrain,Y Shape,Asphalt roads,Dry,Darkness - lights lit,Normal,Vehicle with vehicle collision,2,1,Overtaking,na,na,na,na,Driver,Normal,Not a Pedestrian,No priority to vehicle,Slight Injury
02:34:00,Saturday,Unknown,Female,Junior high school,Employee,Above 10yr,Other,Owner,,,Office areas,Two-way (divided with broken lines road marking),Tangent road with flat terrain,No junction,Asphalt roads,Dry,Darkness - lights lit,Normal,Vehicle with vehicle collision,1,1,Going straight,Driver or rider,Male,18-30,3,Driver,Normal,Not a Pedestrian,Changing lane to the right,Serious Injury
15:32:00,Wednesday,18-30,Male,Junior high school,Employee,Below 1yr,Stationwagen,Owner,1-2yr,No defect, Industrial areas,One way,Tangent road with flat terrain,Y Shape,Asphalt roads,Dry,Daylight,Normal,Collision with roadside-parked vehicles,1,1,Going straight,na,na,na,na,Self-employed,Normal,Not a Pedestrian,No distancing,Slight Injury
19:21:00,Saturday,18-30,Male,Junior high school,Employee,,Other,Governmental,1-2yr,No defect, Church areas,other,Steep grade downward with mountainous terrain,Crossing,Asphalt roads,Dry,Daylight,Normal,Collision with pedestrians,3,1,Going straight,Passenger,Female,Under 18,3,,,Not a Pedestrian,Driving under the influence of drugs,Slight Injury
15:30:00,Friday,18-30,Male,Junior high school,Employee,Below 1yr,Lorry (41?100Q),Owner,2-5yrs,No defect, Church areas,One way,Tangent road with flat terrain,,Asphalt roads,Dry,Daylight,Normal,Vehicle with vehicle collision,2,2,Other,Driver or rider,Female,Over 51,3,Driver,Normal,Not a Pedestrian,Driving carelessly,Serious Injury
17:35:00,Wednesday,31-50,Male,Elementary school,Employee,1-2yr,Lorry (41?100Q),Owner,,,Other,Undivided Two way,Tangent road with flat terrain,Crossing,Asphalt roads,Dry,Daylight,Normal,Vehicle with vehicle collision,2,1,Going straight,na,na,na,na,Driver,Normal,Not a Pedestrian,Driving carelessly,Slight Injury
07:23:00,Wednesday,18-30,Male,Junior high school,Employee,5-10yr,Lorry (41?100Q),Owner,Unknown,No defect,Office areas,,Steep grade downward with mountainous terrain,Y Shape,Asphalt roads,Dry,Daylight,Normal,Vehicle with vehicle collision,2,1,Other,Driver or rider,Male,18-30,3,Self-employed,Normal,Not a Pedestrian,Driving carelessly,Slight Injury
21:09:00,Tuesday,31-50,Male,Elementary school,Employee,5-10yr,Automobile,Owner,Above 10yr,No defect,Other,Two-way (divided with broken lines road marking),Tangent road with flat terrain,Unknown,Earth roads,Wet or damp,Darkness - lights lit,Raining,Collision with roadside objects,1,1,Going straight,Driver or rider,Male,18-30,3,Driver,Normal,Not a Pedestrian,No distancing,Serious Injury
00:53:00,Sunday,18-30,Male,,Employee,5-10yr,Automobile,Owner,2-5yrs,,Office areas,Double carriageway (median),Tangent road with flat terrain,No junction,Asphalt roads,Dry,Darkness - lights lit,Normal,Collision with pedestrians,1,3,Going straight,Passenger,Male,Under 18,3,Self-employed,Normal,Not a Pedestrian,Driving carelessly,Slight Injury
11:45:00,Saturday,Under 18,Male,Junior high school,Employee,Above 10yr,Public (12 seats),Owner,Unknown,No defect,School areas,Double carriageway (median),Tangent road with flat terrain,Crossing,Asphalt roads,Wet or damp,Daylight,Normal,Collision with pedestrians,2,1,Going straight,Pedestrian,Female,Under 18,2,Self-employed,Normal,Unknown or other,Changing lane to the left,Slight Injury
08:25:00,Monday,31-50,Male,High school,Employee,2-5yr,Automobile,Organization,Above 10yr,, Hospital areas,Two-way (divided with broken lines road marking),Tangent road with flat terrain,Y Shape,Asphalt roads,Wet or damp,Daylight,Raining,Collision with roadside objects,2,1,Going straight,na,na,na,na,Self-employed,Normal,Not a Pedestrian,Driving carelessly,Slight Injury
17:00:00,Tuesday,18-30,Male,Elementary school,Employee,2-5yr,Stationwagen,Owner,2-5yrs,,Other,,Tangent road with flat terrain,Y Shape,Asphalt roads,Wet or damp,Daylight,Normal,Vehicle with vehicle collision,1,1,Going straight,Passenger,Male,Under 18,3,,,Not a Pedestrian,Changing lane to the left,Slight Injury
12:10:00,Friday,18-30,Male,Junior high school,Employee,Above 10yr,Automobile,Owner,2-5yrs,,Office areas,Two-way (divided with broken lines road marking),Tangent road with flat terrain,Y Shape,Asphalt roads,Dry,Daylight,Normal,Vehicle with vehicle collision,1,1,Going straight,Driver or rider,Female,Over 51,3,Employee,Normal,Not a Pedestrian,Overtaking,Slight Injury
17:41:00,Monday,18-30,Male,Junior high school,Employee,1-2yr,,Owner,Unknown,No defect,Other,other,Tangent road with flat terrain,,Asphalt roads,Dry,Daylight,Normal,Vehicle with vehicle collision,2,1,Moving Backward,Driver or rider,Male,31-50,3,Self-employed,Normal,Not a Pedestrian,No distancing,Slight Injury
16:28:00,Tuesday,31-50,Male,Junior high school,Employee,Below 1yr,Pick up upto 10Q,Governmental,1-2yr,No defect,Other,Double carriageway (median),Tangent road with flat terrain,Y Shape,Asphalt roads,Dry,Darkness - lights lit,Normal,Collision with roadside objects,2,1,Going straight,Driver or rider,Male,31-50,3,,,Not a Pedestrian,Changing lane to the right,Slight Injury
10:40:00,Tuesday,18-30,Male,Junior high school,Employee,5-10yr,,Owner,,No defect,Office areas,Two-way (divided with broken lines road marking),Tangent road with flat terrain,Y Shape,Asphalt roads,Dry,Daylight,Normal,Collision with roadside objects,2,1,Moving Backward,Driver or rider,Male,31-50,3,Driver,Normal,Not a Pedestrian,Overturning,Slight Injury
09:30:00,Wednesday,31-50,Unknown,Junior high school,Employee,No Licence,Automobile,Owner,1-2yr,No defect,Other,Two-way (divided with broken lines road marking),Tangent road with flat terrain,Crossing,Asphalt roads,Dry,Daylight,Normal,,2,1,Waiting to go,na,na,na,na,Driver,Normal,Not a Pedestrian,Changing lane to the right,Serious Injury
03:39:00,Friday,Unknown,Female,Junior high school,Employee,Below 1yr,Automobile,Owner,Unknown,No defect, Church areas,Undivided Two way,Tangent road with flat terrain,No junction,Asphalt roads,Dry,Darkness - lights lit,Normal,Vehicle with vehicle collision,4,1,Going straight,na,na,na,na,,,Not a Pedestrian,Changing lane to the right,Serious Injury
13:15:00,Saturday,18-30,Male,Junior high school,Employee,Below 1yr,Lorry (41?100Q),Owner,,No defect, Church areas,Double carriageway (median),Tangent road with flat terrain,Crossing,Asphalt roads,Dry,Daylight,Normal,,2,1,Going straight,Passenger,Female,Under 18,3,Driver,Normal,Not a Pedestrian,Changing lane to the left,Serious Injury
17:55:00,Sunday,31-50,Male,Junior high school,Employee,2-5yr,Ridden horse,Owner,Unknown,No defect,Residential areas,Two-way (divided with broken lines road marking),Tangent road with flat terrain,Y Shape,Asphalt roads,Dry,Darkness - lights lit,Normal,Vehicle with vehicle collision,1,1,Turnover,Driver or rider,Male,31-50,3,Self-employed,Normal,Not a Pedestrian,Changing lane to the right,Serious Injury
08:27:00,Wednesday,Over 51,Male,Elementary school,Owner,Above 10yr,Lorry (11?40Q),Owner,Above 10yr,,Residential areas,Undivided Two way,Tangent road with flat terrain,,Asphalt roads,Dry,Darkness - lights lit,Normal,Collision with animals,6,2,Going straight,na,na,na,na,,,Not a Pedestrian,No distancing,Slight Injury
21:30:00,Friday,31-50,Male,Elementary school,Employee,Above 10yr,Taxi,Owner,5-10yrs,No defect,Other,Two-way (divided with broken lines road marking),Tangent road with rolling terrain,Crossing,Asphalt roads,Dry,Darkness - lights lit,Normal,Vehicle with vehicle collision,2,2,Going straight,Driver or rider,Male,18-30,3,Self-employed,Normal,Not a Pedestrian,Overtaking,Slight Injury
12:48:00,Friday,31-50,Male,Junior high school,Employee,Above 10yr,Public (> 45 seats),Owner,Unknown,,Other,other,Tangent road with flat terrain,Y Shape,Asphalt roads,Wet or damp,Daylight,Normal,Collision with roadside objects,1,1,Going straight,Passenger,Female,31-50,3,Driver,Normal,Not a Pedestrian,No distancing,Slight Injury
21:15:00,Sunday,18-30,Male,Junior high school,Employee,2-5yr,Automobile,Owner,Above 10yr,No defect,Residential areas,other,Tangent road with flat terrain,No junction,Asphalt roads,Dry,Darkness - lights lit,Normal,Vehicle with vehicle collision,2,4,Turnover,na,na,na,na,Self-employed,Normal,Not a Pedestrian,Changing lane to the left,Fatal injury
23:25:00,Wednesday,Over 51,Male,Junior high school,Employee,5-10yr,,Owner,2-5yrs,,Residential areas,Double carriageway (median),Tangent road with flat terrain,Crossing,Asphalt roads,Dry,Darkness - lights lit,Normal,Vehicle with vehicle collision,2,3,Going straight,na,na,na,na,Driver,Normal,Not a Pedestrian,Moving Backward,Slight Injury
16:28:00,Tuesday,Under 18,Male,Junior high school,Employee,1-2yr,Public (12 seats),Owner,2-5yrs,No defect,Other,other,Tangent road with flat terrain,No junction,Asphalt roads,Wet or damp,Daylight,Raining,Vehicle with vehicle collision,3,1,Going straight,na,na,na,na,,,Not a Pedestrian,Changing lane to the left,Slight Injury
17:50:00,Sunday,18-30,Male,Junior high school,Employee,Above 10yr,Automobile,Owner,,,Other,Two-way (divided with broken lines road marking),Tangent road with flat terrain,Crossing,Asphalt roads,Dry,Daylight,Normal,Vehicle with vehicle collision,4,5,Going straight,Pedestrian,Female,18-30,3,Driver,Normal,Not a Pedestrian,No distancing,Slight Injury
13:10:00,Saturday,Unknown,Unknown,,,,Automobile,Owner,Above 10yr,, Industrial areas,Undivided Two way,Tangent road with flat terrain,,Asphalt roads,Wet or damp,Darkness - lights lit,Normal,Vehicle with vehicle collision,2,1,Going straight,Pedestrian,Male,Under 18,3,Driver,Normal,Unknown or other,No distancing,Slight Injury
22:10:00,Tuesday,18-30,Male,Junior high school,Employee,Below 1yr,Lorry (41?100Q),Owner,,No defect,Residential areas,Undivided Two way,Tangent road with flat terrain,No junction,Asphalt roads,Dry,Darkness - lights lit,Normal,Vehicle with vehicle collision,3,2,Going straight,na,na,na,na,Self-employed,Normal,Not a Pedestrian,No priority to vehicle,Slight Injury
21:45:00,Saturday,18-30,Male,Above high school,Owner,1-2yr,,Owner,Above 10yr,No defect, Outside rural areas,Two-way (divided with broken lines road marking),Tangent road with mountainous terrain and,Crossing,Asphalt roads,Dry,Darkness - lights lit,Normal,Vehicle with vehicle collision,4,1,Other,na,na,na,na,,Normal,Not a Pedestrian,Changing lane to the right,Slight Injury
22:25:00,Friday,18-30,Male,,,,,Owner,1-2yr,No defect,Office areas,Double carriageway (median),Tangent road with flat terrain,Crossing,Asphalt roads,Wet or damp,Darkness - lights lit,Normal,Vehicle with vehicle collision,2,1,Reversing,Driver or rider,Male,31-50,3,Self-employed,Normal,Not a Pedestrian,Driving to the left,Slight Injury
03:15:00,Saturday,18-30,Male,Elementary school,Employee,1-2yr,Lorry (11?40Q),,1-2yr,No defect,Other,Two-way (divided with broken lines road marking),Tangent road with flat terrain,No junction,Asphalt roads,Dry,Darkness - lights lit,Normal,Vehicle with vehicle collision,1,2,Unknown,Driver or rider,Male,18-30,3,Other,Normal,Not a Pedestrian,Changing lane to the right,Serious Injury
13:24:00,Wednesday,18-30,Male,Junior high school,Employee,Below 1yr,Automobile,Owner,Unknown,No defect,  Recreational areas,Two-way (divided with broken lines road marking),Tangent road with flat terrain,T Shape,Asphalt roads,Dry,Daylight,Normal,Vehicle with vehicle collision,2,2,Going straight,Pedestrian,Male,31-50,3,Driver,Normal,Unknown or other,Moving Backward,Slight Injury
15:15:00,Monday,Under 18,Male,Junior high school,Employee,5-10yr,,Organization,2-5yrs,,Other,Undivided Two way,Tangent road with flat terrain,No junction,Asphalt roads,Dry,Daylight,Normal,Vehicle with vehicle collision,1,2,Other,Driver or rider,Male,31-50,3,Employee,Normal,Not a Pedestrian,Changing lane to the right,Slight Injury
16:40:00,Wednesday,18-30,Male,Junior high school,Employee,2-5yr,Public (13?45 seats),Owner,Unknown,,,other,Tangent road with flat terrain,No junction,Asphalt roads,Dry,Daylight,Normal,Vehicle with vehicle collision,2,1,Going straight,Driver or rider,Male,18-30,3,Driver,Normal,Not a Pedestrian,No priority to vehicle,Slight Injury
09:25:00,Tuesday,Over 51,Male,Elementary school,Employee,2-5yr,Taxi,Owner,,No defect,Office areas,Undivided Two way,Tangent road with flat terrain,,Gravel roads,Dry,Daylight,Normal,Vehicle with vehicle collision,2,1,Going straight,Pedestrian,Male,18-30,3,,,Crossing from offside - masked by  parked or statioNot a Pedestrianry vehicle,No distancing,Serious Injury
07:40:00,Monday,18-30,Unknown,Junior high school,Employee,Below 1yr,Lorry (11?40Q),Owner,5-10yrs,,Residential areas,Undivided Two way,Tangent road with flat terrain,Y Shape,Asphalt roads,Dry,Daylight,Normal,Vehicle with vehicle collision,2,1,Going straight,Driver or rider,Female,31-50,3,Driver,Normal,Not a Pedestrian,Changing lane to the right,Serious Injury
23:26:00,Monday,18-30,Male,Junior high school,,1-2yr,Other,Owner,2-5yrs,No defect,Residential areas,Two-way (divided with broken lines road marking),Tangent road with flat terrain,Y Shape,Asphalt roads,Dry,Darkness - lights lit,Normal,Vehicle with vehicle collision,1,1,Going straight,Driver or rider,Male,31-50,3,Driver,Normal,Not a Pedestrian,No priority to vehicle,Fatal injury
15:35:00,Saturday,31-50,Male,Junior high school,Employee,5-10yr,Public (> 45 seats),Owner,,No defect,Other,Two-way (divided with broken lines road marking),Tangent road with flat terrain,Y Shape,Asphalt roads,Dry,Daylight,Normal,Vehicle with vehicle collision,2,1,Going straight,na,na,na,na,,,Not a Pedestrian,Changing lane to the left,Slight Injury
15:10:00,Monday,18-30,Male,Writing & reading,Employee,5-10yr,Special vehicle,Owner,,No defect,Office areas,Two-way (divided with broken lines road marking),Tangent road with flat terrain,,Asphalt roads,Dry,Darkness - lights lit,Normal,Vehicle with vehicle collision,2,1,Going straight,Driver or rider,Female,31-50,3,Driver,Normal,Not a Pedestrian,Changing lane to the right,Slight Injury
18:13:00,Tuesday,18-30,Male,Unknown,Employee,Below 1yr,Public (12 seats),Owner,Unknown,,Residential areas,,Tangent road with flat terrain,No junction,Asphalt roads,Dry,Daylight,Normal,Vehicle with vehicle collision,3,1,Moving Backward,Driver or rider,Female,18-30,3,Driver,Normal,Not a Pedestrian,Overtaking,Serious Injury
02:10:00,Saturday,Unknown,Male,High school,Employee,5-10yr,Automobile,Owner,1-2yr,No defect,Other,Two-way (divided with broken lines road marking),Tangent road with flat terrain,Y Shape,Asphalt roads with some distress,Wet or damp,Darkness - lights lit,Raining,Vehicle with vehicle collision,1,2,Going straight,Driver or rider,Male,31-50,3,Self-employed,Normal,Not a Pedestrian,Moving Backward,Serious Injury
15:30:00,Friday,31-50,Male,Elementary school,Employee,Below 1yr,Automobile,Owner,Unknown,No defect,Other,Two-way (divided with broken lines road marking),Tangent road with flat terrain,No junction,Asphalt roads,Wet or damp,Daylight,Normal,Vehicle with vehicle collision,2,1,Going straight,na,na,na,na,Driver,Normal,Not a Pedestrian,No distancing,Slight Injury
19:39:00,Thursday,Under 18,Male,Junior high school,Owner,1-2yr,Automobile,Owner,1-2yr,No defect,Other,other,Tangent road with flat terrain,Y Shape,Asphalt roads,Wet or damp,Darkness - lights lit,Normal,Vehicle with vehicle collision,3,1,Going straight,Pedestrian,Male,18-30,3,Self-employed,Normal,Not a Pedestrian,Driving carelessly,Fatal injury
10:15:00,Tuesday,Over 51,Male,Junior high school,Employee,1-2yr,Automobile,Owner,5-10yrs,No defect, Church areas,Undivided Two way,Tangent road with flat terrain,Crossing,Asphalt roads,Dry,Daylight,Normal,Vehicle with vehicle collision,1,1,Going straight,Driver or rider,Male,31-50,3,Self-employed,Normal,Not a Pedestrian,Overturning,Serious Injury
18:08:00,Saturday,18-30,Male,Junior high school,Employee,2-5yr,Automobile,Owner,1-2yr,No defect,Rural village areas,Undivided Two way,Gentle horizontal curve,Y Shape,Asphalt roads,Dry,Darkness - no lighting,Normal,Vehicle with vehicle collision,2,4,Going straight,Passenger,Female,18-30,3,,,Not a Pedestrian,Driving carelessly,Fatal injury
11:55:00,Wednesday,Unknown,Male,,Owner,5-10yr,Other,Owner,5-10yrs,No defect,Other,Two-way (divided with broken lines road marking),Tangent road with flat terrain,No junction,Asphalt roads,Dry,Daylight,Unknown,Vehicle with vehicle collision,2,1,Going straight,Driver or rider,Male,Over 51,3,Self-employed,Normal,Not a Pedestrian,Driving at high speed,Slight Injury
11:19:00,Monday,18-30,Female,Junior high school,Employee,Below 1yr,Automobile,Owner,Above 10yr,No defect,Residential areas,Two-way (divided with broken lines road marking),Tangent road with flat terrain,No junction,Asphalt roads,Dry,Daylight,Normal,Collision with roadside objects,2,1,Other,Driver or rider,Male,18-30,3,Driver,Normal,Not a Pedestrian,Driving under the influence of drugs,Serious Injury
11:55:00,Friday,31-50,Male,,,,Public (13?45 seats),Owner,,,Office areas,Undivided Two way,Tangent road with flat terrain,No junction,Asphalt roads,Wet or damp,Daylight,Normal,Vehicle with vehicle collision,1,1,Going straight,Driver or rider,Male,Under 18,3,Employee,Normal,Not a Pedestrian,No distancing,Serious Injury
18:00:00,Tuesday,Unknown,Unknown,Junior high school,Employee,5-10yr,Taxi,Owner,,7, Outside rural areas,other,Tangent road with flat terrain,No junction,Asphalt roads,Wet or damp,Darkness - lights lit,Normal,Vehicle with vehicle collision,2,1,Going straight,Driver or rider,Male,31-50,3,Other,Normal,Not a Pedestrian,Moving Backward,Slight Injury
06:08:00,Tuesday,18-30,Male,Junior high school,Employee,Below 1yr,Other,Owner,,,Office areas,Two-way (divided with broken lines road marking),Tangent road with flat terrain,Y Shape,Asphalt roads,Dry,Daylight,Normal,Vehicle with vehicle collision,2,1,Reversing,Passenger,Female,31-50,3,,,Not a Pedestrian,No distancing,Slight Injury
07:40:00,Friday,18-30,Male,Illiterate,Employee,unknown,Stationwagen,Owner,5-10yrs,7,,Two-way (divided with broken lines road marking),Tangent road with flat terrain,Crossing,Asphalt roads,Dry,Daylight,Normal,Vehicle with vehicle collision,2,1,Going straight,Driver or rider,Male,18-30,3,Driver,Normal,Not a Pedestrian,No distancing,Slight Injury
15:10:00,Friday,18-30,Male,Junior high school,Employee,5-10yr,,Owner,2-5yrs,,Office areas,Two-way (divided with broken lines road marking),Tangent road with mountainous terrain and,O Shape,Asphalt roads,Dry,Daylight,Normal,Collision with roadside objects,2,1,Going straight,Driver or rider,Male,18-30,3,Driver,Normal,Not a Pedestrian,Driving to the left,Slight Injury
19:00:00,Tuesday,31-50,Male,Junior high school,Owner,2-5yr,Taxi,Owner,Unknown,No defect,Office areas,Undivided Two way,Tangent road with flat terrain,Y Shape,Asphalt roads,Wet or damp,Darkness - lights lit,Other,Vehicle with vehicle collision,2,3,Going straight,na,na,na,na,,,Not a Pedestrian,Changing lane to the left,Slight Injury
15:33:00,Sunday,18-30,Male,Elementary school,Employee,Above 10yr,Other,Owner,Unknown,No defect, Church areas,Undivided Two way,Tangent road with flat terrain,No junction,Asphalt roads,Dry,Daylight,Normal,Vehicle with vehicle collision,1,2,Turnover,Pedestrian,Female,31-50,3,Driver,Normal,Not a Pedestrian,Other,Serious Injury
09:43:00,Wednesday,Over 51,Male,Junior high school,Employee,5-10yr,Lorry (41?100Q),Owner,,No defect,Other,One way,Tangent road with flat terrain,No junction,Asphalt roads,Dry,Daylight,Normal,Vehicle with vehicle collision,1,1,Going straight,na,na,na,na,Self-employed,Normal,Not a Pedestrian,Overloading,Slight Injury
15:20:00,Wednesday,31-50,Male,High school,Employee,5-10yr,Automobile,Owner,2-5yrs,No defect,Rural village areas,Undivided Two way,Gentle horizontal curve,Y Shape,Asphalt roads,Dry,Daylight,Normal,Vehicle with vehicle collision,1,1,Going straight,na,na,na,na,Driver,Normal,Not a Pedestrian,Changing lane to the right,Slight Injury
20:35:00,Thursday,18-30,Male,Junior high school,Employee,5-10yr,Pick up upto 10Q,Owner,5-10yrs,,Other,Undivided Two way,Tangent road with flat terrain,Crossing,Asphalt roads,Dry,Darkness - no lighting,Normal,Collision with pedestrians,2,1,Going straight,Passenger,Female,31-50,3,Driver,Normal,Not a Pedestrian,Other,Slight Injury
16:36:00,Thursday,31-50,Male,High school,Employee,2-5yr,Automobile,Owner,Unknown,No defect,Residential areas,One way,Tangent road with flat terrain,Y Shape,Asphalt roads,Dry,Daylight,Normal,Vehicle with vehicle collision,2,1,Going straight,Pedestrian,Male,Under 18,3,Employee,Normal,Crossing from driver's nearside,No distancing,Fatal injury
08:50:00,Friday,18-30,Male,Above high school,Employee,1-2yr,Automobile,Owner,1-2yr,,Office areas,Undivided Two way,Tangent road with mountainous terrain and,No junction,Asphalt roads,Wet or damp,Daylight,Normal,Vehicle with vehicle collision,2,1,Going straight,na,na,na,na,Driver,Normal,Not a Pedestrian,No distancing,Slight Injury
17:35:00,Thursday,Over 51,Male,High school,Employee,2-5yr,Public (12 seats),Owner,2-5yrs,No defect,Other,Two-way (divided with broken lines road marking),Escarpments,No junction,Asphalt roads,Dry,Daylight,Normal,Collision with roadside objects,2,1,U-Turn,Passenger,Female,Over 51,3,Driver,Normal,Not a Pedestrian,Moving Backward,Slight Injury
10:30:00,Wednesday,Over 51,Male,Junior high school,Employee,2-5yr,Other,Owner,1-2yr,No defect,Residential areas,Undivided Two way,Tangent road with flat terrain,Y Shape,Asphalt roads,Dry,Daylight,Normal,Collision with pedestrians,2,1,Other,Driver or rider,Female,Under 18,3,Driver,Blind,Not a Pedestrian,No distancing,Slight Injury