Time,Day_of_week,Age_band_of_driver,Sex_of_driver,Educational_level,Vehicle_driver_relation,Driving_experience,Type_of_vehicle,Owner_of_vehicle,Service_year_of_vehicle,Defect_of_vehicle,Area_accident_occured,Lanes_or_Medians,Road_allignment,Types_of_Junction,Road_surface_type,Road_surface_conditions,Light_conditions,Weather_conditions,Type_of_collision,Number_of_vehicles_involved,Number_of_casualties,Vehicle_movement,Casualty_class,Sex_of_casualty,Age_band_of_casualty,Casualty_severity,Work_of_casuality,Fitness_of_casuality,Pedestrian_movement,Cause_of_accident,Accident_severity
15:50:00,Thursday,Over 51,Male,Junior high school,Employee,Above 10yr,Public (12 seats),Governmental,Above 10yr,,Other,Double carriageway (median),Tangent road with flat terrain,No junction,Earth roads,Dry,Daylight,Normal,Collision with roadside objects,2,1,Other,Driver or rider,Male,18-30,3,Driver,Normal,Not a Pedestrian,Driving carelessly,Slight Injury
18:02:00,Wednesday,31-50,Male,,,,Automobile,Owner,Above 10yr,No defect,Residential areas,other,Tangent road with flat terrain,Crossing,Other,Dry,Darkness - no lighting,Normal,Vehicle with vehicle collision,1,1,Going straight,Driver or rider,Male,31-50,3,,,Not a Pedestrian,No priority to vehicle,Slight Injury
18:49:00,Thursday,31-50,Male,Junior high school,Employee,1-2yr,Automobile,Owner,Unknown,,Other,Two-way (divided with solid lines road marking),Tangent road with flat terrain,,Asphalt roads,Wet or damp,Darkness - lights lit,Cloudy,Vehicle with vehicle collision,2,1,Other,na,na,na,na,Self-employed,Normal,Not a Pedestrian,No priority to vehicle,Slight Injury
21:10:00,Friday,Unknown,Female,Elementary school,Employee,1-2yr,Public (> 45 seats),Owner,2-5yrs,,Other,One way,Tangent road with flat terrain,No junction,Asphalt roads,Dry,Darkness - lights lit,Normal,Vehicle with vehicle collision,4,1,Going straight,na,na,na,na,,Normal,Not a Pedestrian,Changing lane to the left,Slight Injury
20:50:00,Sunday,Over 51,Male,Unknown,Other,,Lorry (41?100Q),Owner,Unknown,No defect, Church areas,Double carriageway (median),Tangent road with flat terrain,No junction,Other,Dry,Darkness - lights lit,Normal,Vehicle with vehicle collision,2,1,Going straight,Passenger,Female,Over 51,3,Employee,Normal,Not a Pedestrian,Driving carelessly,Slight Injury
15:50:00,Saturday,18-30,Male,Junior high school,Employee,2-5yr,Stationwagen,Owner,,,Office areas,Two-way (divided with broken lines road marking),Tangent road with flat terrain,Crossing,Asphalt roads,Dry,Daylight,Unknown,Vehicle with vehicle collision,2,1,Moving Backward,na,na,na,na,Driver,Normal,Not a Pedestrian,Other,Slight Injury
13:20:00,Monday,Unknown,Male,High school,Employee,1-2yr,Lorry (41?100Q),Owner,1-2yr,No defect,Residential areas,Two-way (divided with broken lines road marking),Tangent road with flat terrain,Crossing,Asphalt roads,Dry,Daylight,Normal,Vehicle with vehicle collision,2,1,Going straight,Driver or rider,Female,18-30,3,Self-employed,Normal,Not a Pedestrian,Driving carelessly,Slight Injury
14:29:00,Saturday,31-50,Male,Above high school,Employee,Below 1yr,Automobile,Owner,,No defect,Other,Two-way (divided with broken lines road marking),Tangent road with flat terrain,Y Shape,Asphalt roads,Dry,Daylight,Unknown,Vehicle with vehicle collision,2,1,Going straight,Driver or rider,Male,31-50,3,Other,Normal,Not a Pedestrian,Moving Backward,Slight Injury
08:30:00,Tuesday,31-50,Male,Junior high school,Employee,Above 10yr,Public (13?45 seats),Owner,,,Other,Double carriageway (median),Tangent road with flat terrain,Y Shape,Asphalt roads,Dry,Daylight,Normal,Collision with pedestrians,2,1,Going straight,na,na,na,na,,Normal,Not a Pedestrian,No distancing,Slight Injury
13:17:00,Saturday,31-50,Male,High school,Owner,Above 10yr,Lorry (41?100Q),Owner,,,Office areas,,Tangent road with flat terrain,Y Shape,Asphalt roads,Dry,Daylight,Normal,Vehicle with vehicle collision,3,2,Going straight,na,na,na,na,Self-employed,Normal,Not a Pedestrian,Changing lane to the right,Slight Injury
05:40:00,Sunday,18-30,Male,High school,Owner,Above 10yr,Automobile,Owner,2-5yrs,No defect, Church areas,Undivided Two way,Tangent road with flat terrain,Other,Asphalt roads,Wet or damp,Darkness - lights lit,Windy,Vehicle with vehicle collision,2,1,Going straight,Driver or rider,Male,18-30,3,,,Not a Pedestrian,No distancing,Serious Injury
11:50:00,Monday,31-50,Male,Junior high school,Employee,1-2yr,Automobile,,,,Other,Undivided Two way,Tangent road with flat terrain,Y Shape,Asphalt roads,Dry,Daylight,Normal,Vehicle with vehicle collision,3,3,Waiting to go,Driver or rider,Male,31-50,3,Self-employed,Normal,Not a Pedestrian,Driving at high speed,Slight Injury
18:14:00,Saturday,31-50,Male,Junior high school,Employee,1-2yr,Lorry (11?40Q),Owner,1-2yr,No defect,Office areas,Undivided Two way,Tangent road with mild grade and flat terrain,No junction,Asphalt roads,Wet or damp,Darkness - lights lit,Normal,Vehicle with vehicle collision,1,1,Going straight,na,na,na,na,Driver,Normal,Not a Pedestrian,No distancing,Serious Injury
20:30:00,Sunday,Over 51,Male,Junior high school,Owner,5-10yr,,Owner,Unknown,,Residential areas,other,Tangent road with flat terrain,No junction,Asphalt roads,Wet or damp,Darkness - lights lit,Normal,Collision with roadside objects,2,6,Going straight,Passenger,Male,18-30,3,Driver,Normal,Not a Pedestrian,Driving at high speed,Slight Injury
21:10:00,Saturday,18-30,Male,Junior high school,Employee,2-5yr,Lorry (41?100Q),Owner,,No defect,Office areas,other,Tangent road with mountainous terrain and,No junction,Asphalt roads,Dry,Daylight,Normal,Vehicle with vehicle collision,2,1,Going straight,Driver or rider,Female,31-50,3,Driver,Normal,Not a Pedestrian,No distancing,Slight Injury
11:30:00,Tuesday,18-30,Male,Junior high school,Employee,1-2yr,Lorry (41?100Q),Owner,Unknown,,Office areas,Two-way (divided with broken lines road marking),Tangent road with mild grade and flat terrain,Crossing,Gravel roads,Wet or damp,Daylight,Normal,Vehicle with vehicle collision,4,6,Going straight,na,na,na,na,Driver,Normal,Not a Pedestrian,Changing lane to the left,Serious Injury
13:34:00,Friday,31-50,Male,,,,,Owner,,,Office areas,other,Tangent road with flat terrain,Y Shape,Asphalt roads,Dry,Daylight,Normal,Collision with roadside objects,2,1,Going straight,Passenger,Male,31-50,3,Employee,Normal,Not a Pedestrian,Changing lane to the left,Slight Injury
14:52:00,Tuesday,Under 18,Male,Junior high school,Employee,Below 1yr,Automobile,Owner,2-5yrs,No defect,Other,One way,Tangent road with flat terrain,Y Shape,Asphalt roads,Dry,Daylight,Normal,Collision with roadside objects,2,1,Going straight,Driver or rider,Male,Under 18,3,Driver,Normal,Not a Pedestrian,Driving under the influence of drugs,Serious Injury
12:30:00,Friday,Under 18,Male,Junior high school,Employee,Below 1yr,Lorry (41?100Q),Owner,Above 10yr,No defect,Other,One way,Tangent road with flat terrain,No junction,Asphalt roads,Dry,Daylight,Normal,Vehicle with vehicle collision,2,2,Going straight,Driver or rider,Male,Over 51,3,Driver,Normal,Not a Pedestrian,Overtaking,Slight Injury
20:30:00,Saturday,18-30,Male,High school,Employee,1-2yr,Automobile,Owner,Unknown,No defect,Other,One way,Tangent road with flat terrain,No junction,Asphalt roads,Dry,Daylight,Normal,Vehicle with vehicle collision,4,3,Going straight,Driver or rider,Male,18-30,3,Driver,Normal,Not a Pedestrian,Driving under the influence of drugs,Serious Injury
07:18:00,Thursday,Over 51,Male,High school,Employee,5-10yr,Stationwagen,Owner,2-5yrs,No defect, Outside rural areas,Undivided Two way,Tangent road with mountainous terrain and,No junction,Asphalt roads,Wet or damp,Daylight,Normal,Collision with pedestrians,2,1,Going straight,Driver or rider,Male,18-30,3,Self-employed,Normal,Not a Pedestrian,No priority to vehicle,Slight Injury
02:47:00,Friday,31-50,Male,High school,Employee,5-10yr,Automobile,Owner,,No defect,  Recreational areas,Undivided Two way,Tangent road with flat terrain,No junction,Asphalt roads,Dry,Darkness - lights lit,Normal,Vehicle with vehicle collision,1,1,Going straight,na,na,na,na,Driver,Normal,Not a Pedestrian,No priority to pedestrian,Fatal injury
18:15:00,Thursday,Over 51,Male,Junior high school,Employee,Above 10yr,Lorry (41?100Q),Organization,1-2yr,, Church areas,,Tangent road with flat terrain,Unknown,Asphalt roads,Wet or damp,Darkness - lights lit,Raining,Collision with roadside objects,2,1,Going straight,na,na,na,na,Driver,Normal,Not a Pedestrian,No distancing,Serious Injury
18:35:00,Saturday,31-50,Male,Above high school,Employee,No Licence,Automobile,Owner,2-5yrs,No defect,Office areas,Two-way (divided with broken lines road marking),Tangent road with flat terrain,No junction,Asphalt roads,Dry,Darkness - lights lit,Normal,Collision with roadside objects,2,1,Going straight,Driver or rider,Male,31-50,2,,,Not a Pedestrian,Changing lane to the left,Slight Injury
13:16:00,Thursday,31-50,Male,Junior high school,Employee,2-5yr,Automobile,Owner,Above 10yr,,  Market areas,other,Steep grade downward with mountainous terrain,Y Shape,Asphalt roads,Dry,Daylight,Normal,Vehicle with vehicle collision,2,1,Going straight,na,na,na,na,Self-employed,Normal,Not a Pedestrian,No distancing,Slight Injury
17:21:00,Sunday,Over 51,Male,High school,Owner,Above 10yr,Public (> 45 seats),Owner,,No defect,  Recreational areas,Undivided Two way,Tangent road with flat terrain,Crossing,Asphalt roads,Dry,Daylight,Normal,Vehicle with vehicle collision,2,2,Going straight,na,na,na,na,Driver,Normal,Not a Pedestrian,Moving Backward,Serious Injury
07:58:00,Wednesday,18-30,Male,Junior high school,Employee,5-10yr,Stationwagen,Owner,2-5yrs,,Other,Undivided Two way,Tangent road with flat terrain,Y Shape,Asphalt roads,Dry,Daylight,Normal,Vehicle with vehicle collision,2,1,Other,na,na,na,na,Driver,Normal,Not a Pedestrian,Overtaking,Slight Injury
20:14:00,Monday,18-30,Male,Junior high school,Employee,2-5yr,Public (13?45 seats),Owner,Unknown,No defect,Other,Two-way (divided with broken lines road marking),Tangent road with flat terrain,Crossing,Asphalt roads,Dry,Darkness - lights lit,Normal,Vehicle with vehicle collision,2,2,Other,na,na,na,na,Driver,Normal,Not a Pedestrian,No priority to vehicle,Slight Injury
17:22:00,Sunday,Under 18,Male,Elementary school,Other,5-10yr,Public (13?45 seats),Owner,,No defect,Other,Undivided Two way,Tangent road with flat terrain,Crossing,Asphalt roads,Wet or damp,Darkness - lights lit,Normal,Vehicle with vehicle collision,2,2,Other,Driver or rider,Male,Under 18,3,Driver,Normal,Not a Pedestrian,No priority to pedestrian,Serious Injury
16:59:00,Saturday,Over 51,Male,Junior high school,Employee,2-5yr,Other,Owner,Above 10yr,No defect, Outside rural areas,Two-way (divided with broken lines road marking),Tangent road with mountainous terrain and,No junction,Gravel roads,Wet or damp,Darkness - lights lit,Other,Collision with roadside objects,1,1,Reversing,Driver or rider,Female,18-30,3,Driver,Normal,Not a Pedestrian,Driving carelessly,Serious Injury
18:00:00,Tuesday,18-30,Male,Junior high school,Employee,2-5yr,Automobile,Owner,5-10yrs,7,,Two-way (divided with broken lines road marking),Tangent road with flat terrain,Y Shape,Asphalt roads,Dry,Darkness - lights lit,Normal,Vehicle with vehicle collision,1,1,Going straight,Pedestrian,Male,31-50,3,Self-employed,Normal,Not a Pedestrian,Changing lane to the right,Slight Injury
12:29:00,Tuesday,18-30,Male,Elementary school,Other,5-10yr,Public (12 seats),Owner,,No defect,Other,Undivided Two way,Tangent road with flat terrain,Y Shape,Asphalt roads,Wet or damp,Darkness - lights lit,Normal,Vehicle with vehicle collision,2,1,Going straight,Driver or rider,Male,18-30,3,Driver,Normal,Not a Pedestrian,No distancing,Slight Injury
17:25:00,Thursday,18-30,Male,Junior high school,Employee,5-10yr,Automobile,Owner,Above 10yr,No defect,Other,Undivided Two way,Tangent road with flat terrain,Crossing,Asphalt roads,Dry,Daylight,Normal,Vehicle with vehicle collision,1,1,Going straight,Pedestrian,Male,Under 18,3,Driver,Normal,Not a Pedestrian,Changing lane to the left,Serious Injury
22:15:00,Friday,Unknown,Male,High school,Employee,1-2yr,Lorry (11?40Q),Owner,,,Office areas,Two-way (divided with broken lines road marking),Tangent road with flat terrain,Y Shape,Asphalt roads,Dry,Darkness - lights lit,Unknown,Vehicle with vehicle collision,2,2,Other,Driver or rider,Male,31-50,3,Driver,Normal,Not a Pedestrian,No distancing,Slight Injury
13:00:00,Thursday,18-30,Male,Junior high school,Employee,Above 10yr,Pick up upto 10Q,Owner,5-10yrs,,Other,Two-way (divided with broken lines road marking),Tangent road with flat terrain,No junction,Asphalt roads,Wet or damp,Daylight,Raining,Vehicle with vehicle collision,2,1,Going straight,na,na,na,na,Driver,Normal,Not a Pedestrian,Driving carelessly,Serious Injury
17:00:00,Tuesday,31-50,Male,Junior high school,Employee,1-2yr,Other,Owner,Unknown,No defect,Office areas,Two-way (divided with solid lines road marking),Tangent road with flat terrain,No junction,Asphalt roads,Dry,Daylight,Normal,Other,2,2,Getting off,Driver or rider,Male,18-30,3,,,Not a Pedestrian,Moving Backward,Slight Injury
11:30:00,Tuesday,18-30,Male,Junior high school,Employee,5-10yr,Lorry (41?100Q),Owner,5-10yrs,No defect, Industrial areas,Two-way (divided with broken lines road marking),Tangent road with mild grade and flat terrain,Crossing,Asphalt roads,Wet or damp,Daylight,Normal,Vehicle with vehicle collision,4,6,Going straight,Driver or rider,Male,31-50,3,Driver,Normal,Not a Pedestrian,Getting off the vehicle improperly,Serious Injury
19:35:00,Thursday,Under 18,Male,Junior high school,Employee,5-10yr,Automobile,Owner,,No defect,Other,Two-way (divided with broken lines road marking),Tangent road with flat terrain,Y Shape,Asphalt roads,Dry,Daylight,Normal,Vehicle with vehicle collision,2,1,Going straight,na,na,na,na,Driver,Normal,Not a Pedestrian,Overturning,Slight Injury
14:00:00,Saturday,18-30,Male,Elementary school,Owner,Below 1yr,Pick up upto 10Q,Owner,,No defect,Office areas,Two-way (divided with broken lines road marking),Tangent road with mild grade and flat terrain,Y Shape,Asphalt roads,Dry,Daylight,Normal,Vehicle with vehicle collision,2,1,Going straight,Driver or rider,Male,18-30,3,,,Not a Pedestrian,No priority to pedestrian,Serious Injury
20:15:00,Thursday,31-50,Male,Junior high school,Employee,Above 10yr,Lorry (41?100Q),Owner,Above 10yr,No defect,Office areas,Two-way (divided with broken lines road marking),Sharp reverse curve,Y Shape,Asphalt roads with some distress,Dry,Daylight,Normal,Collision with roadside objects,2,1,Going straight,na,na,na,na,Driver,Normal,Not a Pedestrian,Driving to the left,Slight Injury
18:41:00,Wednesday,31-50,Male,High school,Employee,No Licence,Stationwagen,Owner,Above 10yr,No defect,Other,other,Tangent road with flat terrain,Y Shape,Asphalt roads,Dry,Daylight,Normal,Collision with roadside objects,2,1,Going straight,Passenger,Female,Under 18,3,Driver,Normal,Not a Pedestrian,Changing lane to the right,Slight Injury
17:10:00,Thursday,18-30,Male,Junior high school,Employee,1-2yr,Stationwagen,Owner,2-5yrs,,Other,Undivided Two way,Tangent road with flat terrain,No junction,Asphalt roads,Dry,Daylight,Normal,Vehicle with vehicle collision,2,1,Going straight,Driver or rider,Female,Over 51,2,,,Not a Pedestrian,Other,Fatal injury
07:43:00,Friday,31-50,Male,High school,Owner,2-5yr,Public (12 seats),Owner,,No defect,Residential areas,Undivided Two way,Tangent road with flat terrain,Y Shape,Asphalt roads,Dry,Daylight,Normal,Vehicle with vehicle collision,2,2,Going straight,Driver or rider,Female,18-30,3,Other,Normal,Not a Pedestrian,No distancing,Slight Injury
10:30:00,Monday,Over 51,Male,Junior high school,Employee,5-10yr,Public (12 seats),Owner,5-10yrs,No defect, Industrial areas,other,Tangent road with flat terrain,No junction,Asphalt roads,Dry,Daylight,Normal,Vehicle with vehicle collision,2,1,Turnover,Driver or rider,Male,18-30,3,Self-employed,Normal,Not a Pedestrian,No priority to vehicle,Slight Injury
07:50:00,Thursday,18-30,Female,Elementary school,Owner,2-5yr,Lorry (41?100Q),Governmental,,No defect,Other,Undivided Two way,Tangent road with flat terrain,,Asphalt roads,Dry,Daylight,Normal,Vehicle with vehicle collision,2,1,Going straight,na,na,na,na,Employee,Normal,Not a Pedestrian,No priority to pedestrian,Slight Injury
04:00:00,Friday,18-30,Male,Junior high school,Employee,1-2yr,Lorry (41?100Q),Owner,Above 10yr,No defect, Church areas,Undivided Two way,Sharp reverse curve,,Asphalt roads,Wet or damp,Darkness - lights lit,Normal,Vehicle with vehicle collision,2,1,Going straight,Passenger,Male,5,3,Driver,Normal,Not a Pedestrian,Driving at high speed,Serious Injury
05:50:00,Tuesday,31-50,Male,Junior high school,Owner,Above 10yr,Lorry (41?100Q),Owner,5-10yrs,No defect,School areas,other,Tangent road with flat terrain,No junction,Asphalt roads,Wet or damp,Darkness - lights lit,Other,Vehicle with vehicle collision,2,1,Going straight,na,na,na,na,,,Not a Pedestrian,Changing lane to the left,Serious Injury
09:32:00,Sunday,31-50,Male,Unknown,Owner,Above 10yr,Automobile,Owner,,No defect,Other,Undivided Two way,Tangent road with flat terrain,,Asphalt roads,Dry,Daylight,Normal,Vehicle with vehicle collision,2,1,Going straight,na,na,na,na,Self-employed,Normal,Not a Pedestrian,Changing lane to the right,Slight Injury
13:05:00,Monday,Over 51,Male,Elementary school,Employee,5-10yr,Other,Governmental,2-5yrs,,Residential areas,Two-way (divided with broken lines road marking),,Y Shape,Asphalt roads,Dry,Daylight,Normal,Collision with roadside objects,2,1,Other,Passenger,Female,Over 51,3,Driver,Normal,Not a Pedestrian,Changing lane to the right,Slight Injury
17:30:00,Thursday,31-50,Male,Junior high school,Employee,Above 10yr,Lorry (41?100Q),Owner,5-10yrs,,Office areas,Undivided Two way,Tangent road with mountainous terrain and,Y Shape,Asphalt roads,Dry,Daylight,Normal,Vehicle with vehicle collision,1,1,Going straight,Driver or rider,Male,18-30,3,,,Not a Pedestrian,Overturning,Serious Injury
12:11:00,Thursday,18-30,Male,Elementary school,Employee,5-10yr,Lorry (41?100Q),Owner,,No defect,  Recreational areas,other,Tangent road with flat terrain,Y Shape,Asphalt roads,Dry,Daylight,Normal,Other,2,1,Getting off,Passenger,Female,31-50,3,Driver,Normal,Not a Pedestrian,Overloading,Serious Injury
17:50:00,Friday,31-50,Male,High school,Employee,5-10yr,Stationwagen,Owner,,,Office areas,Undivided Two way,Tangent road with flat terrain,Crossing,Asphalt roads,Dry,Daylight,Normal,Vehicle with vehicle collision,3,2,Going straight,Driver or rider,Male,Over 51,3,,,Not a Pedestrian,No distancing,Slight Injury
07:50:00,Wednesday,Unknown,Male,High school,Employee,Above 10yr,Automobile,Owner,5-10yrs,No defect,School areas,other,Tangent road with flat terrain,Y Shape,Asphalt roads,Dry,Daylight,Normal,Vehicle with vehicle collision,2,1,Going straight,Pedestrian,Male,31-50,2,,,Not a Pedestrian,Moving Backward,Slight Injury
18:54:00,Tuesday,31-50,Male,Junior high school,Owner,1-2yr,Automobile,Owner,,No defect,Office areas,Two-way (divided with broken lines road marking),Tangent road with flat terrain,Crossing,Asphalt roads,Dry,Daylight,Normal,Vehicle with vehicle collision,1,1,Going straight,Driver or rider,Male,31-50,3,Driver,Normal,Not a Pedestrian,No distancing,Slight Injury
22:22:00,Saturday,31-50,Male,Junior high school,Employee,Below 1yr,Other,Owner,1-2yr,No defect, Industrial areas,One way,Tangent road with flat terrain,Crossing,Asphalt roads,Dry,Darkness - lights lit,Normal,Collision with roadside objects,1,1,Entering a junction,Driver or rider,Male,Over 51,3,,,Not a Pedestrian,Driving under the influence of drugs,Slight Injury
16:20:00,Wednesday,Unknown,Female,Illiterate,Employee,2-5yr,Automobile,Owner,Unknown,No defect,Residential areas,Undivided Two way,Tangent road with flat terrain,Y Shape,Asphalt roads,Dry,Daylight,Normal,Vehicle with vehicle collision,2,1,Going straight,Driver or rider,Male,18-30,2,Self-employed,Normal,Not a Pedestrian,Other,Slight Injury
22:30:00,Sunday,Over 51,Male,Elementary school,Employee,5-10yr,Automobile,Governmental,,No defect,Residential areas,Two-way (divided with broken lines road marking),Tangent road with flat terrain,Crossing,Asphalt roads,Dry,Darkness - lights lit,Normal,Collision with pedestrians,2,4,Going straight,Driver or rider,Female,31-50,3,,,Not a Pedestrian,Moving Backward,Fatal injury
19:28:00,Friday,31-50,Male,Elementary school,Employee,Above 10yr,Other,Owner,1-2yr,No defect, Hospital areas,Undivided Two way,Tangent road with flat terrain,,Asphalt roads,Dry,Darkness - lights lit,Normal,Vehicle with vehicle collision,2,1,Going straight,Passenger,Female,31-50,3,Self-employed,Normal,Not a Pedestrian,Driving to the left,Slight Injury
22:20:00,Tuesday,18-30,Male,Above high school,Employee,Above 10yr,Lorry (41?100Q),Owner,2-5yrs,,Residential areas,Undivided Two way,Tangent road with flat terrain,Y Shape,Asphalt roads,Dry,Darkness - lights lit,Normal,Rollover,2,1,Going straight,na,na,na,na,Other,Normal,Not a Pedestrian,No distancing,Slight Injury
11:30:00,Monday,31-50,Male,Junior high school,Employee,Above 10yr,Public (12 seats),Governmental,,No defect,Residential areas,other,Tangent road with flat terrain,Y Shape,Asphalt roads,Dry,Daylight,Normal,Collision with roadside objects,2,1,Other,Driver or rider,Female,18-30,3,Driver,Normal,Not a Pedestrian,Other,Slight Injury
17:08:00,Tuesday,Under 18,Male,Junior high school,Employee,Below 1yr,Lorry (41?100Q),Owner,5-10yrs,No defect,Office areas,Two-way (divided with broken lines road marking),Tangent road with flat terrain,No junction,Asphalt roads,Dry,Daylight,Normal,Vehicle with vehicle collision,2,1,Other,Driver or rider,Female,31-50,3,Driver,Normal,Not a Pedestrian,Changing lane to the right,Slight Injury
09:15:00,Tuesday,Over 51,Male,Junior high school,Employee,2-5yr,Public (12 seats),Owner,Above 10yr,No defect,School areas,Undivided Two way,Tangent road with flat terrain,No junction,Asphalt roads,Dry,Daylight,Cloudy,Vehicle with vehicle collision,2,1,Going straight,Passenger,Female,Over 51,3,Self-employed,Normal,Not a Pedestrian,Changing lane to the right,Slight Injury
01:00:00,Sunday,31-50,Male,Junior high school,Employee,Below 1yr,Automobile,Owner,,No defect,Other,One way,Tangent road with flat terrain,Y Shape,Asphalt roads,Dry,Darkness - lights lit,Normal,Vehicle with vehicle collision,2,1,Going straight,Pedestrian,Female,Over 51,3,Self-employed,Normal,Unknown or other,Changing lane to the right,Slight Injury
11:11:00,Wednesday,18-30,Male,Junior high school,Employee,Above 10yr,Lorry (41?100Q),Owner,Above 10yr,No defect,Other,Two-way (divided with broken lines road marking),Tangent road with flat terrain,Y Shape,Asphalt roads,Dry,Daylight,Normal,Vehicle with vehicle collision,2,2,Waiting to go,Driver or rider,Male,31-50,3,Employee,Normal,Not a Pedestrian,Changing lane to the right,Fatal injury
17:34:00,Monday,31-50,Male,High school,Employee,Below 1yr,Special vehicle,Owner,Unknown,,Other,Two-way (divided with broken lines road marking),Tangent road with flat terrain,Y Shape,Asphalt roads,Dry,Darkness - lights lit,Normal,Vehicle with vehicle collision,2,1,Other,na,na,na,na,Self-employed,Normal,Not a Pedestrian,No priority to vehicle,Slight Injury
10:40:00,Wednesday,Unknown,Male,Junior high school,Owner,2-5yr,Other,Owner,Unknown,No defect,Residential areas,Undivided Two way,Tangent road with flat terrain,No junction,Asphalt roads,Dry,Daylight,Unknown,Collision with pedestrians,3,3,Going straight,Driver or rider,Female,18-30,3,Driver,Normal,Not a Pedestrian,Changing lane to the right,Slight Injury
17:57:00,Saturday,Over 51,Male,Elementary school,Employee,Above 10yr,Pick up upto 10Q,Owner,Above 10yr,,Office areas,Undivided Two way,Tangent road with flat terrain,Crossing,Asphalt roads,Wet or damp,Darkness - no lighting,Raining,Vehicle with vehicle collision,1,1,Going straight,Driver or rider,Male,Under 18,3,Driver,Normal,Not a Pedestrian,Changing lane to the left,Serious Injury
18:25:00,Wednesday,31-50,Male,High school,Employee,Above 10yr,,Owner,,No defect,Other,Two-way (divided with broken lines road marking),Tangent road with flat terrain,Crossing,Asphalt roads,Dry,Daylight,Normal,Vehicle with vehicle collision,3,1,Going straight,Driver or rider,Male,Under 18,3,Driver,Normal,Not a Pedestrian,Driving carelessly,Slight Injury
19:55:00,Sunday,18-30,Male,Junior high school,Owner,5-10yr,Pick up upto 10Q,Owner,,No defect,Other,One way,Escarpments,,Asphalt roads,Wet or damp,Daylight,Raining,Collision with roadside objects,2,4,Getting off,Driver or rider,Male,18-30,3,,,Not a Pedestrian,Changing lane to the right,Fatal injury
07:47:00,Monday,31-50,Male,Elementary school,Employee,Above 10yr,,Owner,2-5yrs,No defect,Other,other,Tangent road with flat terrain,No junction,Asphalt roads,Dry,Daylight,Normal,Collision with pedestrians,2,1,Going straight,na,na,na,na,Driver,Normal,Not a Pedestrian,Changing lane to the left,Slight Injury
18:19:00,Monday,18-30,Male,Junior high school,Employee,2-5yr,Automobile,Governmental,5-10yrs,No defect, Church areas,Two-way (divided with broken lines road marking),Tangent road with flat terrain,Crossing,Asphalt roads,Dry,Daylight,Normal,Vehicle with vehicle collision,2,1,Going straight,Driver or rider,Male,31-50,3,Driver,Normal,Not a Pedestrian,Changing lane to the left,Slight Injury
19:06:00,Saturday,31-50,Male,Junior high school,Employee,5-10yr,Automobile,,,,Office areas,,Tangent road with mild grade and flat terrain,Unknown,Asphalt roads,Dry,Darkness - lights lit,Normal,Vehicle with vehicle collision,2,2,Going straight,Driver or rider,Male,31-50,3,Driver,Normal,Not a Pedestrian,No distancing,Slight Injury
18:40:00,Friday,18-30,Male,Junior high school,Owner,2-5yr,Automobile,Owner,Unknown,No defect,Office areas,Two-way (divided with broken lines road marking),Tangent road with flat terrain,No junction,Asphalt roads,Dry,Daylight,Normal,Vehicle with vehicle collision,2,1,Going straight,na,na,na,na,Self-employed,NormalNormal,Not a Pedestrian,Changing lane to the right,Slight Injury
07:40:00,Monday,18-30,Male,Junior high school,Owner,5-10yr,,Governmental,1-2yr,No defect,Other,Two-way (divided with broken lines road marking),Tangent road with flat terrain,No junction,Asphalt roads,Wet or damp,Daylight,Raining,Vehicle with vehicle collision,2,1,Entering a junction,Driver or rider,Male,31-50,3,Driver,Normal,Not a Pedestrian,Moving Backward,Slight Injury
17:10:00,Thursday,18-30,Male,Junior high school,Employee,5-10yr,Lorry (11?40Q),Owner,2-5yrs,,Other,Undivided Two way,Tangent road with mountainous terrain and,No junction,Asphalt roads,Dry,Daylight,Normal,Vehicle with vehicle collision,2,1,Moving Backward,na,na,na,na,Self-employed,Normal,Not a Pedestrian,Improper parking,Fatal injury
09:21:00,Wednesday,31-50,Male,Junior high school,Employee,1-2yr,Automobile,,,,Office areas,,Tangent road with mild grade and flat terrain,Crossing,Asphalt roads,Dry,Daylight,Normal,Vehicle with vehicle collision,2,1,Other,na,na,na,na,,,Not a Pedestrian,Driving carelessly,Slight Injury
20:03:00,Saturday,Unknown,Male,High school,Employee,1-2yr,Automobile,Owner,,No defect,Other,Two-way (divided with broken lines road marking),Tangent road with flat terrain,Other,Asphalt roads,Dry,Daylight,Normal,Rollover,2,1,Moving Backward,Driver or rider,Male,31-50,3,Employee,Normal,Not a Pedestrian,Moving Backward,Slight Injury
09:51:00,Tuesday,31-50,Male,Junior high school,Employee,Below 1yr,Stationwagen,Governmental,,No defect, Industrial areas,Undivided Two way,Tangent road with flat terrain,Crossing,Asphalt roads,Dry,Daylight,Normal,Vehicle with vehicle collision,2,1,Going straight,Pedestrian,Male,Under 18,1,Driver,Normal,Crossing from nearside - masked by parked or statioNot a Pedestrianry vehicle,No distancing,Slight Injury
20:15:00,Saturday,Unknown,Male,Junior high school,Employee,1-2yr,Pick up upto 10Q,Owner,2-5yrs,No defect,Office areas,Double carriageway (median),Tangent road with flat terrain,Crossing,Asphalt roads,Dry,Darkness - lights lit,Normal,Vehicle with vehicle collision,2,1,Going straight,Pedestrian,Male,18-30,3,,,Unknown or other,Overtaking,Slight Injury