Time,Day_of_week,Age_band_of_driver,Sex_of_driver,Educational_level,Vehicle_driver_relation,Driving_experience,Type_of_vehicle,Owner_of_vehicle,Service_year_of_vehicle,Defect_of_vehicle,Area_accident_occured,Lanes_or_Medians,Road_allignment,Types_of_Junction,Road_surface_type,Road_surface_conditions,Light_conditions,Weather_conditions,Type_of_collision,Number_of_vehicles_involved,Number_of_casualties,Vehicle_movement,Casualty_class,Sex_of_casualty,Age_band_of_casualty,Casualty_severity,Work_of_casuality,Fitness_of_casuality,Pedestrian_movement,Cause_of_accident,Accident_severity
13:30:00,Monday,Unknown,Male,Elementary school,Owner,5-10yr,,Owner,Above 10yr,No defect, Hospital areas,Two-way (divided with broken lines road marking),Tangent road with flat terrain,Crossing,Asphalt roads,Dry,Daylight,Normal,Vehicle with vehicle collision,2,3,Going straight,na,na,na,na,Driver,Normal,Not a Pedestrian,Overtaking,Slight Injury
16:13:00,Wednesday,31-50,Male,Junior high school,Employee,2-5yr,Pick up upto 10Q,Organization,2-5yrs,, Industrial areas,Two-way (divided with broken lines road marking),Tangent road with flat terrain,Crossing,Asphalt roads,Wet or damp,Darkness - lights lit,Cloudy,Collision with roadside objects,2,1,Going straight,Driver or rider,Male,31-50,3,Driver,Normal,Not a Pedestrian,Moving Backward,Slight Injury
16:45:00,Saturday,Over 51,Male,High school,Owner,5-10yr,Lorry (41?100Q),Governmental,5-10yrs,No defect,Other,Undivided Two way,Tangent road with flat terrain,Y Shape,Asphalt roads,Dry,Darkness - lights lit,Normal,Vehicle with vehicle collision,2,1,Moving Backward,Driver or rider,Male,18-30,3,Driver,Normal,Not a Pedestrian,Changing lane to the right,Slight Injury
14:50:00,Saturday,Over 51,Male,Elementary school,Employee,5-10yr,Stationwagen,Owner,1-2yr,No defect,Office areas,Two-way (divided with broken lines road marking),Tangent road with flat terrain,Crossing,Asphalt roads,Dry,Daylight,Normal,Vehicle with vehicle collision,4,2,Other,na,na,na,na,Driver,Normal,Not a Pedestrian,Driving under the influence of drugs,Slight Injury
20:46:00,Saturday,18-30,Male,Junior high school,Owner,5-10yr,Lorry (41?100Q),Owner,,No defect,Other,Two-way (divided with broken lines road marking),Tangent road with flat terrain,,Asphalt roads,Dry,Daylight,Normal,Collision with pedestrians,3,3,Going straight,na,na,na,na,Driver,Normal,Not a Pedestrian,No distancing,Slight Injury
07:40:00,Friday,31-50,Male,High school,Owner,Above 10yr,Pick up upto 10Q,Owner,,No defect, Church areas,Double carriageway (median),Tangent road with flat terrain,No junction,Asphalt roads,Dry,Daylight,Normal,Vehicle with vehicle collision,2,1,Going straight,Passenger,Female,Under 18,3,Driver,Normal,Not a Pedestrian,Changing lane to the left,Slight Injury
16:00:00,Wednesday,18-30,Male,Junior high school,Employee,,,Governmental,Unknown,No defect,  Market areas,Undivided Two way,Tangent road with flat terrain,Y Shape,Asphalt roads,Dry,Daylight,Normal,Other,2,2,Going straight,Driver or rider,Female,31-50,3,,,Not a Pedestrian,Driving carelessly,Slight Injury
13:35:00,Monday,18-30,Male,Junior high school,Owner,2-5yr,Pick up upto 10Q,Owner,Unknown,No defect,Office areas,Double carriageway (median),Gentle horizontal curve,Y Shape,Asphalt roads,Dry,Daylight,Normal,Collision with roadside objects,2,1,Reversing,Driver or rider,Male,18-30,3,,,Not a Pedestrian,Driving carelessly,Slight Injury
20:40:00,Tuesday,31-50,Male,Junior high school,Employee,5-10yr,Lorry (41?100Q),Owner,Above 10yr,No defect,Office areas,other,Tangent road with flat terrain,Crossing,Asphalt roads,Dry,Darkness - lights lit,Normal,Vehicle with vehicle collision,2,1,Going straight,Pedestrian,Female,Over 51,2,Other,Normal,Crossing from nearside - masked by parked or statioNot a Pedestrianry vehicle,Changing lane to the left,Slight Injury
07:50:00,Tuesday,18-30,Male,High school,Employee,2-5yr,Lorry (41?100Q),Organization,Unknown,No defect,Other,Double carriageway (median),Tangent road with flat terrain,Y Shape,Asphalt roads,Dry,Daylight,Normal,Vehicle with vehicle collision,2,2,Going straight,na,na,na,na,Self-employed,Normal,Not a Pedestrian,Moving Backward,Slight Injury
08:24:00,Monday,31-50,Male,Junior high school,Employee,Above 10yr,,Owner,Above 10yr,No defect,Office areas,Two-way (divided with broken lines road marking),Tangent road with flat terrain,Y Shape,Asphalt roads,Dry,Daylight,Normal,Vehicle with vehicle collision,3,1,Turnover,Passenger,Female,18-30,3,Self-employed,Normal,Not a Pedestrian,No priority to vehicle,Slight Injury
10:00:00,Tuesday,Unknown,Male,Junior high school,Employee,2-5yr,Lorry (41?100Q),Owner,1-2yr,No defect,,Undivided Two way,Tangent road with flat terrain,Y Shape,Asphalt roads,Wet or damp,Daylight,Normal,Vehicle with vehicle collision,2,1,Getting off,Driver or rider,Male,18-30,3,Driver,Normal,Not a Pedestrian,No priority to vehicle,Slight Injury
23:30:00,Sunday,Over 51,Male,Junior high school,Employee,1-2yr,Pick up upto 10Q,Owner,Above 10yr,No defect,Residential areas,other,Tangent road with flat terrain,Crossing,Asphalt roads,Dry,Darkness - lights lit,Normal,Collision with roadside objects,3,1,Going straight,Driver or rider,Male,18-30,3,Driver,Normal,Not a Pedestrian,Changing lane to the left,Slight Injury
21:30:00,Friday,31-50,Male,Junior high school,Employee,1-2yr,Other,Owner,Unknown,No defect,Other,Two-way (divided with broken lines road marking),Steep grade downward with mountainous terrain,Crossing,Asphalt roads,Dry,Darkness - lights lit,Normal,Vehicle with vehicle collision,2,2,Moving Backward,na,na,na,na,Driver,Normal,Not a Pedestrian,Driving carelessly,Slight Injury
13:13:00,Friday,18-30,Male,Junior high school,Owner,2-5yr,,Owner,,No defect,Residential areas,Double carriageway (median),Tangent road with flat terrain,,Asphalt roads,Wet or damp,Daylight,Other,Vehicle with vehicle collision,2,3,Reversing,Passenger,Female,5,3,Driver,Normal,Not a Pedestrian,Changing lane to the right,Slight Injury
01:35:00,Sunday,31-50,Male,Elementary school,Employee,Above 10yr,Motorcycle,Owner,Above 10yr,,Other,Undivided Two way,Tangent road with flat terrain,Y Shape,,Wet or damp,Darkness - lights lit,Normal,Vehicle with vehicle collision,3,3,Going straight,na,na,na,na,Driver,Normal,Not a Pedestrian,Moving Backward,Serious Injury
13:05:00,Thursday,18-30,Male,Junior high school,Employee,2-5yr,Automobile,Governmental,,No defect,Other,Undivided Two way,Tangent road with flat terrain,No junction,Asphalt roads,Dry,Daylight,Normal,Vehicle with vehicle collision,1,1,Moving Backward,Pedestrian,Female,Under 18,3,,,Not a Pedestrian,Driving to the left,Serious Injury
19:44:00,Saturday,18-30,Male,Junior high school,Employee,1-2yr,Public (12 seats),Owner,2-5yrs,No defect,Other,Two-way (divided with broken lines road marking),Tangent road with flat terrain,Y Shape,Asphalt roads,Dry,Daylight,Normal,Vehicle with vehicle collision,2,2,Going straight,na,na,na,na,Driver,Normal,Not a Pedestrian,No priority to vehicle,Serious Injury
00:55:00,Sunday,31-50,Male,Elementary school,Employee,Above 10yr,Automobile,Owner,5-10yrs,,Office areas,Double carriageway (median),Tangent road with flat terrain,No junction,Gravel roads,Wet or damp,Darkness - lights lit,Raining,Vehicle with vehicle collision,2,1,Other,na,na,na,na,Self-employed,Normal,Not a Pedestrian,No distancing,Slight Injury
00:51:00,Monday,18-30,Male,Junior high school,Employee,5-10yr,Other,Organization,Above 10yr,No defect,Other,Two-way (divided with broken lines road marking),Tangent road with flat terrain,Crossing,Asphalt roads,Dry,Darkness - lights lit,Normal,Collision with roadside objects,2,1,Going straight,na,na,na,na,,,Not a Pedestrian,Driving carelessly,Slight Injury
15:20:00,Tuesday,18-30,Male,Junior high school,Owner,Below 1yr,Stationwagen,Owner,Unknown,,Other,Two-way (divided with broken lines road marking),Tangent road with flat terrain,No junction,Asphalt roads,Dry,Daylight,Normal,Vehicle with vehicle collision,1,1,Going straight,Driver or rider,Male,31-50,3,,,Not a Pedestrian,No distancing,Slight Injury
14:43:00,Thursday,31-50,Male,Junior high school,Employee,1-2yr,Public (12 seats),Owner,,No defect,Other,Undivided Two way,Tangent road with flat terrain,No junction,,Wet or damp,Daylight,Raining,Vehicle with vehicle collision,2,1,Other,na,na,na,na,Driver,Normal,Not a Pedestrian,Driving carelessly,Slight Injury
15:56:00,Friday,18-30,Male,High school,Employee,Below 1yr,Automobile,Owner,,,Other,Two-way (divided with broken lines road marking),Tangent road with flat terrain,No junction,Asphalt roads,Dry,Daylight,Cloudy,Vehicle with vehicle collision,2,1,Moving Backward,Driver or rider,Male,31-50,3,Driver,Normal,Not a Pedestrian,Changing lane to the left,Slight Injury
13:35:00,Tuesday,31-50,Male,Junior high school,Employee,5-10yr,Other,Owner,,No defect,Other,Two-way (divided with broken lines road marking),Tangent road with flat terrain,No junction,Asphalt roads,Dry,Daylight,Normal,Vehicle with vehicle collision,2,5,Entering a junction,Passenger,Male,18-30,3,Driver,Normal,Not a Pedestrian,Moving Backward,Slight Injury
09:40:00,Monday,31-50,Male,Junior high school,Employee,2-5yr,Automobile,Owner,5-10yrs,No defect,Other,Two-way (divided with broken lines road marking),Tangent road with flat terrain,No junction,Asphalt roads,Dry,Daylight,Other,Vehicle with vehicle collision,2,1,Going straight,na,na,na,na,,,Not a Pedestrian,Driving carelessly,Slight Injury
14:30:00,Monday,31-50,Male,Junior high school,Employee,2-5yr,Lorry (41?100Q),Owner,2-5yrs,,Other,Two-way (divided with broken lines road marking),Tangent road with flat terrain,No junction,Asphalt roads,Wet or damp,Daylight,Unknown,Collision with roadside objects,2,1,Getting off,Pedestrian,Male,18-30,3,Driver,Normal,Unknown or other,Moving Backward,Slight Injury
19:30:00,Saturday,18-30,Male,Junior high school,Owner,2-5yr,Automobile,Owner,,No defect, Church areas,Undivided Two way,Tangent road with flat terrain,,Asphalt roads,Dry,Daylight,Normal,Vehicle with vehicle collision,2,2,Moving Backward,na,na,na,na,Driver,Normal,Not a Pedestrian,Other,Serious Injury
18:40:00,Friday,18-30,Male,Above high school,Employee,1-2yr,Automobile,Owner,1-2yr,No defect,Office areas,Two-way (divided with broken lines road marking),Tangent road with flat terrain,No junction,Asphalt roads,Dry,Daylight,Normal,Vehicle with vehicle collision,2,1,Moving Backward,Passenger,Female,31-50,3,Driver,Normal,Not a Pedestrian,Changing lane to the left,Slight Injury
13:10:00,Sunday,31-50,Male,High school,Owner,2-5yr,Automobile,Owner,,No defect,Office areas,Double carriageway (median),Tangent road with flat terrain,No junction,Asphalt roads,Dry,Daylight,Normal,Vehicle with vehicle collision,2,4,Other,Driver or rider,Male,Under 18,3,Driver,Normal,Not a Pedestrian,Getting off the vehicle improperly,Slight Injury
21:00:00,Saturday,18-30,Male,Junior high school,Employee,Below 1yr,Pick up upto 10Q,Owner,2-5yrs,, Church areas,Two-way (divided with broken lines road marking),Tangent road with flat terrain,Y Shape,Asphalt roads,Wet or damp,Darkness - lights lit,Raining,Vehicle with vehicle collision,1,1,Going straight,Driver or rider,Male,18-30,2,Self-employed,Normal,Not a Pedestrian,No distancing,Fatal injury
11:29:00,Thursday,Over 51,Male,Elementary school,Owner,5-10yr,Lorry (41?100Q),Owner,,No defect, Hospital areas,One way,Tangent road with flat terrain,Y Shape,Asphalt roads,Dry,Daylight,Normal,Collision with roadside objects,2,1,Going straight,na,na,na,na,Student,Normal,Not a Pedestrian,Overtaking,Slight Injury
09:47:00,Saturday,18-30,Male,Junior high school,Employee,2-5yr,Special vehicle,Governmental,Above 10yr,No defect,Other,Two-way (divided with broken lines road marking),Tangent road with flat terrain,,Asphalt roads,Wet or damp,Darkness - lights lit,Raining,Collision with pedestrians,2,1,Other,Driver or rider,Male,31-50,3,Self-employed,Normal,Not a Pedestrian,Moving Backward,Slight Injury
17:10:00,Thursday,18-30,Male,Junior high school,Employee,5-10yr,Lorry (11?40Q),Owner,2-5yrs,,Other,Undivided Two way,Tangent road with mountainous terrain and,No junction,Asphalt roads,Dry,Daylight,Normal,Vehicle with vehicle collision,2,1,Moving Backward,na,na,na,na,Self-employed,Normal,Not a Pedestrian,Improper parking,Fatal injury
17:44:00,Thursday,Under 18,Male,Junior high school,Employee,5-10yr,Automobile,Owner,Above 10yr,, Church areas,Two-way (divided with broken lines road marking),Steep grade upward with mountainous terrain,No junction,Asphalt roads,Wet or damp,Darkness - lights lit,Cloudy,,2,2,Moving Backward,Driver or rider,Female,31-50,2,,,Not a Pedestrian,No distancing,Slight Injury
14:40:00,Saturday,31-50,Male,Junior high school,Employee,2-5yr,Other,Owner,2-5yrs,,Other,Two-way (divided with broken lines road marking),Tangent road with flat terrain,No junction,Asphalt roads,Dry,Daylight,Normal,Collision with pedestrians,2,1,Entering a junction,Driver or rider,Male,18-30,3,Self-employed,Normal,Not a Pedestrian,Overtaking,Slight Injury
18:18:00,Saturday,31-50,Male,Elementary school,Employee,5-10yr,,Owner,1-2yr,No defect,Other,other,Tangent road with flat terrain,Crossing,Asphalt roads,Dry,Darkness - lights lit,Normal,Collision with roadside objects,2,3,Going straight,na,na,na,na,Self-employed,Normal,Not a Pedestrian,No priority to vehicle,Serious Injury
15:02:00,Wednesday,Unknown,Female,Junior high school,Employee,Below 1yr,Automobile,Owner,,No defect, Church areas,Double carriageway (median),Tangent road with flat terrain,No junction,Asphalt roads,Dry,Daylight,Normal,Collision with pedestrians,1,1,Turnover,Driver or rider,Male,18-30,3,Driver,Normal,Not a Pedestrian,Getting off the vehicle improperly,Slight Injury
18:40:00,Friday,18-30,Male,,,,Lorry (11?40Q),Owner,2-5yrs,No defect,Other,Two-way (divided with broken lines road marking),Tangent road with mild grade and flat terrain,Y Shape,Asphalt roads,Dry,Darkness - lights lit,Normal,Vehicle with vehicle collision,2,4,,na,na,na,na,Self-employed,Normal,Not a Pedestrian,Moving Backward,Slight Injury
17:35:00,Thursday,18-30,Male,Junior high school,Employee,2-5yr,Lorry (41?100Q),Owner,2-5yrs,No defect,Residential areas,Double carriageway (median),Tangent road with flat terrain,Y Shape,Other,Dry,Daylight,Normal,Vehicle with vehicle collision,3,1,Going straight,na,na,na,na,Driver,Normal,Not a Pedestrian,Driving carelessly,Slight Injury
18:24:00,Monday,18-30,Male,Junior high school,Employee,5-10yr,,Owner,2-5yrs,, Church areas,Undivided Two way,Tangent road with flat terrain,No junction,Asphalt roads,Dry,Darkness - lights lit,Normal,Vehicle with vehicle collision,1,1,Going straight,na,na,na,na,Driver,Normal,Not a Pedestrian,Changing lane to the right,Slight Injury
08:55:00,Thursday,Over 51,Male,Junior high school,Employee,1-2yr,Automobile,Owner,2-5yrs,,Residential areas,One way,Tangent road with flat terrain,Y Shape,Asphalt roads,Wet or damp,Daylight,Other,Vehicle with vehicle collision,2,2,Going straight,Passenger,Female,31-50,3,Driver,Normal,Not a Pedestrian,No priority to pedestrian,Slight Injury
04:00:00,Friday,18-30,Male,Junior high school,Employee,Above 10yr,Lorry (41?100Q),Owner,,No defect, Outside rural areas,Undivided Two way,Tangent road with mountainous terrain and,,Asphalt roads,Wet or damp,Daylight,Raining,Vehicle with vehicle collision,2,1,Going straight,na,na,na,na,Other,Normal,Not a Pedestrian,No distancing,Slight Injury
17:10:00,Thursday,18-30,Male,Junior high school,Employee,5-10yr,Lorry (11?40Q),Owner,2-5yrs,,Other,Undivided Two way,Tangent road with mountainous terrain and,No junction,Asphalt roads,Dry,Daylight,Normal,Vehicle with vehicle collision,2,1,Moving Backward,na,na,na,na,Self-employed,Normal,Not a Pedestrian,Improper parking,Fatal injury
14:20:00,Friday,31-50,Male,Junior high school,Employee,Above 10yr,Other,Owner,Above 10yr,No defect,Office areas,other,Tangent road with flat terrain,Crossing,Asphalt roads,Dry,Daylight,Normal,Vehicle with vehicle collision,2,1,Other,na,na,na,na,Driver,Normal,Not a Pedestrian,No priority to pedestrian,Slight Injury
09:24:00,Tuesday,18-30,Male,Junior high school,Employee,5-10yr,Long lorry,Owner,,No defect,Other,Two-way (divided with broken lines road marking),Tangent road with flat terrain,Y Shape,Asphalt roads,Dry,Daylight,Normal,Collision with roadside objects,6,2,Going straight,Driver or rider,Male,18-30,3,Driver,Normal,Not a Pedestrian,No priority to vehicle,Serious Injury
18:30:00,Friday,31-50,Male,Junior high school,Owner,Above 10yr,Lorry (41?100Q),Owner,2-5yrs,No defect,Other,other,Tangent road with flat terrain,,Asphalt roads,Dry,Daylight,Normal,Vehicle with vehicle collision,2,1,Going straight,Driver or rider,Male,18-30,3,Self-employed,Normal,Not a Pedestrian,No priority to pedestrian,Slight Injury
09:13:00,Friday,31-50,Male,Above high school,Employee,5-10yr,Other,Owner,,,Other,Undivided Two way,Tangent road with flat terrain,Y Shape,Asphalt roads,Dry,Daylight,Normal,Vehicle with vehicle collision,2,1,Going straight,na,na,na,na,Driver,Normal,Not a Pedestrian,Driving carelessly,Slight Injury
13:00:00,Saturday,18-30,Unknown,Junior high school,Employee,Above 10yr,Public (12 seats),Owner,Unknown,No defect,Other,Two-way (divided with broken lines road marking),Tangent road with flat terrain,Y Shape,Asphalt roads,Dry,Daylight,Normal,Vehicle with vehicle collision,2,1,Going straight,Driver or rider,Male,18-30,3,Driver,Normal,Not a Pedestrian,No distancing,Slight Injury
06:25:00,Sunday,31-50,Male,Junior high school,Employee,5-10yr,Public (> 45 seats),Owner,2-5yrs,, Church areas,Two-way (divided with broken lines road marking),Tangent road with flat terrain,Y Shape,Earth roads,Wet or damp,Darkness - lights lit,Raining and Windy,Vehicle with vehicle collision,1,2,Going straight,Passenger,Female,Under 18,3,,,Not a Pedestrian,Driving at high speed,Slight Injury
15:09:00,Monday,Unknown,Female,Junior high school,Employee,2-5yr,Automobile,Owner,Unknown,No defect,Other,Two-way (divided with broken lines road marking),Tangent road with flat terrain,No junction,Asphalt roads,Dry,Daylight,Normal,Vehicle with vehicle collision,1,1,Going straight,Driver or rider,Male,18-30,3,Driver,Normal,Not a Pedestrian,No distancing,Slight Injury
09:06:00,Monday,31-50,Male,Elementary school,Employee,Above 10yr,Automobile,Owner,,No defect,Office areas,Undivided Two way,Tangent road with flat terrain,Y Shape,Asphalt roads,Dry,Daylight,Normal,Vehicle with vehicle collision,4,1,Going straight,Pedestrian,Female,Over 51,3,Driver,Normal,Crossing from nearside - masked by parked or statioNot a Pedestrianry vehicle,Driving at high speed,Slight Injury
12:05:00,Monday,Over 51,Male,Junior high school,Employee,Below 1yr,Public (> 45 seats),Organization,2-5yrs,, Industrial areas,Two-way (divided with broken lines road marking),Tangent road with flat terrain,Crossing,Asphalt roads,Wet or damp,Daylight,Windy,Vehicle with vehicle collision,2,1,Going straight,Pedestrian,Male,31-50,3,,,Not a Pedestrian,No priority to vehicle,Slight Injury
13:48:00,Saturday,Over 51,Male,Junior high school,Employee,2-5yr,Automobile,Owner,5-10yrs,,Office areas,Undivided Two way,Tangent road with mountainous terrain and,No junction,Asphalt roads,Wet or damp,Daylight,Normal,Rollover,3,4,Going straight,Driver or rider,Male,Under 18,3,,,Not a Pedestrian,No distancing,Slight Injury
11:45:00,Saturday,31-50,Male,Junior high school,Employee,2-5yr,Lorry (41?100Q),Owner,,No defect,Office areas,Double carriageway (median),Tangent road with flat terrain,Y Shape,Asphalt roads,Snow,Daylight,Snow,Collision with roadside objects,3,2,Unknown,na,na,na,na,,,Not a Pedestrian,Driving under the influence of drugs,Slight Injury
17:22:00,Sunday,Under 18,Male,Elementary school,Other,5-10yr,Public (13?45 seats),Owner,,No defect,Other,Undivided Two way,Tangent road with flat terrain,Crossing,Asphalt roads,Wet or damp,Darkness - lights lit,Normal,Vehicle with vehicle collision,2,2,Other,Driver or rider,Male,Under 18,3,Driver,Normal,Not a Pedestrian,No priority to pedestrian,Serious Injury
02:31:00,Sunday,Over 51,Male,Junior high school,Employee,Above 10yr,Automobile,Owner,,No defect,Other,One way,Tangent road with flat terrain,Crossing,Asphalt roads,Dry,Darkness - lights lit,Normal,Vehicle with vehicle collision,3,5,Going straight,Passenger,Female,Over 51,3,Driver,Normal,Not a Pedestrian,Changing lane to the right,Slight Injury
18:25:00,Monday,31-50,Male,Junior high school,Employee,Above 10yr,Automobile,Owner,2-5yrs,No defect, Church areas,Undivided Two way,Tangent road with flat terrain,No junction,Asphalt roads,Dry,Daylight,Normal,Collision with roadside objects,2,1,Going straight,Passenger,Female,31-50,3,,,Not a Pedestrian,Unknown,Slight Injury
10:41:00,Wednesday,31-50,Male,Junior high school,Employee,Above 10yr,Pick up upto 10Q,Owner,Above 10yr,No defect,Office areas,other,Tangent road with flat terrain,No junction,Asphalt roads,Wet or damp,Daylight,Other,Vehicle with vehicle collision,1,1,Going straight,Passenger,Male,31-50,3,Self-employed,Normal,Not a Pedestrian,Changing lane to the left,Slight Injury
16:00:00,Friday,31-50,Male,Junior high school,Employee,5-10yr,Public (> 45 seats),Governmental,1-2yr,No defect,Other,Undivided Two way,Tangent road with flat terrain,Y Shape,Asphalt roads,Dry,Daylight,Normal,Vehicle with vehicle collision,3,1,Going straight,na,na,na,na,,Normal,Not a Pedestrian,No priority to vehicle,Serious Injury
07:58:00,Wednesday,Over 51,Male,Junior high school,Employee,Above 10yr,Motorcycle,Owner,5-10yrs,,Office areas,Undivided Two way,Tangent road with flat terrain,Y Shape,Asphalt roads,Dry,Daylight,Normal,Collision with pedestrians,2,1,Stopping,Driver or rider,Male,31-50,3,Driver,Normal,Not a Pedestrian,No distancing,Slight Injury
18:00:00,Saturday,Over 51,Male,High school,Employee,Above 10yr,Automobile,Organization,2-5yrs,,Residential areas,Undivided Two way,Tangent road with flat terrain,Y Shape,Asphalt roads,Dry,Daylight,Normal,Vehicle with vehicle collision,2,3,Getting off,Driver or rider,Male,18-30,3,Driver,Normal,Not a Pedestrian,No priority to vehicle,Fatal injury
11:16:00,Sunday,18-30,Male,Junior high school,Owner,5-10yr,Public (12 seats),Owner,Unknown,,Residential areas,Undivided Two way,Tangent road with flat terrain,No junction,Asphalt roads,Dry,Daylight,Normal,Collision with roadside objects,2,5,Going straight,na,na,na,na,,Normal,Not a Pedestrian,No priority to vehicle,Fatal injury
19:38:00,Thursday,18-30,Male,,,,Lorry (41?100Q),Owner,Unknown,,Residential areas,,Tangent road with flat terrain,Crossing,Asphalt roads,Dry,Darkness - lights lit,Normal,,1,1,Other,na,na,na,na,,,Not a Pedestrian,No priority to pedestrian,Slight Injury
07:55:00,Monday,18-30,Male,Junior high school,,Below 1yr,Automobile,Owner,Unknown,No defect,Other,other,Tangent road with flat terrain,Y Shape,Asphalt roads,Dry,Daylight,Normal,Vehicle with vehicle collision,2,1,Going straight,Pedestrian,Male,Under 18,2,Self-employed,Normal,Unknown or other,Changing lane to the right,Slight Injury
15:20:00,Tuesday,18-30,Male,High school,Employee,2-5yr,,Owner,5-10yrs,, Church areas,Two-way (divided with broken lines road marking),Tangent road with flat terrain,No junction,Asphalt roads,Dry,Daylight,Normal,Vehicle with vehicle collision,3,3,Going straight,Driver or rider,Female,31-50,3,,,Not a Pedestrian,No priority to vehicle,Slight Injury
09:19:00,Saturday,18-30,Male,,,,Other,Owner,2-5yrs,No defect,Other,Two-way (divided with broken lines road marking),Escarpments,Y Shape,Asphalt roads,Dry,Daylight,Normal,Collision with roadside-parked vehicles,2,1,Going straight,Driver or rider,Male,Over 51,3,Driver,Normal,Not a Pedestrian,Driving carelessly,Serious Injury
23:45:00,Friday,18-30,Male,High school,Employee,1-2yr,Automobile,Owner,,No defect,Residential areas,Undivided Two way,Tangent road with flat terrain,Crossing,Asphalt roads,Wet or damp,Darkness - lights lit,Raining,Rollover,3,1,Going straight,na,na,na,na,,,Not a Pedestrian,Changing lane to the right,Slight Injury
11:10:00,Sunday,31-50,Male,Junior high school,Employee,1-2yr,Automobile,Owner,Above 10yr,,Other,other,Tangent road with flat terrain,Crossing,Asphalt roads,Wet or damp,Daylight,Normal,Vehicle with vehicle collision,3,4,Going straight,na,na,na,na,,Normal,Not a Pedestrian,Driving to the left,Slight Injury
12:10:00,Thursday,Over 51,Male,Junior high school,Owner,Above 10yr,Other,Owner,Above 10yr,No defect, Church areas,Two-way (divided with broken lines road marking),Steep grade downward with mountainous terrain,Y Shape,Asphalt roads,Dry,Daylight,Normal,Vehicle with vehicle collision,2,1,Going straight,Pedestrian,Female,Under 18,3,,Normal,Not a Pedestrian,Moving Backward,Slight Injury
08:50:00,Tuesday,31-50,Male,Elementary school,Employee,Below 1yr,Automobile,Owner,,No defect, Outside rural areas,Undivided Two way,Tangent road with flat terrain,Y Shape,Asphalt roads,Dry,Daylight,Normal,Vehicle with vehicle collision,3,3,Going straight,na,na,na,na,Self-employed,Normal,Not a Pedestrian,No priority to pedestrian,Slight Injury
07:25:00,Friday,31-50,Male,Above high school,Employee,Above 10yr,Automobile,Owner,5-10yrs,No defect,Other,Undivided Two way,Tangent road with flat terrain,Y Shape,Asphalt roads,Dry,Daylight,Normal,Vehicle with vehicle collision,2,1,Going straight,Driver or rider,Male,18-30,3,Driver,Normal,Not a Pedestrian,Other,Serious Injury
12:40:00,Thursday,18-30,Male,Junior high school,Employee,1-2yr,Lorry (41?100Q),Owner,2-5yrs,No defect,Other,other,Tangent road with flat terrain,Y Shape,Asphalt roads,Dry,Daylight,Normal,Vehicle with vehicle collision,2,1,Going straight,Driver or rider,Male,18-30,3,,,Not a Pedestrian,Changing lane to the right,Slight Injury
19:30:00,Wednesday,Over 51,Male,Junior high school,Employee,5-10yr,Automobile,Owner,Unknown,,Other,other,Tangent road with flat terrain,Y Shape,Asphalt roads,Dry,Daylight,Normal,Collision with pedestrians,2,2,Going straight,Driver or rider,Male,31-50,3,,,Not a Pedestrian,Changing lane to the left,Slight Injury
13:13:00,Friday,Unknown,Male,Above high school,Employee,No Licence,Lorry (11?40Q),Owner,2-5yrs,,Other,Undivided Two way,Tangent road with flat terrain,Unknown,Asphalt roads,Dry,Darkness - lights lit,Normal,Vehicle with vehicle collision,3,3,Going straight,Driver or rider,Male,18-30,3,Driver,Normal,Not a Pedestrian,No distancing,Slight Injury
10:13:00,Thursday,Over 51,Male,Elementary school,Employee,2-5yr,Other,Owner,Unknown,No defect, Church areas,Two-way (divided with solid lines road marking),Tangent road with flat terrain,Y Shape,Earth roads,Dry,Daylight,Normal,Collision with roadside objects,2,1,,na,na,na,na,Driver,Normal,Not a Pedestrian,No priority to vehicle,Serious Injury
19:31:00,Wednesday,18-30,Male,Illiterate,Owner,1-2yr,Automobile,Owner,,No defect,  Recreational areas,other,Tangent road with flat terrain,,Asphalt roads,Wet or damp,Darkness - lights lit,Raining,Vehicle with vehicle collision,2,1,Entering a junction,Passenger,Female,31-50,3,Driver,Normal,Not a Pedestrian,No priority to vehicle,Slight Injury
08:54:00,Thursday,18-30,Male,Elementary school,Employee,5-10yr,Other,Owner,2-5yrs,,Residential areas,other,Tangent road with flat terrain,Y Shape,Asphalt roads,Dry,Daylight,Normal,Vehicle with vehicle collision,2,1,Going straight,na,na,na,na,,,Not a Pedestrian,No priority to vehicle,Slight Injury
18:48:00,Wednesday,31-50,Male,Junior high school,Employee,1-2yr,Lorry (11?40Q),Owner,Unknown,No defect, Industrial areas,Undivided Two way,Tangent road with flat terrain,Crossing,Asphalt roads,Wet or damp,Darkness - lights lit,Normal,Collision with pedestrians,2,1,Going straight,Driver or rider,Female,31-50,3,Other,Normal,Not a Pedestrian,Changing lane to the left,Serious Injury
09:50:00,Tuesday,31-50,Male,High school,Employee,1-2yr,Public (> 45 seats),Owner,Unknown,No defect,Residential areas,Undivided Two way,Tangent road with flat terrain,Y Shape,Asphalt roads,Dry,Daylight,Normal,Vehicle with vehicle collision,3,3,Going straight,Passenger,Female,18-30,3,,Normal,Not a Pedestrian,Changing lane to the right,Slight Injury
17:55:00,Thursday,Over 51,Male,High school,Employee,Above 10yr,Lorry (41?100Q),Owner,2-5yrs,,Other,One way,Tangent road with flat terrain,No junction,Asphalt roads,Dry,Daylight,Normal,Collision with roadside objects,3,2,Going straight,Driver or rider,Female,31-50,3,,Normal,Not a Pedestrian,Overturning,Slight Injury