Time,Day_of_week,Age_band_of_driver,Sex_of_driver,Educational_level,Vehicle_driver_relation,Driving_experience,Type_of_vehicle,Owner_of_vehicle,Service_year_of_vehicle,Defect_of_vehicle,Area_accident_occured,Lanes_or_Medians,Road_allignment,Types_of_Junction,Road_surface_type,Road_surface_conditions,Light_conditions,Weather_conditions,Type_of_collision,Number_of_vehicles_involved,Number_of_casualties,Vehicle_movement,Casualty_class,Sex_of_casualty,Age_band_of_casualty,Casualty_severity,Work_of_casuality,Fitness_of_casuality,Pedestrian_movement,Cause_of_accident,Accident_severity
12:00:00,Wednesday,Unknown,Female,Junior high school,Employee,2-5yr,Public (13?45 seats),Owner,,No defect,Residential areas,Undivided Two way,Tangent road with flat terrain,Y Shape,Asphalt roads,Dry,Daylight,Normal,Vehicle with vehicle collision,1,1,Other,na,na,na,na,Unemployed,Normal,Not a Pedestrian,Changing lane to the left,Slight Injury
23:20:00,Sunday,Over 51,Male,Junior high school,Employee,1-2yr,Lorry (41?100Q),Owner,Unknown,No defect,Office areas,One way,Tangent road with flat terrain,No junction,Asphalt roads,Dry,Darkness - lights lit,Normal,Vehicle with vehicle collision,2,1,Going straight,Pedestrian,Female,18-30,3,Employee,Normal,Not a Pedestrian,Changing lane to the right,Slight Injury
18:15:00,Thursday,Under 18,Male,Junior high school,Employee,Above 10yr,Other,Owner,,,Office areas,Two-way (divided with broken lines road marking),Tangent road with flat terrain,Unknown,Asphalt roads,Wet or damp,Darkness - lights lit,Raining,Vehicle with vehicle collision,2,1,Going straight,Driver or rider,Female,31-50,3,Driver,Normal,Not a Pedestrian,Changing lane to the left,Serious Injury
16:40:00,Tuesday,31-50,Male,Junior high school,Employee,5-10yr,Pick up upto 10Q,Owner,Unknown,,Office areas,Undivided Two way,Tangent road with flat terrain,Y Shape,Asphalt roads,Dry,Daylight,Normal,Rollover,2,1,Reversing,Driver or rider,Male,18-30,3,,,Not a Pedestrian,Turnover,Fatal injury
20:10:00,Friday,31-50,Male,Junior high school,Owner,5-10yr,Automobile,Owner,5-10yrs,No defect,Other,Two-way (divided with broken lines road marking),Tangent road with rolling terrain,Y Shape,Asphalt roads,Dry,Daylight,Normal,Collision with roadside objects,3,3,Going straight,Driver or rider,Male,31-50,3,Driver,,Not a Pedestrian,Changing lane to the left,Slight Injury
00:50:00,Sunday,31-50,Male,Elementary school,Employee,2-5yr,Automobile,Owner,Above 10yr,No defect,Office areas,Undivided Two way,Tangent road with flat terrain,No junction,Asphalt roads,Wet or damp,Darkness - lights unlit,Raining,Vehicle with vehicle collision,2,1,Going straight,na,na,na,na,Self-employed,Normal,Not a Pedestrian,Other,Serious Injury
13:32:00,Wednesday,Over 51,Male,Elementary school,Owner,5-10yr,Motorcycle,Owner,2-5yrs,No defect,Office areas,Two-way (divided with broken lines road marking),Tangent road with flat terrain,O Shape,Asphalt roads,Dry,Daylight,Normal,Vehicle with vehicle collision,2,2,Turnover,Driver or rider,Male,18-30,3,Driver,Normal,Not a Pedestrian,No distancing,Slight Injury
22:30:00,Sunday,18-30,Male,Junior high school,Employee,1-2yr,Automobile,Organization,2-5yrs,,Residential areas,Undivided Two way,Tangent road with flat terrain,Crossing,Asphalt roads,Dry,Darkness - lights lit,Normal,Vehicle with vehicle collision,2,4,Going straight,na,na,na,na,Driver,Normal,Not a Pedestrian,Overtaking,Fatal injury
07:30:00,Friday,18-30,Male,Junior high school,Owner,Below 1yr,Lorry (11?40Q),Owner,Unknown,No defect,Residential areas,Undivided Two way,Tangent road with flat terrain,Other,Asphalt roads,Dry,Daylight,Normal,Vehicle with vehicle collision,2,1,,Driver or rider,Male,31-50,3,Driver,Normal,Not a Pedestrian,No distancing,Slight Injury
15:45:00,Tuesday,18-30,Male,Junior high school,Employee,Above 10yr,Automobile,Owner,2-5yrs,No defect,Residential areas,Double carriageway (median),Tangent road with flat terrain,Crossing,Asphalt roads,Dry,Daylight,Normal,Collision with pedestrians,1,1,Going straight,Driver or rider,Male,31-50,3,Driver,Normal,Not a Pedestrian,Driving carelessly,Slight Injury
15:08:00,Monday,Over 51,Male,Elementary school,Employee,2-5yr,,Owner,,No defect, Church areas,Undivided Two way,Tangent road with flat terrain,Y Shape,Gravel roads,Dry,Daylight,Unknown,Vehicle with vehicle collision,3,4,Going straight,Driver or rider,Male,18-30,3,Driver,Normal,Not a Pedestrian,No distancing,Serious Injury
08:29:00,Wednesday,31-50,Male,Junior high school,Employee,2-5yr,,Owner,,No defect,Office areas,other,Tangent road with mountainous terrain and,Y Shape,Asphalt roads,Dry,Daylight,Normal,Vehicle with vehicle collision,3,3,Reversing,Driver or rider,Male,18-30,3,,,Not a Pedestrian,Overtaking,Slight Injury
13:09:00,Tuesday,Over 51,Male,Junior high school,Employee,2-5yr,Automobile,Owner,Unknown,No defect, Church areas,Two-way (divided with broken lines road marking),Tangent road with flat terrain,Y Shape,Asphalt roads,Dry,Daylight,Normal,Collision with roadside objects,2,1,Going straight,na,na,na,na,,,Not a Pedestrian,No distancing,Serious Injury
10:00:00,Friday,18-30,Male,Junior high school,Employee,1-2yr,Public (13?45 seats),Owner,Unknown,No defect,Office areas,One way,Tangent road with flat terrain,Crossing,Asphalt roads,Dry,Daylight,Normal,Vehicle with vehicle collision,2,1,Going straight,na,na,na,na,Driver,Normal,Not a Pedestrian,Changing lane to the left,Slight Injury
02:47:00,Friday,31-50,Male,High school,Employee,5-10yr,Automobile,Owner,,No defect,  Recreational areas,Undivided Two way,Tangent road with flat terrain,No junction,Asphalt roads,Dry,Darkness - lights lit,Normal,Vehicle with vehicle collision,1,1,Going straight,na,na,na,na,Driver,Normal,Not a Pedestrian,No priority to pedestrian,Fatal injury
16:30:00,Wednesday,Unknown,Male,Junior high school,Employee,5-10yr,Lorry (41?100Q),Owner,,,Other,Undivided Two way,Tangent road with flat terrain,Y Shape,,Dry,Daylight,Normal,Rollover,1,1,Other,Driver or rider,Female,Over 51,3,,,Not a Pedestrian,Changing lane to the right,Serious Injury
22:40:00,Friday,Unknown,Male,Junior high school,Employee,5-10yr,Long lorry,Governmental,1-2yr,No defect, Industrial areas,One way,Tangent road with flat terrain,Y Shape,Asphalt roads,Dry,Darkness - lights lit,Normal,Vehicle with vehicle collision,2,1,Turnover,Driver or rider,Female,Under 18,3,,,Not a Pedestrian,Driving carelessly,Slight Injury
20:15:00,Thursday,31-50,Male,Junior high school,Employee,2-5yr,Automobile,Owner,,,Office areas,Undivided Two way,Tangent road with flat terrain,No junction,Asphalt roads,Dry,Daylight,Normal,Collision with roadside objects,3,1,U-Turn,Driver or rider,Male,31-50,2,Self-employed,Normal,Not a Pedestrian,Changing lane to the left,Slight Injury
22:32:00,Wednesday,31-50,Male,Writing & reading,Employee,5-10yr,Automobile,Owner,,No defect, Industrial areas,Unknown,Tangent road with flat terrain,Crossing,Asphalt roads,Dry,Darkness - lights lit,Normal,Collision with pedestrians,2,1,Going straight,Driver or rider,Male,31-50,3,,Normal,Not a Pedestrian,Changing lane to the left,Slight Injury
16:20:00,Saturday,18-30,Male,Junior high school,Employee,2-5yr,Lorry (11?40Q),Owner,2-5yrs,No defect,  Market areas,Undivided Two way,Tangent road with flat terrain,No junction,Asphalt roads,Dry,Darkness - lights lit,Normal,Collision with roadside objects,2,1,Going straight,Driver or rider,Female,31-50,3,Driver,Normal,Not a Pedestrian,Driving under the influence of drugs,Slight Injury
17:35:00,Saturday,31-50,Male,Junior high school,Employee,1-2yr,Public (> 45 seats),Owner,,No defect,Office areas,Two-way (divided with solid lines road marking),Tangent road with flat terrain,Crossing,Asphalt roads with some distress,Dry,Daylight,Normal,Collision with roadside objects,2,8,Other,na,na,na,na,,,Not a Pedestrian,No distancing,Slight Injury
12:47:00,Sunday,31-50,Male,Junior high school,Employee,Above 10yr,Public (13?45 seats),Governmental,,No defect,Residential areas,Double carriageway (median),Tangent road with flat terrain,Crossing,Asphalt roads,Dry,Daylight,Normal,Vehicle with vehicle collision,2,1,Getting off,Driver or rider,Male,18-30,3,Driver,Normal,Not a Pedestrian,Overtaking,Slight Injury
13:02:00,Sunday,18-30,Male,Junior high school,Employee,1-2yr,Stationwagen,Owner,Unknown,No defect,Residential areas,Double carriageway (median),Tangent road with flat terrain,Y Shape,Asphalt roads,Dry,Daylight,Normal,Vehicle with vehicle collision,2,1,Going straight,Driver or rider,Male,Under 18,3,Other,Normal,Not a Pedestrian,Changing lane to the left,Slight Injury
09:26:00,Wednesday,18-30,Male,Junior high school,Employee,Above 10yr,Special vehicle,Owner,5-10yrs,,Residential areas,Undivided Two way,Tangent road with flat terrain,Crossing,Asphalt roads,Dry,Daylight,Normal,Vehicle with vehicle collision,2,1,Going straight,na,na,na,na,Driver,Normal,Not a Pedestrian,Changing lane to the left,Serious Injury
08:55:00,Thursday,Over 51,Male,Junior high school,Employee,2-5yr,Lorry (41?100Q),Owner,Above 10yr,No defect,Residential areas,Two-way (divided with broken lines road marking),Tangent road with flat terrain,Other,Gravel roads,Wet or damp,Daylight,Raining,Collision with roadside objects,2,1,Going straight,Driver or rider,Male,31-50,3,Driver,Normal,Not a Pedestrian,Changing lane to the right,Slight Injury
14:50:00,Monday,Over 51,Male,Junior high school,Employee,5-10yr,,Owner,,,Residential areas,Undivided Two way,Tangent road with flat terrain,Y Shape,Asphalt roads,Wet or damp,Daylight,Raining,Vehicle with vehicle collision,3,1,Going straight,Driver or rider,Male,31-50,3,,,Not a Pedestrian,No distancing,Slight Injury
16:45:00,Thursday,Unknown,Male,Junior high school,Employee,Below 1yr,Public (12 seats),Owner,Above 10yr,No defect,Residential areas,Two-way (divided with broken lines road marking),Tangent road with flat terrain,No junction,Asphalt roads,Dry,Daylight,Normal,Vehicle with vehicle collision,2,1,Going straight,Pedestrian,Male,18-30,3,Driver,Normal,Crossing from nearside - masked by parked or statioNot a Pedestrianry vehicle,Changing lane to the right,Slight Injury
16:36:00,Thursday,31-50,Male,High school,Employee,Below 1yr,Automobile,,,,,Two-way (divided with broken lines road marking),Tangent road with flat terrain,Y Shape,Asphalt roads,Dry,Daylight,Normal,Vehicle with vehicle collision,2,1,Going straight,Driver or rider,Female,18-30,3,Driver,Normal,Not a Pedestrian,No distancing,Fatal injury
09:51:00,Thursday,Over 51,Male,,,,Pick up upto 10Q,Owner,2-5yrs,,Other,Undivided Two way,Tangent road with flat terrain,Y Shape,Asphalt roads,Dry,Daylight,Normal,Vehicle with vehicle collision,1,1,Going straight,na,na,na,na,,,Not a Pedestrian,No distancing,Slight Injury
00:56:00,Thursday,18-30,Male,Junior high school,Employee,Above 10yr,Lorry (41?100Q),Owner,5-10yrs,,Office areas,Undivided Two way,Tangent road with flat terrain,No junction,Asphalt roads,Dry,Darkness - lights lit,Normal,Vehicle with vehicle collision,1,2,Turnover,na,na,na,na,Driver,Normal,Not a Pedestrian,Driving carelessly,Serious Injury
06:10:00,Friday,18-30,Male,Junior high school,Employee,5-10yr,Public (> 45 seats),Owner,,No defect,Other,Two-way (divided with broken lines road marking),Tangent road with flat terrain,No junction,Asphalt roads,Wet or damp,Darkness - lights lit,Normal,Vehicle with vehicle collision,2,1,Going straight,Driver or rider,Female,31-50,3,Self-employed,Normal,Not a Pedestrian,Driving to the left,Serious Injury
18:16:00,Tuesday,Unknown,Male,Junior high school,Employee,1-2yr,Stationwagen,Owner,Above 10yr,,School areas,Two-way (divided with broken lines road marking),Tangent road with flat terrain,Y Shape,Asphalt roads,Dry,Darkness - lights lit,Normal,Vehicle with vehicle collision,2,1,Going straight,na,na,na,na,Driver,Normal,Not a Pedestrian,Changing lane to the right,Slight Injury
18:48:00,Monday,18-30,Male,Junior high school,Employee,Below 1yr,Automobile,Owner,,No defect,Other,Two-way (divided with broken lines road marking),Tangent road with flat terrain,Crossing,Asphalt roads,Dry,Daylight,Normal,Vehicle with vehicle collision,4,5,Moving Backward,na,na,na,na,,,Not a Pedestrian,Changing lane to the left,Slight Injury
17:53:00,Sunday,31-50,Male,,Employee,5-10yr,Automobile,Governmental,5-10yrs,No defect,Other,Undivided Two way,Tangent road with flat terrain,No junction,Asphalt roads,Dry,Daylight,Normal,Rollover,2,1,Going straight,Passenger,Male,Under 18,3,Driver,Normal,Not a Pedestrian,No priority to vehicle,Slight Injury
20:03:00,Saturday,31-50,Male,Elementary school,Owner,Above 10yr,Lorry (41?100Q),Governmental,Unknown,No defect,  Market areas,Undivided Two way,Tangent road with flat terrain,No junction,Asphalt roads,Dry,Daylight,Normal,Vehicle with vehicle collision,2,3,Going straight,Driver or rider,Male,18-30,3,Driver,Normal,Not a Pedestrian,Changing lane to the right,Fatal injury
17:39:00,Wednesday,18-30,Male,Junior high school,Employee,2-5yr,Automobile,Owner,2-5yrs,,Residential areas,other,Tangent road with flat terrain,No junction,Asphalt roads,Dry,Daylight,Normal,Vehicle with vehicle collision,2,2,Going straight,Passenger,Female,18-30,3,Self-employed,Normal,Not a Pedestrian,Driving to the left,Slight Injury
10:38:00,Wednesday,31-50,Male,Junior high school,Employee,Above 10yr,Automobile,Owner,5-10yrs,, Industrial areas,Undivided Two way,Tangent road with flat terrain,No junction,Asphalt roads,Dry,Daylight,Normal,Vehicle with vehicle collision,3,3,Going straight,Driver or rider,Male,31-50,3,,,Not a Pedestrian,Changing lane to the right,Slight Injury
13:57:00,Wednesday,Unknown,Female,Junior high school,Employee,1-2yr,Automobile,Owner,Unknown,No defect,Other,Two-way (divided with broken lines road marking),Tangent road with flat terrain,Crossing,Asphalt roads,Snow,Daylight,Normal,Collision with roadside objects,4,2,Going straight,na,na,na,na,Driver,Normal,Not a Pedestrian,Changing lane to the right,Slight Injury
01:05:00,Sunday,31-50,Male,,,,,,,,Other,Undivided Two way,Tangent road with flat terrain,No junction,Asphalt roads,Dry,Darkness - lights lit,Normal,Collision with pedestrians,2,2,Going straight,Driver or rider,Male,31-50,3,,,Not a Pedestrian,No priority to vehicle,Slight Injury
03:32:00,Saturday,Under 18,Male,Junior high school,Employee,1-2yr,Stationwagen,Governmental,1-2yr,No defect,Other,Undivided Two way,Tangent road with flat terrain,Y Shape,Asphalt roads,Wet or damp,Darkness - lights lit,Windy,Vehicle with vehicle collision,2,1,Going straight,Driver or rider,Male,18-30,3,Driver,Normal,Not a Pedestrian,No priority to pedestrian,Slight Injury
16:55:00,Friday,Over 51,Male,High school,Owner,Above 10yr,Bicycle,Owner,,No defect, Industrial areas,Undivided Two way,Tangent road with flat terrain,No junction,Asphalt roads,Wet or damp,Darkness - lights lit,Normal,Vehicle with vehicle collision,2,2,Going straight,na,na,na,na,Other,Normal,Not a Pedestrian,No distancing,Slight Injury
09:52:00,Friday,Over 51,Male,Junior high school,Employee,2-5yr,Public (12 seats),Owner,Unknown,,Office areas,One way,Tangent road with flat terrain,Y Shape,Asphalt roads,Dry,Daylight,Normal,Vehicle with vehicle collision,2,2,Going straight,Passenger,Male,31-50,3,,,Not a Pedestrian,No priority to vehicle,Serious Injury
05:05:00,Wednesday,18-30,Male,Junior high school,Owner,5-10yr,Lorry (41?100Q),Owner,,No defect,Other,Undivided Two way,Tangent road with flat terrain,Y Shape,Asphalt roads,Dry,Daylight,Normal,Collision with roadside objects,2,4,,na,na,na,na,Self-employed,Normal,Not a Pedestrian,Driving carelessly,Slight Injury
17:12:00,Wednesday,31-50,Male,Junior high school,Employee,5-10yr,Automobile,Owner,Unknown,No defect,Other,Two-way (divided with broken lines road marking),Tangent road with flat terrain,Crossing,Asphalt roads,Dry,Daylight,Normal,Vehicle with vehicle collision,2,1,Going straight,Driver or rider,Male,31-50,3,Driver,Normal,Not a Pedestrian,No distancing,Slight Injury
20:05:00,Saturday,31-50,Male,Junior high school,Owner,2-5yr,Lorry (41?100Q),Owner,,,Residential areas,Two-way (divided with broken lines road marking),Tangent road with flat terrain,Y Shape,Asphalt roads,Dry,Darkness - lights lit,Normal,Vehicle with vehicle collision,2,2,Moving Backward,Pedestrian,Female,Under 18,3,Driver,Normal,Not a Pedestrian,Moving Backward,Slight Injury
09:40:00,Thursday,Unknown,Female,Junior high school,Employee,Above 10yr,Public (13?45 seats),Owner,Unknown,No defect,Office areas,,Steep grade downward with mountainous terrain,No junction,Asphalt roads,Dry,Daylight,Unknown,Vehicle with vehicle collision,2,1,Going straight,Driver or rider,Male,18-30,2,,,Not a Pedestrian,No priority to vehicle,Serious Injury
17:13:00,Friday,Unknown,Male,Junior high school,Employee,Above 10yr,Public (13?45 seats),Governmental,Unknown,,Other,Double carriageway (median),Tangent road with flat terrain,No junction,Asphalt roads,Dry,Daylight,Normal,Vehicle with vehicle collision,1,1,Going straight,Driver or rider,Male,18-30,3,Driver,Normal,Not a Pedestrian,Overspeed,Serious Injury
19:15:00,Wednesday,31-50,Male,Junior high school,Employee,Above 10yr,Ridden horse,Owner,,No defect,  Recreational areas,Two-way (divided with broken lines road marking),Tangent road with flat terrain,Y Shape,Asphalt roads,Dry,Daylight,Normal,Vehicle with vehicle collision,2,1,Moving Backward,na,na,na,na,Self-employed,Normal,Not a Pedestrian,Changing lane to the right,Slight Injury
15:31:00,Monday,31-50,Male,High school,Employee,5-10yr,Lorry (41?100Q),Owner,1-2yr,No defect,Office areas,Two-way (divided with broken lines road marking),Tangent road with flat terrain,Y Shape,Asphalt roads,Dry,Daylight,Cloudy,Vehicle with vehicle collision,2,1,Going straight,Driver or rider,Male,18-30,3,,,Not a Pedestrian,Moving Backward,Slight Injury
15:45:00,Thursday,Unknown,Male,Junior high school,Employee,2-5yr,Automobile,Owner,,No defect,Residential areas,Two-way (divided with solid lines road marking),Tangent road with flat terrain,No junction,Asphalt roads,Dry,Daylight,Normal,Collision with roadside objects,2,1,Going straight,Passenger,Female,31-50,3,,,Not a Pedestrian,Changing lane to the left,Serious Injury
13:55:00,Tuesday,Unknown,Male,Elementary school,Employee,2-5yr,Ridden horse,Owner,1-2yr,5,Office areas,Undivided Two way,Tangent road with flat terrain,No junction,Asphalt roads,Dry,Daylight,Normal,Vehicle with vehicle collision,2,1,Reversing,Driver or rider,Female,5,3,Driver,Normal,Not a Pedestrian,No distancing,Slight Injury
16:39:00,Friday,18-30,Male,Junior high school,Owner,5-10yr,Automobile,Owner,Unknown,, Industrial areas,Two-way (divided with broken lines road marking),Tangent road with flat terrain,Other,Asphalt roads,Dry,Daylight,Normal,Vehicle with vehicle collision,2,1,Going straight,Passenger,Female,Under 18,3,Other,Normal,Not a Pedestrian,No distancing,Slight Injury
11:04:00,Wednesday,31-50,Male,High school,Employee,5-10yr,Automobile,Owner,2-5yrs,No defect,Office areas,Two-way (divided with broken lines road marking),Tangent road with flat terrain,No junction,Asphalt roads,Dry,Daylight,Normal,Vehicle with vehicle collision,1,2,Going straight,na,na,na,na,,Normal,Not a Pedestrian,Other,Serious Injury
18:25:00,Wednesday,18-30,Male,Junior high school,Employee,Above 10yr,Pick up upto 10Q,Owner,1-2yr,No defect,Office areas,Double carriageway (median),Tangent road with flat terrain,Y Shape,Asphalt roads,Dry,Daylight,Normal,Vehicle with vehicle collision,1,1,Going straight,Driver or rider,Male,18-30,3,Driver,Normal,Not a Pedestrian,Moving Backward,Serious Injury
12:47:00,Sunday,Over 51,Male,Elementary school,Employee,1-2yr,Other,Owner,Unknown,No defect, Industrial areas,Two-way (divided with broken lines road marking),Tangent road with flat terrain,Crossing,Asphalt roads,Dry,Daylight,Normal,Vehicle with vehicle collision,2,1,Going straight,na,na,na,na,,,Not a Pedestrian,Driving carelessly,Slight Injury
10:49:00,Sunday,Unknown,Male,Junior high school,Employee,Below 1yr,Stationwagen,Owner,,,Other,Two-way (divided with broken lines road marking),Tangent road with flat terrain,Y Shape,Asphalt roads,Dry,Daylight,Normal,Vehicle with vehicle collision,2,1,Going straight,Driver or rider,Female,31-50,3,,,Not a Pedestrian,Moving Backward,Slight Injury
17:30:00,Tuesday,18-30,Male,Elementary school,Employee,Above 10yr,Lorry (41?100Q),Owner,Above 10yr,No defect,Other,Undivided Two way,Tangent road with flat terrain,Y Shape,Asphalt roads,Dry,Daylight,Normal,Vehicle with vehicle collision,2,1,Going straight,na,na,na,na,Employee,Normal,Not a Pedestrian,Moving Backward,Slight Injury
15:45:00,Friday,18-30,Male,Junior high school,Employee,Above 10yr,Pick up upto 10Q,Owner,Unknown,No defect,Office areas,Undivided Two way,Tangent road with flat terrain,No junction,Asphalt roads,Dry,Daylight,Normal,Vehicle with vehicle collision,2,2,Reversing,na,na,na,na,Self-employed,Normal,Not a Pedestrian,No priority to vehicle,Slight Injury
19:50:00,Tuesday,Unknown,Female,Junior high school,Employee,5-10yr,,Owner,,,Office areas,Two-way (divided with broken lines road marking),Tangent road with flat terrain,No junction,Asphalt roads,Wet or damp,Darkness - lights lit,Raining,Vehicle with vehicle collision,2,1,Going straight,na,na,na,na,,,Not a Pedestrian,No priority to vehicle,Slight Injury
13:15:00,Friday,31-50,Male,Junior high school,Employee,1-2yr,,Owner,Unknown,No defect,Other,Two-way (divided with broken lines road marking),Tangent road with flat terrain,Crossing,Asphalt roads,Wet or damp,Daylight,Normal,Collision with pedestrians,2,1,Going straight,na,na,na,na,Driver,,Not a Pedestrian,Changing lane to the left,Slight Injury
17:45:00,Sunday,31-50,Male,Junior high school,Employee,2-5yr,Other,Owner,5-10yrs,,Office areas,Undivided Two way,Tangent road with mountainous terrain and,,Asphalt roads,Wet or damp,Darkness - lights lit,Raining,Vehicle with vehicle collision,2,1,Going straight,Driver or rider,Male,31-50,3,Driver,Normal,Not a Pedestrian,Changing lane to the right,Slight Injury
12:15:00,Tuesday,18-30,Male,Junior high school,Owner,2-5yr,Lorry (41?100Q),Owner,,No defect,Other,Undivided Two way,Tangent road with flat terrain,Crossing,Asphalt roads,Dry,Daylight,Normal,Vehicle with vehicle collision,2,1,Going straight,Passenger,Male,Over 51,3,Driver,Normal,Not a Pedestrian,Unknown,Slight Injury
16:00:00,Friday,Under 18,Male,Junior high school,Employee,2-5yr,,Owner,Above 10yr,No defect,Other,Two-way (divided with broken lines road marking),Tangent road with flat terrain,Y Shape,Asphalt roads,Dry,Daylight,Normal,Collision with pedestrians,3,1,Going straight,na,na,na,na,,Normal,Not a Pedestrian,Overtaking,Serious Injury
15:15:00,Tuesday,Unknown,Male,High school,Employee,2-5yr,Automobile,Organization,5-10yrs,No defect, Church areas,Two-way (divided with broken lines road marking),Tangent road with flat terrain,Y Shape,Asphalt roads,Dry,Daylight,Normal,Collision with roadside objects,2,1,Going straight,Driver or rider,Female,31-50,3,,,Not a Pedestrian,Changing lane to the left,Slight Injury
21:55:00,Sunday,18-30,Male,,,,Automobile,Owner,Unknown,,Residential areas,Two-way (divided with broken lines road marking),Tangent road with flat terrain,Crossing,Asphalt roads,Dry,Darkness - lights lit,Normal,Collision with pedestrians,2,1,Going straight,Driver or rider,Female,Over 51,3,,,Not a Pedestrian,Driving carelessly,Slight Injury
05:40:00,Sunday,31-50,Male,Elementary school,Employee,1-2yr,Long lorry,Organization,5-10yrs,No defect, Hospital areas,Undivided Two way,Tangent road with mountainous terrain and,Other,Earth roads,Wet or damp,Darkness - lights lit,Windy,Vehicle with vehicle collision,2,1,Other,na,na,na,na,Employee,Normal,Not a Pedestrian,Moving Backward,Serious Injury
11:16:00,Sunday,18-30,Male,Junior high school,Employee,2-5yr,Public (12 seats),Owner,5-10yrs,, Church areas,One way,Tangent road with flat terrain,No junction,Asphalt roads,Dry,Daylight,Normal,Collision with roadside objects,2,5,,Driver or rider,Male,Under 18,3,Driver,Normal,Not a Pedestrian,Changing lane to the left,Fatal injury
09:25:00,Tuesday,Over 51,Male,Above high school,Employee,2-5yr,Automobile,Owner,,No defect, Outside rural areas,Two-way (divided with broken lines road marking),Escarpments,Crossing,Gravel roads,Dry,Daylight,Normal,Vehicle with vehicle collision,6,1,Going straight,Pedestrian,Male,Over 51,3,Driver,Normal,Not a Pedestrian,Changing lane to the left,Slight Injury
17:25:00,Friday,31-50,Male,High school,Owner,2-5yr,Public (> 45 seats),Owner,5-10yrs,No defect,Office areas,Two-way (divided with broken lines road marking),Tangent road with flat terrain,,Asphalt roads,Dry,Darkness - lights lit,Normal,Collision with pedestrians,1,4,Going straight,Driver or rider,Female,18-30,3,Driver,Normal,Not a Pedestrian,Overloading,Fatal injury
16:36:00,Thursday,31-50,Male,High school,Employee,2-5yr,Automobile,Owner,Unknown,No defect,Residential areas,One way,Tangent road with flat terrain,Y Shape,Asphalt roads,Dry,Daylight,Normal,Vehicle with vehicle collision,2,1,Going straight,Pedestrian,Male,Under 18,3,Employee,Normal,Crossing from driver's nearside,No distancing,Fatal injury
15:45:00,Thursday,31-50,Male,Junior high school,Employee,5-10yr,,Owner,Unknown,No defect,Other,Undivided Two way,Tangent road with flat terrain,No junction,Asphalt roads,Dry,Daylight,Unknown,Vehicle with vehicle collision,2,1,Going straight,na,na,na,na,Self-employed,Normal,Not a Pedestrian,Driving carelessly,Slight Injury
21:55:00,Thursday,31-50,Male,Elementary school,Employee,5-10yr,Lorry (41?100Q),Owner,,No defect,Residential areas,other,Tangent road with flat terrain,Y Shape,Asphalt roads,Dry,Darkness - lights lit,Normal,Vehicle with vehicle collision,1,1,Going straight,Driver or rider,Male,Under 18,3,Self-employed,Normal,Not a Pedestrian,Driving carelessly,Serious Injury
00:10:00,Sunday,18-30,Male,Elementary school,Employee,5-10yr,Pick up upto 10Q,Owner,Above 10yr,No defect,Residential areas,other,Tangent road with flat terrain,,Asphalt roads,Dry,Daylight,Normal,Vehicle with vehicle collision,3,3,Going straight,Driver or rider,Female,18-30,3,Driver,Normal,Not a Pedestrian,Changing lane to the left,Serious Injury
16:30:00,Thursday,Over 51,Male,High school,Employee,2-5yr,Automobile,Owner,,No defect,  Recreational areas,Undivided Two way,Tangent road with flat terrain,No junction,Asphalt roads,Wet or damp,Daylight,Raining,Collision with pedestrians,2,2,Going straight,Pedestrian,Male,Under 18,3,Driver,Normal,Not a Pedestrian,Changing lane to the right,Fatal injury
11:50:00,Friday,Unknown,Male,Junior high school,Employee,Above 10yr,Lorry (41?100Q),Owner,,No defect,Other,Two-way (divided with broken lines road marking),Tangent road with flat terrain,Y Shape,Asphalt roads,Dry,Daylight,Unknown,Vehicle with vehicle collision,2,1,Getting off,Driver or rider,Female,31-50,3,Driver,Normal,Not a Pedestrian,Driving carelessly,Slight Injury
07:40:00,Wednesday,18-30,Male,Above high school,Employee,5-10yr,Other,Owner,,,  Recreational areas,Two-way (divided with broken lines road marking),Tangent road with flat terrain,,Asphalt roads,Dry,Daylight,Normal,Vehicle with vehicle collision,2,1,Stopping,Driver or rider,Female,Over 51,3,Self-employed,Normal,Not a Pedestrian,Changing lane to the left,Slight Injury
01:30:00,Sunday,31-50,Male,Junior high school,Employee,5-10yr,Other,Owner,Unknown,,Other,,Tangent road with flat terrain,Crossing,Asphalt roads,Dry,Darkness - lights lit,Normal,Vehicle with vehicle collision,2,4,Moving Backward,Pedestrian,Male,Under 18,3,Driver,Normal,Not a Pedestrian,Changing lane to the left,Serious Injury
20:10:00,Friday,31-50,Male,Above high school,Employee,5-10yr,Automobile,Owner,,No defect,Other,Two-way (divided with broken lines road marking),Tangent road with flat terrain,No junction,Asphalt roads,Dry,Darkness - lights lit,Normal,Vehicle with vehicle collision,3,1,Going straight,Driver or rider,Male,Under 18,3,,,Not a Pedestrian,Driving carelessly,Slight Injury
15:45:00,Monday,31-50,Male,Junior high school,Employee,Above 10yr,Pick up upto 10Q,Other,Unknown,,Other,Two-way (divided with broken lines road marking),Tangent road with flat terrain,Y Shape,Asphalt roads,Dry,Daylight,Normal,Collision with pedestrians,3,1,Going straight,Driver or rider,Male,31-50,3,Employee,Normal,Not a Pedestrian,Moving Backward,Slight Injury